relative_jpg,requested_utc,returned_utc,offset_seconds,helioviewer_id,jp2_sha256,status,reason
2015/01/02/HMI.m2015.01.02_13.00.00.jpg,2015-01-02T13:00:00Z,,,,,skipped_existing,destination JPEG already exists
2015/01/02/HMI.m2015.01.02_15.00.00.jpg,2015-01-02T15:00:00Z,,,,,skipped_existing,destination JPEG already exists
2015/01/02/HMI.m2015.01.02_21.00.00.jpg,2015-01-02T21:00:00Z,,,,,skipped_existing,destination JPEG already exists
2015/01/03/HMI.m2015.01.03_00.00.00.jpg,2015-01-03T00:00:00Z,,,,,skipped_existing,destination JPEG already exists
2015/01/03/HMI.m2015.01.03_02.00.00.jpg,2015-01-03T02:00:00Z,,,,,skipped_existing,destination JPEG already exists
2015/01/03/HMI.m2015.01.03_05.00.00.jpg,2015-01-03T05:00:00Z,,,,,skipped_existing,destination JPEG already exists
2015/01/03/HMI.m2015.01.03_08.00.00.jpg,2015-01-03T08:00:00Z,,,,,skipped_existing,destination JPEG already exists
2015/01/03/HMI.m2015.01.03_09.00.00.jpg,2015-01-03T09:00:00Z,,,,,skipped_existing,destination JPEG already exists
2015/01/03/HMI.m2015.01.03_11.00.00.jpg,2015-01-03T11:00:00Z,,,,,skipped_existing,destination JPEG already exists
2015/01/03/HMI.m2015.01.03_14.00.00.jpg,2015-01-03T14:00:00Z,,,,,skipped_existing,destination JPEG already exists
2015/01/03/HMI.m2015.01.03_17.00.00.jpg,2015-01-03T17:00:00Z,,,,,skipped_existing,destination JPEG already exists
2015/01/03/HMI.m2015.01.03_19.00.00.jpg,2015-01-03T19:00:00Z,,,,,skipped_existing,destination JPEG already exists
2015/01/03/HMI.m2015.01.03_21.00.00.jpg,2015-01-03T21:00:00Z,,,,,skipped_existing,destination JPEG already exists
2015/01/04/HMI.m2015.01.04_13.00.00.jpg,2015-01-04T13:00:00Z,,,,,skipped_existing,destination JPEG already exists
2015/01/04/HMI.m2015.01.04_14.00.00.jpg,2015-01-04T14:00:00Z,,,,,skipped_existing,destination JPEG already exists
2015/01/04/HMI.m2015.01.04_15.00.00.jpg,2015-01-04T15:00:00Z,,,,,skipped_existing,destination JPEG already exists
2015/01/05/HMI.m2015.01.05_02.00.00.jpg,2015-01-05T02:00:00Z,,,,,skipped_existing,destination JPEG already exists
2015/01/05/HMI.m2015.01.05_19.00.00.jpg,2015-01-05T19:00:00Z,,,,,skipped_existing,destination JPEG already exists
2015/01/07/HMI.m2015.01.07_14.00.00.jpg,2015-01-07T14:00:00Z,,,,,skipped_existing,destination JPEG already exists
2015/01/11/HMI.m2015.01.11_05.00.00.jpg,2015-01-11T05:00:00Z,,,,,skipped_existing,destination JPEG already exists
2015/01/12/HMI.m2015.01.12_09.00.00.jpg,2015-01-12T09:00:00Z,,,,,skipped_existing,destination JPEG already exists
2015/01/12/HMI.m2015.01.12_14.00.00.jpg,2015-01-12T14:00:00Z,,,,,skipped_existing,destination JPEG already exists
2015/01/12/HMI.m2015.01.12_19.00.00.jpg,2015-01-12T19:00:00Z,,,,,skipped_existing,destination JPEG already exists
2015/01/12/HMI.m2015.01.12_21.00.00.jpg,2015-01-12T21:00:00Z,,,,,skipped_existing,destination JPEG already exists
2015/01/13/HMI.m2015.01.13_00.00.00.jpg,2015-01-13T00:00:00Z,,,,,skipped_existing,destination JPEG already exists
2015/01/13/HMI.m2015.01.13_03.00.00.jpg,2015-01-13T03:00:00Z,,,,,skipped_existing,destination JPEG already exists
2015/01/13/HMI.m2015.01.13_04.00.00.jpg,2015-01-13T04:00:00Z,,,,,skipped_existing,destination JPEG already exists
2015/01/13/HMI.m2015.01.13_17.00.00.jpg,2015-01-13T17:00:00Z,,,,,skipped_existing,destination JPEG already exists
2015/01/13/HMI.m2015.01.13_18.00.00.jpg,2015-01-13T18:00:00Z,,,,,skipped_existing,destination JPEG already exists
2015/01/13/HMI.m2015.01.13_21.00.00.jpg,2015-01-13T21:00:00Z,,,,,skipped_existing,destination JPEG already exists
2015/01/14/HMI.m2015.01.14_06.00.00.jpg,2015-01-14T06:00:00Z,,,,,skipped_existing,destination JPEG already exists
2015/01/14/HMI.m2015.01.14_10.00.00.jpg,2015-01-14T10:00:00Z,,,,,skipped_existing,destination JPEG already exists
2015/01/18/HMI.m2015.01.18_17.00.00.jpg,2015-01-18T17:00:00Z,,,,,skipped_existing,destination JPEG already exists
2015/01/19/HMI.m2015.01.19_05.00.00.jpg,2015-01-19T05:00:00Z,,,,,skipped_existing,destination JPEG already exists
2015/01/19/HMI.m2015.01.19_18.00.00.jpg,2015-01-19T18:00:00Z,,,,,skipped_existing,destination JPEG already exists
2015/01/19/HMI.m2015.01.19_23.00.00.jpg,2015-01-19T23:00:00Z,,,,,skipped_existing,destination JPEG already exists
2015/01/20/HMI.m2015.01.20_12.00.00.jpg,2015-01-20T12:00:00Z,,,,,skipped_existing,destination JPEG already exists
2015/01/21/HMI.m2015.01.21_05.00.00.jpg,2015-01-21T05:00:00Z,,,,,skipped_existing,destination JPEG already exists
2015/01/21/HMI.m2015.01.21_11.00.00.jpg,2015-01-21T11:00:00Z,,,,,skipped_existing,destination JPEG already exists
2015/01/21/HMI.m2015.01.21_16.00.00.jpg,2015-01-21T16:00:00Z,,,,,skipped_existing,destination JPEG already exists
2015/01/21/HMI.m2015.01.21_18.00.00.jpg,2015-01-21T18:00:00Z,,,,,skipped_existing,destination JPEG already exists
2015/01/21/HMI.m2015.01.21_19.00.00.jpg,2015-01-21T19:00:00Z,,,,,skipped_existing,destination JPEG already exists
2015/01/21/HMI.m2015.01.21_21.00.00.jpg,2015-01-21T21:00:00Z,,,,,skipped_existing,destination JPEG already exists
2015/01/21/HMI.m2015.01.21_23.00.00.jpg,2015-01-21T23:00:00Z,,,,,skipped_existing,destination JPEG already exists
2015/01/22/HMI.m2015.01.22_00.00.00.jpg,2015-01-22T00:00:00Z,,,,,skipped_existing,destination JPEG already exists
2015/01/22/HMI.m2015.01.22_03.00.00.jpg,2015-01-22T03:00:00Z,,,,,skipped_existing,destination JPEG already exists
2015/01/22/HMI.m2015.01.22_07.00.00.jpg,2015-01-22T07:00:00Z,,,,,skipped_existing,destination JPEG already exists
2015/01/23/HMI.m2015.01.23_09.00.00.jpg,2015-01-23T09:00:00Z,,,,,skipped_existing,destination JPEG already exists
2015/01/23/HMI.m2015.01.23_22.00.00.jpg,2015-01-23T22:00:00Z,,,,,skipped_existing,destination JPEG already exists
2015/01/24/HMI.m2015.01.24_01.00.00.jpg,2015-01-24T01:00:00Z,,,,,skipped_existing,destination JPEG already exists
2015/01/25/HMI.m2015.01.25_18.00.00.jpg,2015-01-25T18:00:00Z,,,,,skipped_existing,destination JPEG already exists
2015/01/26/HMI.m2015.01.26_01.00.00.jpg,2015-01-26T01:00:00Z,,,,,skipped_existing,destination JPEG already exists
2015/01/26/HMI.m2015.01.26_06.00.00.jpg,2015-01-26T06:00:00Z,,,,,skipped_existing,destination JPEG already exists
2015/01/26/HMI.m2015.01.26_07.00.00.jpg,2015-01-26T07:00:00Z,,,,,skipped_existing,destination JPEG already exists
2015/01/26/HMI.m2015.01.26_09.00.00.jpg,2015-01-26T09:00:00Z,,,,,skipped_existing,destination JPEG already exists
2015/01/26/HMI.m2015.01.26_13.00.00.jpg,2015-01-26T13:00:00Z,,,,,skipped_existing,destination JPEG already exists
2015/01/26/HMI.m2015.01.26_16.00.00.jpg,2015-01-26T16:00:00Z,,,,,skipped_existing,destination JPEG already exists
2015/01/27/HMI.m2015.01.27_05.00.00.jpg,2015-01-27T05:00:00Z,,,,,skipped_existing,destination JPEG already exists
2015/01/27/HMI.m2015.01.27_06.00.00.jpg,2015-01-27T06:00:00Z,,,,,skipped_existing,destination JPEG already exists
2015/01/27/HMI.m2015.01.27_07.00.00.jpg,2015-01-27T07:00:00Z,,,,,skipped_existing,destination JPEG already exists
2015/01/27/HMI.m2015.01.27_08.00.00.jpg,2015-01-27T08:00:00Z,,,,,skipped_existing,destination JPEG already exists
2015/01/27/HMI.m2015.01.27_13.00.00.jpg,2015-01-27T13:00:00Z,,,,,skipped_existing,destination JPEG already exists
2015/01/27/HMI.m2015.01.27_14.00.00.jpg,2015-01-27T14:00:00Z,,,,,skipped_existing,destination JPEG already exists
2015/01/27/HMI.m2015.01.27_16.00.00.jpg,2015-01-27T16:00:00Z,,,,,skipped_existing,destination JPEG already exists
2015/01/27/HMI.m2015.01.27_19.00.00.jpg,2015-01-27T19:00:00Z,,,,,skipped_existing,destination JPEG already exists
2015/01/27/HMI.m2015.01.27_20.00.00.jpg,2015-01-27T20:00:00Z,,,,,skipped_existing,destination JPEG already exists
2015/01/28/HMI.m2015.01.28_01.00.00.jpg,2015-01-28T01:00:00Z,,,,,skipped_existing,destination JPEG already exists
2015/01/28/HMI.m2015.01.28_06.00.00.jpg,2015-01-28T06:00:00Z,,,,,skipped_existing,destination JPEG already exists
2015/01/28/HMI.m2015.01.28_09.00.00.jpg,2015-01-28T09:00:00Z,,,,,skipped_existing,destination JPEG already exists
2015/01/28/HMI.m2015.01.28_10.00.00.jpg,2015-01-28T10:00:00Z,,,,,skipped_existing,destination JPEG already exists
2015/01/28/HMI.m2015.01.28_11.00.00.jpg,2015-01-28T11:00:00Z,,,,,skipped_existing,destination JPEG already exists
2015/01/28/HMI.m2015.01.28_16.00.00.jpg,2015-01-28T16:00:00Z,,,,,skipped_existing,destination JPEG already exists
2015/01/28/HMI.m2015.01.28_23.00.00.jpg,2015-01-28T23:00:00Z,,,,,skipped_existing,destination JPEG already exists
2015/01/29/HMI.m2015.01.29_04.00.00.jpg,2015-01-29T04:00:00Z,,,,,skipped_existing,destination JPEG already exists
2015/01/29/HMI.m2015.01.29_06.00.00.jpg,2015-01-29T06:00:00Z,,,,,skipped_existing,destination JPEG already exists
2015/01/29/HMI.m2015.01.29_11.00.00.jpg,2015-01-29T11:00:00Z,,,,,skipped_existing,destination JPEG already exists
2015/01/29/HMI.m2015.01.29_16.00.00.jpg,2015-01-29T16:00:00Z,,,,,skipped_existing,destination JPEG already exists
2015/01/29/HMI.m2015.01.29_20.00.00.jpg,2015-01-29T20:00:00Z,,,,,skipped_existing,destination JPEG already exists
2015/01/30/HMI.m2015.01.30_01.00.00.jpg,2015-01-30T01:00:00Z,,,,,skipped_existing,destination JPEG already exists
2015/01/30/HMI.m2015.01.30_04.00.00.jpg,2015-01-30T04:00:00Z,,,,,skipped_existing,destination JPEG already exists
2015/01/30/HMI.m2015.01.30_06.00.00.jpg,2015-01-30T06:00:00Z,,,,,skipped_existing,destination JPEG already exists
2015/01/30/HMI.m2015.01.30_12.00.00.jpg,2015-01-30T12:00:00Z,,,,,skipped_existing,destination JPEG already exists
2015/01/30/HMI.m2015.01.30_22.00.00.jpg,2015-01-30T22:00:00Z,,,,,skipped_existing,destination JPEG already exists
2015/01/31/HMI.m2015.01.31_19.00.00.jpg,2015-01-31T19:00:00Z,,,,,skipped_existing,destination JPEG already exists
2015/02/01/HMI.m2015.02.01_09.00.00.jpg,2015-02-01T09:00:00Z,,,,,skipped_existing,destination JPEG already exists
2015/02/01/HMI.m2015.02.01_14.00.00.jpg,2015-02-01T14:00:00Z,,,,,skipped_existing,destination JPEG already exists
2015/02/02/HMI.m2015.02.02_01.00.00.jpg,2015-02-02T01:00:00Z,,,,,skipped_existing,destination JPEG already exists
2015/02/02/HMI.m2015.02.02_06.00.00.jpg,2015-02-02T06:00:00Z,,,,,skipped_existing,destination JPEG already exists
2015/02/03/HMI.m2015.02.03_03.00.00.jpg,2015-02-03T03:00:00Z,,,,,skipped_existing,destination JPEG already exists
2015/02/03/HMI.m2015.02.03_04.00.00.jpg,2015-02-03T04:00:00Z,,,,,skipped_existing,destination JPEG already exists
2015/02/03/HMI.m2015.02.03_05.00.00.jpg,2015-02-03T05:00:00Z,,,,,skipped_existing,destination JPEG already exists
2015/02/03/HMI.m2015.02.03_15.00.00.jpg,2015-02-03T15:00:00Z,,,,,skipped_existing,destination JPEG already exists
2015/02/03/HMI.m2015.02.03_16.00.00.jpg,2015-02-03T16:00:00Z,,,,,skipped_existing,destination JPEG already exists
2015/02/03/HMI.m2015.02.03_19.00.00.jpg,2015-02-03T19:00:00Z,,,,,skipped_existing,destination JPEG already exists
2015/02/03/HMI.m2015.02.03_21.00.00.jpg,2015-02-03T21:00:00Z,,,,,skipped_existing,destination JPEG already exists
2015/02/04/HMI.m2015.02.04_02.00.00.jpg,2015-02-04T02:00:00Z,,,,,skipped_existing,destination JPEG already exists
2015/02/04/HMI.m2015.02.04_11.00.00.jpg,2015-02-04T11:00:00Z,,,,,skipped_existing,destination JPEG already exists
2015/02/06/HMI.m2015.02.06_14.00.00.jpg,2015-02-06T14:00:00Z,,,,,skipped_existing,destination JPEG already exists
2015/02/06/HMI.m2015.02.06_21.00.00.jpg,2015-02-06T21:00:00Z,,,,,skipped_existing,destination JPEG already exists
2015/02/07/HMI.m2015.02.07_04.00.00.jpg,2015-02-07T04:00:00Z,,,,,skipped_existing,destination JPEG already exists
2015/02/08/HMI.m2015.02.08_05.00.00.jpg,2015-02-08T05:00:00Z,,,,,skipped_existing,destination JPEG already exists
2015/02/08/HMI.m2015.02.08_07.00.00.jpg,2015-02-08T07:00:00Z,,,,,skipped_existing,destination JPEG already exists
2015/02/08/HMI.m2015.02.08_23.00.00.jpg,2015-02-08T23:00:00Z,,,,,skipped_existing,destination JPEG already exists
2015/02/09/HMI.m2015.02.09_02.00.00.jpg,2015-02-09T02:00:00Z,,,,,skipped_existing,destination JPEG already exists
2015/02/09/HMI.m2015.02.09_10.00.00.jpg,2015-02-09T10:00:00Z,,,,,skipped_existing,destination JPEG already exists
2015/02/09/HMI.m2015.02.09_13.00.00.jpg,2015-02-09T13:00:00Z,,,,,skipped_existing,destination JPEG already exists
2015/02/09/HMI.m2015.02.09_14.00.00.jpg,2015-02-09T14:00:00Z,,,,,skipped_existing,destination JPEG already exists
2015/02/09/HMI.m2015.02.09_17.00.00.jpg,2015-02-09T17:00:00Z,,,,,skipped_existing,destination JPEG already exists
2015/02/09/HMI.m2015.02.09_22.00.00.jpg,2015-02-09T22:00:00Z,,,,,skipped_existing,destination JPEG already exists
2015/02/10/HMI.m2015.02.10_02.00.00.jpg,2015-02-10T02:00:00Z,,,,,skipped_existing,destination JPEG already exists
2015/02/10/HMI.m2015.02.10_15.00.00.jpg,2015-02-10T15:00:00Z,,,,,skipped_existing,destination JPEG already exists
2015/02/10/HMI.m2015.02.10_22.00.00.jpg,2015-02-10T22:00:00Z,,,,,skipped_existing,destination JPEG already exists
2015/02/11/HMI.m2015.02.11_05.00.00.jpg,2015-02-11T05:00:00Z,,,,,skipped_existing,destination JPEG already exists
2015/02/11/HMI.m2015.02.11_23.00.00.jpg,2015-02-11T23:00:00Z,,,,,skipped_existing,destination JPEG already exists
2015/02/13/HMI.m2015.02.13_06.00.00.jpg,2015-02-13T06:00:00Z,,,,,skipped_existing,destination JPEG already exists
2015/02/13/HMI.m2015.02.13_19.00.00.jpg,2015-02-13T19:00:00Z,,,,,skipped_existing,destination JPEG already exists
2015/02/14/HMI.m2015.02.14_10.00.00.jpg,2015-02-14T10:00:00Z,,,,,skipped_existing,destination JPEG already exists
2015/02/15/HMI.m2015.02.15_08.00.00.jpg,2015-02-15T08:00:00Z,,,,,skipped_existing,destination JPEG already exists
2015/02/16/HMI.m2015.02.16_01.00.00.jpg,2015-02-16T01:00:00Z,,,,,skipped_existing,destination JPEG already exists
2015/02/16/HMI.m2015.02.16_07.00.00.jpg,2015-02-16T07:00:00Z,,,,,skipped_existing,destination JPEG already exists
2015/02/16/HMI.m2015.02.16_13.00.00.jpg,2015-02-16T13:00:00Z,,,,,skipped_existing,destination JPEG already exists
2015/02/17/HMI.m2015.02.17_10.00.00.jpg,2015-02-17T10:00:00Z,,,,,skipped_existing,destination JPEG already exists
2015/02/18/HMI.m2015.02.18_23.00.00.jpg,2015-02-18T23:00:00Z,,,,,skipped_existing,destination JPEG already exists
2015/02/19/HMI.m2015.02.19_15.00.00.jpg,2015-02-19T15:00:00Z,,,,,skipped_existing,destination JPEG already exists
2015/02/21/HMI.m2015.02.21_23.00.00.jpg,2015-02-21T23:00:00Z,,,,,skipped_existing,destination JPEG already exists
2015/02/22/HMI.m2015.02.22_07.00.00.jpg,2015-02-22T07:00:00Z,,,,,skipped_existing,destination JPEG already exists
2015/02/23/HMI.m2015.02.23_20.00.00.jpg,2015-02-23T20:00:00Z,,,,,skipped_existing,destination JPEG already exists
2015/02/24/HMI.m2015.02.24_16.00.00.jpg,2015-02-24T16:00:00Z,,,,,skipped_existing,destination JPEG already exists
2015/02/25/HMI.m2015.02.25_08.00.00.jpg,2015-02-25T08:00:00Z,,,,,skipped_existing,destination JPEG already exists
2015/02/25/HMI.m2015.02.25_17.00.00.jpg,2015-02-25T17:00:00Z,,,,,skipped_existing,destination JPEG already exists
2015/02/26/HMI.m2015.02.26_03.00.00.jpg,2015-02-26T03:00:00Z,,,,,skipped_existing,destination JPEG already exists
2015/02/26/HMI.m2015.02.26_05.00.00.jpg,2015-02-26T05:00:00Z,,,,,skipped_existing,destination JPEG already exists
2015/02/26/HMI.m2015.02.26_15.00.00.jpg,2015-02-26T15:00:00Z,,,,,skipped_existing,destination JPEG already exists
2015/02/27/HMI.m2015.02.27_00.00.00.jpg,2015-02-27T00:00:00Z,,,,,skipped_existing,destination JPEG already exists
2015/02/27/HMI.m2015.02.27_02.00.00.jpg,2015-02-27T02:00:00Z,,,,,skipped_existing,destination JPEG already exists
2015/02/28/HMI.m2015.02.28_03.00.00.jpg,2015-02-28T03:00:00Z,,,,,skipped_existing,destination JPEG already exists
2015/02/28/HMI.m2015.02.28_11.00.00.jpg,2015-02-28T11:00:00Z,,,,,skipped_existing,destination JPEG already exists
2015/02/28/HMI.m2015.02.28_13.00.00.jpg,2015-02-28T13:00:00Z,,,,,skipped_existing,destination JPEG already exists
2015/03/01/HMI.m2015.03.01_02.00.00.jpg,2015-03-01T02:00:00Z,,,,,skipped_existing,destination JPEG already exists
2015/03/01/HMI.m2015.03.01_11.00.00.jpg,2015-03-01T11:00:00Z,,,,,skipped_existing,destination JPEG already exists
2015/03/01/HMI.m2015.03.01_12.00.00.jpg,2015-03-01T12:00:00Z,,,,,skipped_existing,destination JPEG already exists
2015/03/01/HMI.m2015.03.01_15.00.00.jpg,2015-03-01T15:00:00Z,,,,,skipped_existing,destination JPEG already exists
2015/03/01/HMI.m2015.03.01_20.00.00.jpg,2015-03-01T20:00:00Z,,,,,skipped_existing,destination JPEG already exists
2015/03/01/HMI.m2015.03.01_22.00.00.jpg,2015-03-01T22:00:00Z,,,,,skipped_existing,destination JPEG already exists
2015/03/02/HMI.m2015.03.02_02.00.00.jpg,2015-03-02T02:00:00Z,,,,,skipped_existing,destination JPEG already exists
2015/03/02/HMI.m2015.03.02_05.00.00.jpg,2015-03-02T05:00:00Z,,,,,skipped_existing,destination JPEG already exists
2015/03/02/HMI.m2015.03.02_06.00.00.jpg,2015-03-02T06:00:00Z,,,,,skipped_existing,destination JPEG already exists
2015/03/02/HMI.m2015.03.02_10.00.00.jpg,2015-03-02T10:00:00Z,,,,,skipped_existing,destination JPEG already exists
2015/03/02/HMI.m2015.03.02_13.00.00.jpg,2015-03-02T13:00:00Z,,,,,skipped_existing,destination JPEG already exists
2015/03/02/HMI.m2015.03.02_18.00.00.jpg,2015-03-02T18:00:00Z,,,,,skipped_existing,destination JPEG already exists
2015/03/02/HMI.m2015.03.02_22.00.00.jpg,2015-03-02T22:00:00Z,,,,,skipped_existing,destination JPEG already exists
2015/03/02/HMI.m2015.03.02_23.00.00.jpg,2015-03-02T23:00:00Z,,,,,skipped_existing,destination JPEG already exists
2015/03/03/HMI.m2015.03.03_23.00.00.jpg,2015-03-03T23:00:00Z,,,,,skipped_existing,destination JPEG already exists
2015/03/04/HMI.m2015.03.04_05.00.00.jpg,2015-03-04T05:00:00Z,,,,,skipped_existing,destination JPEG already exists
2015/03/04/HMI.m2015.03.04_18.00.00.jpg,2015-03-04T18:00:00Z,,,,,skipped_existing,destination JPEG already exists
2015/03/04/HMI.m2015.03.04_22.00.00.jpg,2015-03-04T22:00:00Z,,,,,skipped_existing,destination JPEG already exists
2015/03/04/HMI.m2015.03.04_23.00.00.jpg,2015-03-04T23:00:00Z,,,,,skipped_existing,destination JPEG already exists
2015/03/05/HMI.m2015.03.05_03.00.00.jpg,2015-03-05T03:00:00Z,,,,,skipped_existing,destination JPEG already exists
2015/03/05/HMI.m2015.03.05_06.00.00.jpg,2015-03-05T06:00:00Z,,,,,skipped_existing,destination JPEG already exists
2015/03/05/HMI.m2015.03.05_12.00.00.jpg,2015-03-05T12:00:00Z,,,,,skipped_existing,destination JPEG already exists
2015/03/05/HMI.m2015.03.05_16.00.00.jpg,2015-03-05T16:00:00Z,,,,,skipped_existing,destination JPEG already exists
2015/03/05/HMI.m2015.03.05_17.00.00.jpg,2015-03-05T17:00:00Z,,,,,skipped_existing,destination JPEG already exists
2015/03/05/HMI.m2015.03.05_18.00.00.jpg,2015-03-05T18:00:00Z,,,,,skipped_existing,destination JPEG already exists
2015/03/05/HMI.m2015.03.05_19.00.00.jpg,2015-03-05T19:00:00Z,,,,,skipped_existing,destination JPEG already exists
2015/03/05/HMI.m2015.03.05_20.00.00.jpg,2015-03-05T20:00:00Z,,,,,skipped_existing,destination JPEG already exists
2015/03/05/HMI.m2015.03.05_21.00.00.jpg,2015-03-05T21:00:00Z,,,,,skipped_existing,destination JPEG already exists
2015/03/05/HMI.m2015.03.05_22.00.00.jpg,2015-03-05T22:00:00Z,,,,,skipped_existing,destination JPEG already exists
2015/03/06/HMI.m2015.03.06_01.00.00.jpg,2015-03-06T01:00:00Z,,,,,skipped_existing,destination JPEG already exists
2015/03/06/HMI.m2015.03.06_05.00.00.jpg,2015-03-06T05:00:00Z,,,,,skipped_existing,destination JPEG already exists
2015/03/06/HMI.m2015.03.06_11.00.00.jpg,2015-03-06T11:00:00Z,,,,,skipped_existing,destination JPEG already exists
2015/03/06/HMI.m2015.03.06_23.00.00.jpg,2015-03-06T23:00:00Z,,,,,skipped_existing,destination JPEG already exists
2015/03/07/HMI.m2015.03.07_02.00.00.jpg,2015-03-07T02:00:00Z,,,,,skipped_existing,destination JPEG already exists
2015/03/07/HMI.m2015.03.07_04.00.00.jpg,2015-03-07T04:00:00Z,,,,,skipped_existing,destination JPEG already exists
2015/03/07/HMI.m2015.03.07_05.00.00.jpg,2015-03-07T05:00:00Z,,,,,skipped_existing,destination JPEG already exists
2015/03/07/HMI.m2015.03.07_06.00.00.jpg,2015-03-07T06:00:00Z,,,,,skipped_existing,destination JPEG already exists
2015/03/07/HMI.m2015.03.07_08.00.00.jpg,2015-03-07T08:00:00Z,,,,,skipped_existing,destination JPEG already exists
2015/03/07/HMI.m2015.03.07_09.00.00.jpg,2015-03-07T09:00:00Z,,,,,skipped_existing,destination JPEG already exists
2015/03/07/HMI.m2015.03.07_12.00.00.jpg,2015-03-07T12:00:00Z,,,,,skipped_existing,destination JPEG already exists
2015/03/07/HMI.m2015.03.07_14.00.00.jpg,2015-03-07T14:00:00Z,,,,,skipped_existing,destination JPEG already exists
2015/03/07/HMI.m2015.03.07_15.00.00.jpg,2015-03-07T15:00:00Z,,,,,skipped_existing,destination JPEG already exists
2015/03/07/HMI.m2015.03.07_17.00.00.jpg,2015-03-07T17:00:00Z,,,,,skipped_existing,destination JPEG already exists
2015/03/07/HMI.m2015.03.07_18.00.00.jpg,2015-03-07T18:00:00Z,,,,,skipped_existing,destination JPEG already exists
2015/03/07/HMI.m2015.03.07_19.00.00.jpg,2015-03-07T19:00:00Z,,,,,skipped_existing,destination JPEG already exists
2015/03/08/HMI.m2015.03.08_18.00.00.jpg,2015-03-08T18:00:00Z,,,,,skipped_existing,destination JPEG already exists
2015/03/08/HMI.m2015.03.08_19.00.00.jpg,2015-03-08T19:00:00Z,,,,,skipped_existing,destination JPEG already exists
2015/03/08/HMI.m2015.03.08_22.00.00.jpg,2015-03-08T22:00:00Z,,,,,skipped_existing,destination JPEG already exists
2015/03/08/HMI.m2015.03.08_23.00.00.jpg,2015-03-08T23:00:00Z,,,,,skipped_existing,destination JPEG already exists
2015/03/09/HMI.m2015.03.09_00.00.00.jpg,2015-03-09T00:00:00Z,,,,,skipped_existing,destination JPEG already exists
2015/03/09/HMI.m2015.03.09_01.00.00.jpg,2015-03-09T01:00:00Z,,,,,skipped_existing,destination JPEG already exists
2015/03/09/HMI.m2015.03.09_03.00.00.jpg,2015-03-09T03:00:00Z,,,,,skipped_existing,destination JPEG already exists
2015/03/09/HMI.m2015.03.09_04.00.00.jpg,2015-03-09T04:00:00Z,,,,,skipped_existing,destination JPEG already exists
2015/03/09/HMI.m2015.03.09_09.00.00.jpg,2015-03-09T09:00:00Z,,,,,skipped_existing,destination JPEG already exists
2015/03/09/HMI.m2015.03.09_10.00.00.jpg,2015-03-09T10:00:00Z,,,,,skipped_existing,destination JPEG already exists
2015/03/09/HMI.m2015.03.09_12.00.00.jpg,2015-03-09T12:00:00Z,,,,,skipped_existing,destination JPEG already exists
2015/03/09/HMI.m2015.03.09_15.00.00.jpg,2015-03-09T15:00:00Z,,,,,skipped_existing,destination JPEG already exists
2015/03/09/HMI.m2015.03.09_23.00.00.jpg,2015-03-09T23:00:00Z,,,,,skipped_existing,destination JPEG already exists
2015/03/10/HMI.m2015.03.10_01.00.00.jpg,2015-03-10T01:00:00Z,,,,,skipped_existing,destination JPEG already exists
2015/03/10/HMI.m2015.03.10_05.00.00.jpg,2015-03-10T05:00:00Z,,,,,skipped_existing,destination JPEG already exists
2015/03/10/HMI.m2015.03.10_06.00.00.jpg,2015-03-10T06:00:00Z,,,,,skipped_existing,destination JPEG already exists
2015/03/10/HMI.m2015.03.10_13.00.00.jpg,2015-03-10T13:00:00Z,,,,,skipped_existing,destination JPEG already exists
2015/03/10/HMI.m2015.03.10_14.00.00.jpg,2015-03-10T14:00:00Z,,,,,skipped_existing,destination JPEG already exists
2015/03/10/HMI.m2015.03.10_22.00.00.jpg,2015-03-10T22:00:00Z,,,,,skipped_existing,destination JPEG already exists
2015/03/11/HMI.m2015.03.11_00.00.00.jpg,2015-03-11T00:00:00Z,,,,,skipped_existing,destination JPEG already exists
2015/03/11/HMI.m2015.03.11_05.00.00.jpg,2015-03-11T05:00:00Z,,,,,skipped_existing,destination JPEG already exists
2015/03/11/HMI.m2015.03.11_06.00.00.jpg,2015-03-11T06:00:00Z,,,,,skipped_existing,destination JPEG already exists
2015/03/11/HMI.m2015.03.11_10.00.00.jpg,2015-03-11T10:00:00Z,,,,,skipped_existing,destination JPEG already exists
2015/03/11/HMI.m2015.03.11_20.00.00.jpg,2015-03-11T20:00:00Z,,,,,skipped_existing,destination JPEG already exists
2015/03/11/HMI.m2015.03.11_23.00.00.jpg,2015-03-11T23:00:00Z,,,,,skipped_existing,destination JPEG already exists
2015/03/12/HMI.m2015.03.12_01.00.00.jpg,2015-03-12T01:00:00Z,,,,,skipped_existing,destination JPEG already exists
2015/03/12/HMI.m2015.03.12_05.00.00.jpg,2015-03-12T05:00:00Z,,,,,skipped_existing,destination JPEG already exists
2015/03/12/HMI.m2015.03.12_08.00.00.jpg,2015-03-12T08:00:00Z,,,,,skipped_existing,destination JPEG already exists
2015/03/12/HMI.m2015.03.12_11.00.00.jpg,2015-03-12T11:00:00Z,,,,,skipped_existing,destination JPEG already exists
2015/03/12/HMI.m2015.03.12_13.00.00.jpg,2015-03-12T13:00:00Z,,,,,skipped_existing,destination JPEG already exists
2015/03/12/HMI.m2015.03.12_16.00.00.jpg,2015-03-12T16:00:00Z,,,,,skipped_existing,destination JPEG already exists
2015/03/12/HMI.m2015.03.12_18.00.00.jpg,2015-03-12T18:00:00Z,,,,,skipped_existing,destination JPEG already exists
2015/03/12/HMI.m2015.03.12_22.00.00.jpg,2015-03-12T22:00:00Z,,,,,skipped_existing,destination JPEG already exists
2015/03/13/HMI.m2015.03.13_00.00.00.jpg,2015-03-13T00:00:00Z,,,,,skipped_existing,destination JPEG already exists
2015/03/13/HMI.m2015.03.13_01.00.00.jpg,2015-03-13T01:00:00Z,,,,,skipped_existing,destination JPEG already exists
2015/03/13/HMI.m2015.03.13_03.00.00.jpg,2015-03-13T03:00:00Z,,,,,skipped_existing,destination JPEG already exists
2015/03/13/HMI.m2015.03.13_04.00.00.jpg,2015-03-13T04:00:00Z,,,,,skipped_existing,destination JPEG already exists
2015/03/13/HMI.m2015.03.13_05.00.00.jpg,2015-03-13T05:00:00Z,,,,,skipped_existing,destination JPEG already exists
2015/03/13/HMI.m2015.03.13_08.00.00.jpg,2015-03-13T08:00:00Z,,,,,skipped_existing,destination JPEG already exists
2015/03/13/HMI.m2015.03.13_10.00.00.jpg,2015-03-13T10:00:00Z,,,,,skipped_existing,destination JPEG already exists
2015/03/13/HMI.m2015.03.13_15.00.00.jpg,2015-03-13T15:00:00Z,,,,,skipped_existing,destination JPEG already exists
2015/03/13/HMI.m2015.03.13_16.00.00.jpg,2015-03-13T16:00:00Z,,,,,skipped_existing,destination JPEG already exists
2015/03/13/HMI.m2015.03.13_17.00.00.jpg,2015-03-13T17:00:00Z,,,,,skipped_existing,destination JPEG already exists
2015/03/14/HMI.m2015.03.14_00.00.00.jpg,2015-03-14T00:00:00Z,,,,,skipped_existing,destination JPEG already exists
2015/03/14/HMI.m2015.03.14_01.00.00.jpg,2015-03-14T01:00:00Z,,,,,skipped_existing,destination JPEG already exists
2015/03/14/HMI.m2015.03.14_04.00.00.jpg,2015-03-14T04:00:00Z,,,,,skipped_existing,destination JPEG already exists
2015/03/14/HMI.m2015.03.14_10.00.00.jpg,2015-03-14T10:00:00Z,,,,,skipped_existing,destination JPEG already exists
2015/03/14/HMI.m2015.03.14_14.00.00.jpg,2015-03-14T14:00:00Z,,,,,skipped_existing,destination JPEG already exists
2015/03/14/HMI.m2015.03.14_16.00.00.jpg,2015-03-14T16:00:00Z,,,,,skipped_existing,destination JPEG already exists
2015/03/14/HMI.m2015.03.14_20.00.00.jpg,2015-03-14T20:00:00Z,,,,,skipped_existing,destination JPEG already exists
2015/03/14/HMI.m2015.03.14_22.00.00.jpg,2015-03-14T22:00:00Z,,,,,skipped_existing,destination JPEG already exists
2015/03/14/HMI.m2015.03.14_23.00.00.jpg,2015-03-14T23:00:00Z,,,,,skipped_existing,destination JPEG already exists
2015/03/15/HMI.m2015.03.15_00.00.00.jpg,2015-03-15T00:00:00Z,,,,,skipped_existing,destination JPEG already exists
2015/03/15/HMI.m2015.03.15_04.00.00.jpg,2015-03-15T04:00:00Z,,,,,skipped_existing,destination JPEG already exists
2015/03/15/HMI.m2015.03.15_06.00.00.jpg,2015-03-15T06:00:00Z,,,,,skipped_existing,destination JPEG already exists
2015/03/15/HMI.m2015.03.15_10.00.00.jpg,2015-03-15T10:00:00Z,,,,,skipped_existing,destination JPEG already exists
2015/03/15/HMI.m2015.03.15_11.00.00.jpg,2015-03-15T11:00:00Z,,,,,skipped_existing,destination JPEG already exists
2015/03/15/HMI.m2015.03.15_21.00.00.jpg,2015-03-15T21:00:00Z,,,,,skipped_existing,destination JPEG already exists
2015/03/16/HMI.m2015.03.16_00.00.00.jpg,2015-03-16T00:00:00Z,,,,,skipped_existing,destination JPEG already exists
2015/03/16/HMI.m2015.03.16_01.00.00.jpg,2015-03-16T01:00:00Z,,,,,skipped_existing,destination JPEG already exists
2015/03/16/HMI.m2015.03.16_03.00.00.jpg,2015-03-16T03:00:00Z,,,,,skipped_existing,destination JPEG already exists
2015/03/16/HMI.m2015.03.16_06.00.00.jpg,2015-03-16T06:00:00Z,,,,,skipped_existing,destination JPEG already exists
2015/03/16/HMI.m2015.03.16_08.00.00.jpg,2015-03-16T08:00:00Z,,,,,skipped_existing,destination JPEG already exists
2015/03/17/HMI.m2015.03.17_01.00.00.jpg,2015-03-17T01:00:00Z,,,,,skipped_existing,destination JPEG already exists
2015/03/17/HMI.m2015.03.17_07.00.00.jpg,2015-03-17T07:00:00Z,,,,,skipped_existing,destination JPEG already exists
2015/03/17/HMI.m2015.03.17_14.00.00.jpg,2015-03-17T14:00:00Z,,,,,skipped_existing,destination JPEG already exists
2015/03/17/HMI.m2015.03.17_16.00.00.jpg,2015-03-17T16:00:00Z,,,,,skipped_existing,destination JPEG already exists
2015/03/17/HMI.m2015.03.17_21.00.00.jpg,2015-03-17T21:00:00Z,,,,,skipped_existing,destination JPEG already exists
2015/03/19/HMI.m2015.03.19_03.00.00.jpg,2015-03-19T03:00:00Z,,,,,skipped_existing,destination JPEG already exists
2015/03/21/HMI.m2015.03.21_12.00.00.jpg,2015-03-21T12:00:00Z,,,,,skipped_existing,destination JPEG already exists
2015/03/22/HMI.m2015.03.22_19.00.00.jpg,2015-03-22T19:00:00Z,,,,,skipped_existing,destination JPEG already exists
2015/03/22/HMI.m2015.03.22_21.00.00.jpg,2015-03-22T21:00:00Z,,,,,skipped_existing,destination JPEG already exists
2015/03/23/HMI.m2015.03.23_19.00.00.jpg,2015-03-23T19:00:00Z,,,,,skipped_existing,destination JPEG already exists
2015/03/24/HMI.m2015.03.24_14.00.00.jpg,2015-03-24T14:00:00Z,,,,,skipped_existing,destination JPEG already exists
2015/03/25/HMI.m2015.03.25_09.00.00.jpg,2015-03-25T09:00:00Z,,,,,skipped_existing,destination JPEG already exists
2015/03/26/HMI.m2015.03.26_08.00.00.jpg,2015-03-26T08:00:00Z,,,,,skipped_existing,destination JPEG already exists
2015/03/26/HMI.m2015.03.26_09.00.00.jpg,2015-03-26T09:00:00Z,,,,,skipped_existing,destination JPEG already exists
2015/03/26/HMI.m2015.03.26_16.00.00.jpg,2015-03-26T16:00:00Z,,,,,skipped_existing,destination JPEG already exists
2015/03/28/HMI.m2015.03.28_06.00.00.jpg,2015-03-28T06:00:00Z,,,,,skipped_existing,destination JPEG already exists
2015/03/30/HMI.m2015.03.30_19.00.00.jpg,2015-03-30T19:00:00Z,,,,,skipped_existing,destination JPEG already exists
2015/03/31/HMI.m2015.03.31_10.00.00.jpg,2015-03-31T10:00:00Z,,,,,skipped_existing,destination JPEG already exists
2015/03/31/HMI.m2015.03.31_15.00.00.jpg,2015-03-31T15:00:00Z,,,,,skipped_existing,destination JPEG already exists
2015/04/02/HMI.m2015.04.02_02.00.00.jpg,2015-04-02T02:00:00Z,,,,,skipped_existing,destination JPEG already exists
2015/04/04/HMI.m2015.04.04_11.00.00.jpg,2015-04-04T11:00:00Z,,,,,skipped_existing,destination JPEG already exists
2015/04/05/HMI.m2015.04.05_11.00.00.jpg,2015-04-05T11:00:00Z,,,,,skipped_existing,destination JPEG already exists
2015/04/05/HMI.m2015.04.05_16.00.00.jpg,2015-04-05T16:00:00Z,,,,,skipped_existing,destination JPEG already exists
2015/04/06/HMI.m2015.04.06_01.00.00.jpg,2015-04-06T01:00:00Z,,,,,skipped_existing,destination JPEG already exists
2015/04/06/HMI.m2015.04.06_09.00.00.jpg,2015-04-06T09:00:00Z,,,,,skipped_existing,destination JPEG already exists
2015/04/07/HMI.m2015.04.07_15.00.00.jpg,2015-04-07T15:00:00Z,,,,,skipped_existing,destination JPEG already exists
2015/04/07/HMI.m2015.04.07_16.00.00.jpg,2015-04-07T16:00:00Z,,,,,skipped_existing,destination JPEG already exists
2015/04/07/HMI.m2015.04.07_17.00.00.jpg,2015-04-07T17:00:00Z,,,,,skipped_existing,destination JPEG already exists
2015/04/07/HMI.m2015.04.07_19.00.00.jpg,2015-04-07T19:00:00Z,,,,,skipped_existing,destination JPEG already exists
2015/04/07/HMI.m2015.04.07_20.00.00.jpg,2015-04-07T20:00:00Z,,,,,skipped_existing,destination JPEG already exists
2015/04/07/HMI.m2015.04.07_22.00.00.jpg,2015-04-07T22:00:00Z,,,,,skipped_existing,destination JPEG already exists
2015/04/07/HMI.m2015.04.07_23.00.00.jpg,2015-04-07T23:00:00Z,,,,,skipped_existing,destination JPEG already exists
2015/04/08/HMI.m2015.04.08_00.00.00.jpg,2015-04-08T00:00:00Z,,,,,skipped_existing,destination JPEG already exists
2015/04/08/HMI.m2015.04.08_02.00.00.jpg,2015-04-08T02:00:00Z,,,,,skipped_existing,destination JPEG already exists
2015/04/08/HMI.m2015.04.08_06.00.00.jpg,2015-04-08T06:00:00Z,,,,,skipped_existing,destination JPEG already exists
2015/04/08/HMI.m2015.04.08_08.00.00.jpg,2015-04-08T08:00:00Z,,,,,skipped_existing,destination JPEG already exists
2015/04/08/HMI.m2015.04.08_09.00.00.jpg,2015-04-08T09:00:00Z,,,,,skipped_existing,destination JPEG already exists
2015/04/08/HMI.m2015.04.08_10.00.00.jpg,2015-04-08T10:00:00Z,,,,,skipped_existing,destination JPEG already exists
2015/04/08/HMI.m2015.04.08_12.00.00.jpg,2015-04-08T12:00:00Z,,,,,skipped_existing,destination JPEG already exists
2015/04/08/HMI.m2015.04.08_14.00.00.jpg,2015-04-08T14:00:00Z,,,,,skipped_existing,destination JPEG already exists
2015/04/09/HMI.m2015.04.09_00.00.00.jpg,2015-04-09T00:00:00Z,,,,,skipped_existing,destination JPEG already exists
2015/04/10/HMI.m2015.04.10_05.00.00.jpg,2015-04-10T05:00:00Z,,,,,skipped_existing,destination JPEG already exists
2015/04/10/HMI.m2015.04.10_12.00.00.jpg,2015-04-10T12:00:00Z,,,,,skipped_existing,destination JPEG already exists
2015/04/11/HMI.m2015.04.11_09.00.00.jpg,2015-04-11T09:00:00Z,,,,,skipped_existing,destination JPEG already exists
2015/04/11/HMI.m2015.04.11_12.00.00.jpg,2015-04-11T12:00:00Z,,,,,skipped_existing,destination JPEG already exists
2015/04/11/HMI.m2015.04.11_18.00.00.jpg,2015-04-11T18:00:00Z,,,,,skipped_existing,destination JPEG already exists
2015/04/11/HMI.m2015.04.11_19.00.00.jpg,2015-04-11T19:00:00Z,,,,,skipped_existing,destination JPEG already exists
2015/04/11/HMI.m2015.04.11_21.00.00.jpg,2015-04-11T21:00:00Z,,,,,skipped_existing,destination JPEG already exists
2015/04/11/HMI.m2015.04.11_23.00.00.jpg,2015-04-11T23:00:00Z,,,,,skipped_existing,destination JPEG already exists
2015/04/12/HMI.m2015.04.12_04.00.00.jpg,2015-04-12T04:00:00Z,,,,,skipped_existing,destination JPEG already exists
2015/04/12/HMI.m2015.04.12_05.00.00.jpg,2015-04-12T05:00:00Z,,,,,skipped_existing,destination JPEG already exists
2015/04/12/HMI.m2015.04.12_13.00.00.jpg,2015-04-12T13:00:00Z,,,,,skipped_existing,destination JPEG already exists
2015/04/12/HMI.m2015.04.12_15.00.00.jpg,2015-04-12T15:00:00Z,,,,,skipped_existing,destination JPEG already exists
2015/04/13/HMI.m2015.04.13_22.00.00.jpg,2015-04-13T22:00:00Z,,,,,skipped_existing,destination JPEG already exists
2015/04/14/HMI.m2015.04.14_14.00.00.jpg,2015-04-14T14:00:00Z,,,,,skipped_existing,destination JPEG already exists
2015/04/15/HMI.m2015.04.15_08.00.00.jpg,2015-04-15T08:00:00Z,,,,,skipped_existing,destination JPEG already exists
2015/04/15/HMI.m2015.04.15_12.00.00.jpg,2015-04-15T12:00:00Z,,,,,skipped_existing,destination JPEG already exists
2015/04/16/HMI.m2015.04.16_00.00.00.jpg,2015-04-16T00:00:00Z,,,,,skipped_existing,destination JPEG already exists
2015/04/17/HMI.m2015.04.17_11.00.00.jpg,2015-04-17T11:00:00Z,,,,,skipped_existing,destination JPEG already exists
2015/04/18/HMI.m2015.04.18_16.00.00.jpg,2015-04-18T16:00:00Z,,,,,skipped_existing,destination JPEG already exists
2015/04/20/HMI.m2015.04.20_11.00.00.jpg,2015-04-20T11:00:00Z,,,,,skipped_existing,destination JPEG already exists
2015/04/20/HMI.m2015.04.20_12.00.00.jpg,2015-04-20T12:00:00Z,,,,,skipped_existing,destination JPEG already exists
2015/04/20/HMI.m2015.04.20_14.00.00.jpg,2015-04-20T14:00:00Z,,,,,skipped_existing,destination JPEG already exists
2015/04/20/HMI.m2015.04.20_17.00.00.jpg,2015-04-20T17:00:00Z,,,,,skipped_existing,destination JPEG already exists
2015/04/20/HMI.m2015.04.20_18.00.00.jpg,2015-04-20T18:00:00Z,,,,,skipped_existing,destination JPEG already exists
2015/04/20/HMI.m2015.04.20_19.00.00.jpg,2015-04-20T19:00:00Z,,,,,skipped_existing,destination JPEG already exists
2015/04/20/HMI.m2015.04.20_20.00.00.jpg,2015-04-20T20:00:00Z,,,,,skipped_existing,destination JPEG already exists
2015/04/20/HMI.m2015.04.20_21.00.00.jpg,2015-04-20T21:00:00Z,,,,,skipped_existing,destination JPEG already exists
2015/04/21/HMI.m2015.04.21_00.00.00.jpg,2015-04-21T00:00:00Z,,,,,skipped_existing,destination JPEG already exists
2015/04/21/HMI.m2015.04.21_01.00.00.jpg,2015-04-21T01:00:00Z,,,,,skipped_existing,destination JPEG already exists
2015/04/21/HMI.m2015.04.21_02.00.00.jpg,2015-04-21T02:00:00Z,,,,,skipped_existing,destination JPEG already exists
2015/04/21/HMI.m2015.04.21_06.00.00.jpg,2015-04-21T06:00:00Z,,,,,skipped_existing,destination JPEG already exists
2015/04/21/HMI.m2015.04.21_13.00.00.jpg,2015-04-21T13:00:00Z,,,,,skipped_existing,destination JPEG already exists
2015/04/21/HMI.m2015.04.21_18.00.00.jpg,2015-04-21T18:00:00Z,,,,,skipped_existing,destination JPEG already exists
2015/04/21/HMI.m2015.04.21_23.00.00.jpg,2015-04-21T23:00:00Z,,,,,skipped_existing,destination JPEG already exists
2015/04/22/HMI.m2015.04.22_00.00.00.jpg,2015-04-22T00:00:00Z,,,,,skipped_existing,destination JPEG already exists
2015/04/22/HMI.m2015.04.22_02.00.00.jpg,2015-04-22T02:00:00Z,,,,,skipped_existing,destination JPEG already exists
2015/04/22/HMI.m2015.04.22_08.00.00.jpg,2015-04-22T08:00:00Z,,,,,skipped_existing,destination JPEG already exists
2015/04/22/HMI.m2015.04.22_10.00.00.jpg,2015-04-22T10:00:00Z,,,,,skipped_existing,destination JPEG already exists
2015/04/22/HMI.m2015.04.22_11.00.00.jpg,2015-04-22T11:00:00Z,,,,,skipped_existing,destination JPEG already exists
2015/04/22/HMI.m2015.04.22_15.00.00.jpg,2015-04-22T15:00:00Z,,,,,skipped_existing,destination JPEG already exists
2015/04/22/HMI.m2015.04.22_16.00.00.jpg,2015-04-22T16:00:00Z,,,,,skipped_existing,destination JPEG already exists
2015/04/22/HMI.m2015.04.22_17.00.00.jpg,2015-04-22T17:00:00Z,,,,,skipped_existing,destination JPEG already exists
2015/04/22/HMI.m2015.04.22_20.00.00.jpg,2015-04-22T20:00:00Z,,,,,skipped_existing,destination JPEG already exists
2015/04/22/HMI.m2015.04.22_22.00.00.jpg,2015-04-22T22:00:00Z,,,,,skipped_existing,destination JPEG already exists
2015/04/22/HMI.m2015.04.22_23.00.00.jpg,2015-04-22T23:00:00Z,,,,,skipped_existing,destination JPEG already exists
2015/04/23/HMI.m2015.04.23_04.00.00.jpg,2015-04-23T04:00:00Z,,,,,skipped_existing,destination JPEG already exists
2015/04/23/HMI.m2015.04.23_06.00.00.jpg,2015-04-23T06:00:00Z,,,,,skipped_existing,destination JPEG already exists
2015/04/23/HMI.m2015.04.23_09.00.00.jpg,2015-04-23T09:00:00Z,,,,,skipped_existing,destination JPEG already exists
2015/04/26/HMI.m2015.04.26_14.00.00.jpg,2015-04-26T14:00:00Z,,,,,skipped_existing,destination JPEG already exists
2015/04/27/HMI.m2015.04.27_00.00.00.jpg,2015-04-27T00:00:00Z,,,,,skipped_existing,destination JPEG already exists
2015/04/27/HMI.m2015.04.27_09.00.00.jpg,2015-04-27T09:00:00Z,,,,,skipped_existing,destination JPEG already exists
2015/04/28/HMI.m2015.04.28_18.00.00.jpg,2015-04-28T18:00:00Z,,,,,skipped_existing,destination JPEG already exists
2015/04/30/HMI.m2015.04.30_00.00.00.jpg,2015-04-30T00:00:00Z,,,,,skipped_existing,destination JPEG already exists
2015/04/30/HMI.m2015.04.30_18.00.00.jpg,2015-04-30T18:00:00Z,,,,,skipped_existing,destination JPEG already exists
2015/05/01/HMI.m2015.05.01_02.00.00.jpg,2015-05-01T02:00:00Z,,,,,skipped_existing,destination JPEG already exists
2015/05/01/HMI.m2015.05.01_10.00.00.jpg,2015-05-01T10:00:00Z,,,,,skipped_existing,destination JPEG already exists
2015/05/01/HMI.m2015.05.01_18.00.00.jpg,2015-05-01T18:00:00Z,,,,,skipped_existing,destination JPEG already exists
2015/05/03/HMI.m2015.05.03_16.00.00.jpg,2015-05-03T16:00:00Z,,,,,skipped_existing,destination JPEG already exists
2015/05/04/HMI.m2015.05.04_03.00.00.jpg,2015-05-04T03:00:00Z,,,,,skipped_existing,destination JPEG already exists
2015/05/04/HMI.m2015.05.04_13.00.00.jpg,2015-05-04T13:00:00Z,,,,,skipped_existing,destination JPEG already exists
2015/05/04/HMI.m2015.05.04_17.00.00.jpg,2015-05-04T17:00:00Z,,,,,skipped_existing,destination JPEG already exists
2015/05/04/HMI.m2015.05.04_20.00.00.jpg,2015-05-04T20:00:00Z,,,,,skipped_existing,destination JPEG already exists
2015/05/05/HMI.m2015.05.05_03.00.00.jpg,2015-05-05T03:00:00Z,,,,,skipped_existing,destination JPEG already exists
2015/05/05/HMI.m2015.05.05_13.00.00.jpg,2015-05-05T13:00:00Z,,,,,skipped_existing,destination JPEG already exists
2015/05/05/HMI.m2015.05.05_19.00.00.jpg,2015-05-05T19:00:00Z,,,,,skipped_existing,destination JPEG already exists
2015/05/05/HMI.m2015.05.05_21.00.00.jpg,2015-05-05T21:00:00Z,,,,,skipped_existing,destination JPEG already exists
2015/05/05/HMI.m2015.05.05_22.00.00.jpg,2015-05-05T22:00:00Z,,,,,skipped_existing,destination JPEG already exists
2015/05/06/HMI.m2015.05.06_04.00.00.jpg,2015-05-06T04:00:00Z,,,,,skipped_existing,destination JPEG already exists
2015/05/06/HMI.m2015.05.06_07.00.00.jpg,2015-05-06T07:00:00Z,,,,,skipped_existing,destination JPEG already exists
2015/05/06/HMI.m2015.05.06_09.00.00.jpg,2015-05-06T09:00:00Z,,,,,skipped_existing,destination JPEG already exists
2015/05/06/HMI.m2015.05.06_15.00.00.jpg,2015-05-06T15:00:00Z,,,,,skipped_existing,destination JPEG already exists
2015/05/06/HMI.m2015.05.06_20.00.00.jpg,2015-05-06T20:00:00Z,,,,,skipped_existing,destination JPEG already exists
2015/05/06/HMI.m2015.05.06_21.00.00.jpg,2015-05-06T21:00:00Z,,,,,skipped_existing,destination JPEG already exists
2015/05/08/HMI.m2015.05.08_17.00.00.jpg,2015-05-08T17:00:00Z,,,,,skipped_existing,destination JPEG already exists
2015/05/08/HMI.m2015.05.08_21.00.00.jpg,2015-05-08T21:00:00Z,,,,,skipped_existing,destination JPEG already exists
2015/05/09/HMI.m2015.05.09_12.00.00.jpg,2015-05-09T12:00:00Z,,,,,skipped_existing,destination JPEG already exists
2015/05/09/HMI.m2015.05.09_21.00.00.jpg,2015-05-09T21:00:00Z,,,,,skipped_existing,destination JPEG already exists
2015/05/09/HMI.m2015.05.09_22.00.00.jpg,2015-05-09T22:00:00Z,,,,,skipped_existing,destination JPEG already exists
2015/05/11/HMI.m2015.05.11_06.00.00.jpg,2015-05-11T06:00:00Z,,,,,skipped_existing,destination JPEG already exists
2015/05/11/HMI.m2015.05.11_18.00.00.jpg,2015-05-11T18:00:00Z,,,,,skipped_existing,destination JPEG already exists
2015/05/12/HMI.m2015.05.12_15.00.00.jpg,2015-05-12T15:00:00Z,,,,,skipped_existing,destination JPEG already exists
2015/05/15/HMI.m2015.05.15_16.00.00.jpg,2015-05-15T16:00:00Z,,,,,skipped_existing,destination JPEG already exists
2015/05/15/HMI.m2015.05.15_18.00.00.jpg,2015-05-15T18:00:00Z,,,,,skipped_existing,destination JPEG already exists
2015/05/16/HMI.m2015.05.16_14.00.00.jpg,2015-05-16T14:00:00Z,,,,,skipped_existing,destination JPEG already exists
2015/05/16/HMI.m2015.05.16_15.00.00.jpg,2015-05-16T15:00:00Z,,,,,skipped_existing,destination JPEG already exists
2015/05/16/HMI.m2015.05.16_18.00.00.jpg,2015-05-16T18:00:00Z,,,,,skipped_existing,destination JPEG already exists
2015/05/17/HMI.m2015.05.17_16.00.00.jpg,2015-05-17T16:00:00Z,,,,,skipped_existing,destination JPEG already exists
2015/05/17/HMI.m2015.05.17_20.00.00.jpg,2015-05-17T20:00:00Z,,,,,skipped_existing,destination JPEG already exists
2015/05/20/HMI.m2015.05.20_01.00.00.jpg,2015-05-20T01:00:00Z,,,,,skipped_existing,destination JPEG already exists
2015/05/20/HMI.m2015.05.20_07.00.00.jpg,2015-05-20T07:00:00Z,,,,,skipped_existing,destination JPEG already exists
2015/05/21/HMI.m2015.05.21_22.00.00.jpg,2015-05-21T22:00:00Z,,,,,skipped_existing,destination JPEG already exists
2015/05/22/HMI.m2015.05.22_12.00.00.jpg,2015-05-22T12:00:00Z,,,,,skipped_existing,destination JPEG already exists
2015/05/22/HMI.m2015.05.22_21.00.00.jpg,2015-05-22T21:00:00Z,,,,,skipped_existing,destination JPEG already exists
2015/05/24/HMI.m2015.05.24_09.00.00.jpg,2015-05-24T09:00:00Z,,,,,skipped_existing,destination JPEG already exists
2015/05/24/HMI.m2015.05.24_15.00.00.jpg,2015-05-24T15:00:00Z,,,,,skipped_existing,destination JPEG already exists
2015/05/24/HMI.m2015.05.24_23.00.00.jpg,2015-05-24T23:00:00Z,,,,,skipped_existing,destination JPEG already exists
2015/05/26/HMI.m2015.05.26_05.00.00.jpg,2015-05-26T05:00:00Z,,,,,skipped_existing,destination JPEG already exists
2015/05/27/HMI.m2015.05.27_07.00.00.jpg,2015-05-27T07:00:00Z,,,,,skipped_existing,destination JPEG already exists
2015/05/28/HMI.m2015.05.28_03.00.00.jpg,2015-05-28T03:00:00Z,,,,,skipped_existing,destination JPEG already exists
2015/05/28/HMI.m2015.05.28_05.00.00.jpg,2015-05-28T05:00:00Z,,,,,skipped_existing,destination JPEG already exists
2015/05/28/HMI.m2015.05.28_11.00.00.jpg,2015-05-28T11:00:00Z,,,,,skipped_existing,destination JPEG already exists
2015/05/28/HMI.m2015.05.28_15.00.00.jpg,2015-05-28T15:00:00Z,,,,,skipped_existing,destination JPEG already exists
2015/05/31/HMI.m2015.05.31_01.00.00.jpg,2015-05-31T01:00:00Z,,,,,skipped_existing,destination JPEG already exists
2015/06/02/HMI.m2015.06.02_18.00.00.jpg,2015-06-02T18:00:00Z,,,,,skipped_existing,destination JPEG already exists
2015/06/03/HMI.m2015.06.03_08.00.00.jpg,2015-06-03T08:00:00Z,,,,,skipped_existing,destination JPEG already exists
2015/06/04/HMI.m2015.06.04_17.00.00.jpg,2015-06-04T17:00:00Z,,,,,skipped_existing,destination JPEG already exists
2015/06/05/HMI.m2015.06.05_02.00.00.jpg,2015-06-05T02:00:00Z,,,,,skipped_existing,destination JPEG already exists
2015/06/05/HMI.m2015.06.05_05.00.00.jpg,2015-06-05T05:00:00Z,,,,,skipped_existing,destination JPEG already exists
2015/06/06/HMI.m2015.06.06_12.00.00.jpg,2015-06-06T12:00:00Z,,,,,skipped_existing,destination JPEG already exists
2015/06/07/HMI.m2015.06.07_22.00.00.jpg,2015-06-07T22:00:00Z,,,,,skipped_existing,destination JPEG already exists
2015/06/08/HMI.m2015.06.08_18.00.00.jpg,2015-06-08T18:00:00Z,,,,,skipped_existing,destination JPEG already exists
2015/06/09/HMI.m2015.06.09_13.00.00.jpg,2015-06-09T13:00:00Z,,,,,skipped_existing,destination JPEG already exists
2015/06/10/HMI.m2015.06.10_12.00.00.jpg,2015-06-10T12:00:00Z,,,,,skipped_existing,destination JPEG already exists
2015/06/10/HMI.m2015.06.10_13.00.00.jpg,2015-06-10T13:00:00Z,,,,,skipped_existing,destination JPEG already exists
2015/06/10/HMI.m2015.06.10_14.00.00.jpg,2015-06-10T14:00:00Z,,,,,skipped_existing,destination JPEG already exists
2015/06/10/HMI.m2015.06.10_15.00.00.jpg,2015-06-10T15:00:00Z,,,,,skipped_existing,destination JPEG already exists
2015/06/10/HMI.m2015.06.10_20.00.00.jpg,2015-06-10T20:00:00Z,,,,,skipped_existing,destination JPEG already exists
2015/06/10/HMI.m2015.06.10_21.00.00.jpg,2015-06-10T21:00:00Z,,,,,skipped_existing,destination JPEG already exists
2015/06/10/HMI.m2015.06.10_22.00.00.jpg,2015-06-10T22:00:00Z,,,,,skipped_existing,destination JPEG already exists
2015/06/11/HMI.m2015.06.11_00.00.00.jpg,2015-06-11T00:00:00Z,,,,,skipped_existing,destination JPEG already exists
2015/06/11/HMI.m2015.06.11_04.00.00.jpg,2015-06-11T04:00:00Z,,,,,skipped_existing,destination JPEG already exists
2015/06/11/HMI.m2015.06.11_05.00.00.jpg,2015-06-11T05:00:00Z,,,,,skipped_existing,destination JPEG already exists
2015/06/11/HMI.m2015.06.11_08.00.00.jpg,2015-06-11T08:00:00Z,,,,,skipped_existing,destination JPEG already exists
2015/06/12/HMI.m2015.06.12_08.00.00.jpg,2015-06-12T08:00:00Z,,,,,skipped_existing,destination JPEG already exists
2015/06/12/HMI.m2015.06.12_11.00.00.jpg,2015-06-12T11:00:00Z,,,,,skipped_existing,destination JPEG already exists
2015/06/12/HMI.m2015.06.12_12.00.00.jpg,2015-06-12T12:00:00Z,,,,,skipped_existing,destination JPEG already exists
2015/06/12/HMI.m2015.06.12_14.00.00.jpg,2015-06-12T14:00:00Z,,,,,skipped_existing,destination JPEG already exists
2015/06/12/HMI.m2015.06.12_17.00.00.jpg,2015-06-12T17:00:00Z,,,,,skipped_existing,destination JPEG already exists
2015/06/12/HMI.m2015.06.12_19.00.00.jpg,2015-06-12T19:00:00Z,,,,,skipped_existing,destination JPEG already exists
2015/06/12/HMI.m2015.06.12_20.00.00.jpg,2015-06-12T20:00:00Z,,,,,skipped_existing,destination JPEG already exists
2015/06/12/HMI.m2015.06.12_23.00.00.jpg,2015-06-12T23:00:00Z,,,,,skipped_existing,destination JPEG already exists
2015/06/13/HMI.m2015.06.13_00.00.00.jpg,2015-06-13T00:00:00Z,,,,,skipped_existing,destination JPEG already exists
2015/06/13/HMI.m2015.06.13_02.00.00.jpg,2015-06-13T02:00:00Z,,,,,skipped_existing,destination JPEG already exists
2015/06/13/HMI.m2015.06.13_13.00.00.jpg,2015-06-13T13:00:00Z,,,,,skipped_existing,destination JPEG already exists
2015/06/13/HMI.m2015.06.13_16.00.00.jpg,2015-06-13T16:00:00Z,,,,,skipped_existing,destination JPEG already exists
2015/06/13/HMI.m2015.06.13_19.00.00.jpg,2015-06-13T19:00:00Z,,,,,skipped_existing,destination JPEG already exists
2015/06/13/HMI.m2015.06.13_20.00.00.jpg,2015-06-13T20:00:00Z,,,,,skipped_existing,destination JPEG already exists
2015/06/13/HMI.m2015.06.13_23.00.00.jpg,2015-06-13T23:00:00Z,,,,,skipped_existing,destination JPEG already exists
2015/06/14/HMI.m2015.06.14_00.00.00.jpg,2015-06-14T00:00:00Z,,,,,skipped_existing,destination JPEG already exists
2015/06/14/HMI.m2015.06.14_15.00.00.jpg,2015-06-14T15:00:00Z,,,,,skipped_existing,destination JPEG already exists
2015/06/15/HMI.m2015.06.15_09.00.00.jpg,2015-06-15T09:00:00Z,,,,,skipped_existing,destination JPEG already exists
2015/06/17/HMI.m2015.06.17_01.00.00.jpg,2015-06-17T01:00:00Z,,,,,skipped_existing,destination JPEG already exists
2015/06/17/HMI.m2015.06.17_02.00.00.jpg,2015-06-17T02:00:00Z,,,,,skipped_existing,destination JPEG already exists
2015/06/17/HMI.m2015.06.17_04.00.00.jpg,2015-06-17T04:00:00Z,,,,,skipped_existing,destination JPEG already exists
2015/06/17/HMI.m2015.06.17_06.00.00.jpg,2015-06-17T06:00:00Z,,,,,skipped_existing,destination JPEG already exists
2015/06/17/HMI.m2015.06.17_10.00.00.jpg,2015-06-17T10:00:00Z,,,,,skipped_existing,destination JPEG already exists
2015/06/17/HMI.m2015.06.17_16.00.00.jpg,2015-06-17T16:00:00Z,,,,,skipped_existing,destination JPEG already exists
2015/06/17/HMI.m2015.06.17_17.00.00.jpg,2015-06-17T17:00:00Z,,,,,skipped_existing,destination JPEG already exists
2015/06/17/HMI.m2015.06.17_18.00.00.jpg,2015-06-17T18:00:00Z,,,,,skipped_existing,destination JPEG already exists
2015/06/17/HMI.m2015.06.17_22.00.00.jpg,2015-06-17T22:00:00Z,,,,,skipped_existing,destination JPEG already exists
2015/06/18/HMI.m2015.06.18_00.00.00.jpg,2015-06-18T00:00:00Z,,,,,skipped_existing,destination JPEG already exists
2015/06/18/HMI.m2015.06.18_03.00.00.jpg,2015-06-18T03:00:00Z,,,,,skipped_existing,destination JPEG already exists
2015/06/18/HMI.m2015.06.18_08.00.00.jpg,2015-06-18T08:00:00Z,,,,,skipped_existing,destination JPEG already exists
2015/06/18/HMI.m2015.06.18_09.00.00.jpg,2015-06-18T09:00:00Z,,,,,skipped_existing,destination JPEG already exists
2015/06/18/HMI.m2015.06.18_11.00.00.jpg,2015-06-18T11:00:00Z,,,,,skipped_existing,destination JPEG already exists
2015/06/18/HMI.m2015.06.18_14.00.00.jpg,2015-06-18T14:00:00Z,,,,,skipped_existing,destination JPEG already exists
2015/06/18/HMI.m2015.06.18_16.00.00.jpg,2015-06-18T16:00:00Z,,,,,skipped_existing,destination JPEG already exists
2015/06/19/HMI.m2015.06.19_08.00.00.jpg,2015-06-19T08:00:00Z,,,,,skipped_existing,destination JPEG already exists
2015/06/19/HMI.m2015.06.19_09.00.00.jpg,2015-06-19T09:00:00Z,,,,,skipped_existing,destination JPEG already exists
2015/06/19/HMI.m2015.06.19_12.00.00.jpg,2015-06-19T12:00:00Z,,,,,skipped_existing,destination JPEG already exists
2015/06/19/HMI.m2015.06.19_16.00.00.jpg,2015-06-19T16:00:00Z,,,,,skipped_existing,destination JPEG already exists
2015/06/19/HMI.m2015.06.19_19.00.00.jpg,2015-06-19T19:00:00Z,,,,,skipped_existing,destination JPEG already exists
2015/06/19/HMI.m2015.06.19_23.00.00.jpg,2015-06-19T23:00:00Z,,,,,skipped_existing,destination JPEG already exists
2015/06/20/HMI.m2015.06.20_04.00.00.jpg,2015-06-20T04:00:00Z,,,,,skipped_existing,destination JPEG already exists
2015/06/20/HMI.m2015.06.20_07.00.00.jpg,2015-06-20T07:00:00Z,,,,,skipped_existing,destination JPEG already exists
2015/06/20/HMI.m2015.06.20_09.00.00.jpg,2015-06-20T09:00:00Z,,,,,skipped_existing,destination JPEG already exists
2015/06/20/HMI.m2015.06.20_11.00.00.jpg,2015-06-20T11:00:00Z,,,,,skipped_existing,destination JPEG already exists
2015/06/20/HMI.m2015.06.20_19.00.00.jpg,2015-06-20T19:00:00Z,,,,,skipped_existing,destination JPEG already exists
2015/06/20/HMI.m2015.06.20_21.00.00.jpg,2015-06-20T21:00:00Z,,,,,skipped_existing,destination JPEG already exists
2015/06/21/HMI.m2015.06.21_00.00.00.jpg,2015-06-21T00:00:00Z,,,,,skipped_existing,destination JPEG already exists
2015/06/21/HMI.m2015.06.21_01.00.00.jpg,2015-06-21T01:00:00Z,,,,,skipped_existing,destination JPEG already exists
2015/06/21/HMI.m2015.06.21_03.00.00.jpg,2015-06-21T03:00:00Z,,,,,skipped_existing,destination JPEG already exists
2015/06/21/HMI.m2015.06.21_09.00.00.jpg,2015-06-21T09:00:00Z,,,,,skipped_existing,destination JPEG already exists
2015/06/21/HMI.m2015.06.21_11.00.00.jpg,2015-06-21T11:00:00Z,,,,,skipped_existing,destination JPEG already exists
2015/06/21/HMI.m2015.06.21_16.00.00.jpg,2015-06-21T16:00:00Z,,,,,skipped_existing,destination JPEG already exists
2015/06/21/HMI.m2015.06.21_18.00.00.jpg,2015-06-21T18:00:00Z,,,,,skipped_existing,destination JPEG already exists
2015/06/22/HMI.m2015.06.22_01.00.00.jpg,2015-06-22T01:00:00Z,,,,,skipped_existing,destination JPEG already exists
2015/06/22/HMI.m2015.06.22_03.00.00.jpg,2015-06-22T03:00:00Z,,,,,skipped_existing,destination JPEG already exists
2015/06/22/HMI.m2015.06.22_05.00.00.jpg,2015-06-22T05:00:00Z,,,,,skipped_existing,destination JPEG already exists
2015/06/22/HMI.m2015.06.22_06.00.00.jpg,2015-06-22T06:00:00Z,,,,,skipped_existing,destination JPEG already exists
2015/06/22/HMI.m2015.06.22_09.00.00.jpg,2015-06-22T09:00:00Z,,,,,skipped_existing,destination JPEG already exists
2015/06/22/HMI.m2015.06.22_11.00.00.jpg,2015-06-22T11:00:00Z,,,,,skipped_existing,destination JPEG already exists
2015/06/22/HMI.m2015.06.22_16.00.00.jpg,2015-06-22T16:00:00Z,,,,,skipped_existing,destination JPEG already exists
2015/06/22/HMI.m2015.06.22_17.00.00.jpg,2015-06-22T17:00:00Z,,,,,skipped_existing,destination JPEG already exists
2015/06/23/HMI.m2015.06.23_01.00.00.jpg,2015-06-23T01:00:00Z,,,,,skipped_existing,destination JPEG already exists
2015/06/23/HMI.m2015.06.23_18.00.00.jpg,2015-06-23T18:00:00Z,,,,,skipped_existing,destination JPEG already exists
2015/06/23/HMI.m2015.06.23_22.00.00.jpg,2015-06-23T22:00:00Z,,,,,skipped_existing,destination JPEG already exists
2015/06/24/HMI.m2015.06.24_09.00.00.jpg,2015-06-24T09:00:00Z,,,,,skipped_existing,destination JPEG already exists
2015/06/24/HMI.m2015.06.24_10.00.00.jpg,2015-06-24T10:00:00Z,,,,,skipped_existing,destination JPEG already exists
2015/06/24/HMI.m2015.06.24_11.00.00.jpg,2015-06-24T11:00:00Z,,,,,skipped_existing,destination JPEG already exists
2015/06/24/HMI.m2015.06.24_17.00.00.jpg,2015-06-24T17:00:00Z,,,,,skipped_existing,destination JPEG already exists
2015/06/24/HMI.m2015.06.24_19.00.00.jpg,2015-06-24T19:00:00Z,,,,,skipped_existing,destination JPEG already exists
2015/06/24/HMI.m2015.06.24_20.00.00.jpg,2015-06-24T20:00:00Z,,,,,skipped_existing,destination JPEG already exists
2015/06/24/HMI.m2015.06.24_21.00.00.jpg,2015-06-24T21:00:00Z,,,,,skipped_existing,destination JPEG already exists
2015/06/25/HMI.m2015.06.25_01.00.00.jpg,2015-06-25T01:00:00Z,,,,,skipped_existing,destination JPEG already exists
2015/06/25/HMI.m2015.06.25_03.00.00.jpg,2015-06-25T03:00:00Z,,,,,skipped_existing,destination JPEG already exists
2015/06/25/HMI.m2015.06.25_04.00.00.jpg,2015-06-25T04:00:00Z,,,,,skipped_existing,destination JPEG already exists
2015/06/25/HMI.m2015.06.25_05.00.00.jpg,2015-06-25T05:00:00Z,,,,,skipped_existing,destination JPEG already exists
2015/06/26/HMI.m2015.06.26_13.00.00.jpg,2015-06-26T13:00:00Z,,,,,skipped_existing,destination JPEG already exists
2015/06/27/HMI.m2015.06.27_03.00.00.jpg,2015-06-27T03:00:00Z,,,,,skipped_existing,destination JPEG already exists
2015/06/28/HMI.m2015.06.28_08.00.00.jpg,2015-06-28T08:00:00Z,,,,,skipped_existing,destination JPEG already exists
2015/06/29/HMI.m2015.06.29_03.00.00.jpg,2015-06-29T03:00:00Z,,,,,skipped_existing,destination JPEG already exists
2015/06/30/HMI.m2015.06.30_03.00.00.jpg,2015-06-30T03:00:00Z,,,,,skipped_existing,destination JPEG already exists
2015/07/01/HMI.m2015.07.01_07.00.00.jpg,2015-07-01T07:00:00Z,,,,,skipped_existing,destination JPEG already exists
2015/07/02/HMI.m2015.07.02_11.00.00.jpg,2015-07-02T11:00:00Z,,,,,skipped_existing,destination JPEG already exists
2015/07/02/HMI.m2015.07.02_14.00.00.jpg,2015-07-02T14:00:00Z,,,,,skipped_existing,destination JPEG already exists
2015/07/02/HMI.m2015.07.02_15.00.00.jpg,2015-07-02T15:00:00Z,,,,,skipped_existing,destination JPEG already exists
2015/07/02/HMI.m2015.07.02_17.00.00.jpg,2015-07-02T17:00:00Z,,,,,skipped_existing,destination JPEG already exists
2015/07/02/HMI.m2015.07.02_18.00.00.jpg,2015-07-02T18:00:00Z,,,,,skipped_existing,destination JPEG already exists
2015/07/03/HMI.m2015.07.03_00.00.00.jpg,2015-07-03T00:00:00Z,,,,,skipped_existing,destination JPEG already exists
2015/07/03/HMI.m2015.07.03_04.00.00.jpg,2015-07-03T04:00:00Z,,,,,skipped_existing,destination JPEG already exists
2015/07/03/HMI.m2015.07.03_09.00.00.jpg,2015-07-03T09:00:00Z,,,,,skipped_existing,destination JPEG already exists
2015/07/04/HMI.m2015.07.04_01.00.00.jpg,2015-07-04T01:00:00Z,,,,,skipped_existing,destination JPEG already exists
2015/07/04/HMI.m2015.07.04_18.00.00.jpg,2015-07-04T18:00:00Z,,,,,skipped_existing,destination JPEG already exists
2015/07/05/HMI.m2015.07.05_12.00.00.jpg,2015-07-05T12:00:00Z,,,,,skipped_existing,destination JPEG already exists
2015/07/05/HMI.m2015.07.05_13.00.00.jpg,2015-07-05T13:00:00Z,,,,,skipped_existing,destination JPEG already exists
2015/07/05/HMI.m2015.07.05_14.00.00.jpg,2015-07-05T14:00:00Z,,,,,skipped_existing,destination JPEG already exists
2015/07/05/HMI.m2015.07.05_15.00.00.jpg,2015-07-05T15:00:00Z,,,,,skipped_existing,destination JPEG already exists
2015/07/05/HMI.m2015.07.05_16.00.00.jpg,2015-07-05T16:00:00Z,,,,,skipped_existing,destination JPEG already exists
2015/07/05/HMI.m2015.07.05_19.00.00.jpg,2015-07-05T19:00:00Z,,,,,skipped_existing,destination JPEG already exists
2015/07/05/HMI.m2015.07.05_20.00.00.jpg,2015-07-05T20:00:00Z,,,,,skipped_existing,destination JPEG already exists
2015/07/05/HMI.m2015.07.05_21.00.00.jpg,2015-07-05T21:00:00Z,,,,,skipped_existing,destination JPEG already exists
2015/07/05/HMI.m2015.07.05_23.00.00.jpg,2015-07-05T23:00:00Z,,,,,skipped_existing,destination JPEG already exists
2015/07/06/HMI.m2015.07.06_00.00.00.jpg,2015-07-06T00:00:00Z,,,,,skipped_existing,destination JPEG already exists
2015/07/06/HMI.m2015.07.06_06.00.00.jpg,2015-07-06T06:00:00Z,,,,,skipped_existing,destination JPEG already exists
2015/07/06/HMI.m2015.07.06_07.00.00.jpg,2015-07-06T07:00:00Z,,,,,skipped_existing,destination JPEG already exists
2015/07/06/HMI.m2015.07.06_09.00.00.jpg,2015-07-06T09:00:00Z,,,,,skipped_existing,destination JPEG already exists
2015/07/06/HMI.m2015.07.06_12.00.00.jpg,2015-07-06T12:00:00Z,,,,,skipped_existing,destination JPEG already exists
2015/07/06/HMI.m2015.07.06_13.00.00.jpg,2015-07-06T13:00:00Z,,,,,skipped_existing,destination JPEG already exists
2015/07/06/HMI.m2015.07.06_19.00.00.jpg,2015-07-06T19:00:00Z,,,,,skipped_existing,destination JPEG already exists
2015/07/07/HMI.m2015.07.07_13.00.00.jpg,2015-07-07T13:00:00Z,,,,,skipped_existing,destination JPEG already exists
2015/07/08/HMI.m2015.07.08_03.00.00.jpg,2015-07-08T03:00:00Z,,,,,skipped_existing,destination JPEG already exists
2015/07/08/HMI.m2015.07.08_10.00.00.jpg,2015-07-08T10:00:00Z,,,,,skipped_existing,destination JPEG already exists
2015/07/09/HMI.m2015.07.09_12.00.00.jpg,2015-07-09T12:00:00Z,,,,,skipped_existing,destination JPEG already exists
2015/07/09/HMI.m2015.07.09_19.00.00.jpg,2015-07-09T19:00:00Z,,,,,skipped_existing,destination JPEG already exists
2015/07/10/HMI.m2015.07.10_01.00.00.jpg,2015-07-10T01:00:00Z,,,,,skipped_existing,destination JPEG already exists
2015/07/10/HMI.m2015.07.10_02.00.00.jpg,2015-07-10T02:00:00Z,,,,,skipped_existing,destination JPEG already exists
2015/07/10/HMI.m2015.07.10_19.00.00.jpg,2015-07-10T19:00:00Z,,,,,skipped_existing,destination JPEG already exists
2015/07/11/HMI.m2015.07.11_03.00.00.jpg,2015-07-11T03:00:00Z,,,,,skipped_existing,destination JPEG already exists
2015/07/11/HMI.m2015.07.11_06.00.00.jpg,2015-07-11T06:00:00Z,,,,,skipped_existing,destination JPEG already exists
2015/07/11/HMI.m2015.07.11_15.00.00.jpg,2015-07-11T15:00:00Z,,,,,skipped_existing,destination JPEG already exists
2015/07/12/HMI.m2015.07.12_01.00.00.jpg,2015-07-12T01:00:00Z,,,,,skipped_existing,destination JPEG already exists
2015/07/12/HMI.m2015.07.12_22.00.00.jpg,2015-07-12T22:00:00Z,,,,,skipped_existing,destination JPEG already exists
2015/07/14/HMI.m2015.07.14_06.00.00.jpg,2015-07-14T06:00:00Z,,,,,skipped_existing,destination JPEG already exists
2015/07/14/HMI.m2015.07.14_14.00.00.jpg,2015-07-14T14:00:00Z,,,,,skipped_existing,destination JPEG already exists
2015/07/16/HMI.m2015.07.16_00.00.00.jpg,2015-07-16T00:00:00Z,,,,,skipped_existing,destination JPEG already exists
2015/07/16/HMI.m2015.07.16_04.00.00.jpg,2015-07-16T04:00:00Z,,,,,skipped_existing,destination JPEG already exists
2015/07/17/HMI.m2015.07.17_02.00.00.jpg,2015-07-17T02:00:00Z,,,,,skipped_existing,destination JPEG already exists
2015/07/17/HMI.m2015.07.17_06.00.00.jpg,2015-07-17T06:00:00Z,,,,,skipped_existing,destination JPEG already exists
2015/07/20/HMI.m2015.07.20_15.00.00.jpg,2015-07-20T15:00:00Z,,,,,skipped_existing,destination JPEG already exists
2015/07/22/HMI.m2015.07.22_23.00.00.jpg,2015-07-22T23:00:00Z,,,,,skipped_existing,destination JPEG already exists
2015/07/23/HMI.m2015.07.23_04.00.00.jpg,2015-07-23T04:00:00Z,,,,,skipped_existing,destination JPEG already exists
2015/07/23/HMI.m2015.07.23_07.00.00.jpg,2015-07-23T07:00:00Z,,,,,skipped_existing,destination JPEG already exists
2015/07/24/HMI.m2015.07.24_05.00.00.jpg,2015-07-24T05:00:00Z,,,,,skipped_existing,destination JPEG already exists
2015/07/24/HMI.m2015.07.24_23.00.00.jpg,2015-07-24T23:00:00Z,,,,,skipped_existing,destination JPEG already exists
2015/07/28/HMI.m2015.07.28_16.00.00.jpg,2015-07-28T16:00:00Z,,,,,skipped_existing,destination JPEG already exists
2015/07/29/HMI.m2015.07.29_08.00.00.jpg,2015-07-29T08:00:00Z,,,,,skipped_existing,destination JPEG already exists
2015/07/30/HMI.m2015.07.30_02.00.00.jpg,2015-07-30T02:00:00Z,,,,,skipped_existing,destination JPEG already exists
2015/07/30/HMI.m2015.07.30_14.00.00.jpg,2015-07-30T14:00:00Z,,,,,skipped_existing,destination JPEG already exists
2015/07/30/HMI.m2015.07.30_18.00.00.jpg,2015-07-30T18:00:00Z,,,,,skipped_existing,destination JPEG already exists
2015/07/30/HMI.m2015.07.30_20.00.00.jpg,2015-07-30T20:00:00Z,,,,,skipped_existing,destination JPEG already exists
2015/07/31/HMI.m2015.07.31_15.00.00.jpg,2015-07-31T15:00:00Z,,,,,skipped_existing,destination JPEG already exists
2015/08/01/HMI.m2015.08.01_21.00.00.jpg,2015-08-01T21:00:00Z,,,,,skipped_existing,destination JPEG already exists
2015/08/02/HMI.m2015.08.02_18.00.00.jpg,2015-08-02T18:00:00Z,,,,,skipped_existing,destination JPEG already exists
2015/08/03/HMI.m2015.08.03_22.00.00.jpg,2015-08-03T22:00:00Z,,,,,skipped_existing,destination JPEG already exists
2015/08/04/HMI.m2015.08.04_04.00.00.jpg,2015-08-04T04:00:00Z,,,,,skipped_existing,destination JPEG already exists
2015/08/06/HMI.m2015.08.06_00.00.00.jpg,2015-08-06T00:00:00Z,,,,,skipped_existing,destination JPEG already exists
2015/08/06/HMI.m2015.08.06_01.00.00.jpg,2015-08-06T01:00:00Z,,,,,skipped_existing,destination JPEG already exists
2015/08/06/HMI.m2015.08.06_14.00.00.jpg,2015-08-06T14:00:00Z,,,,,skipped_existing,destination JPEG already exists
2015/08/07/HMI.m2015.08.07_15.00.00.jpg,2015-08-07T15:00:00Z,,,,,skipped_existing,destination JPEG already exists
2015/08/08/HMI.m2015.08.08_11.00.00.jpg,2015-08-08T11:00:00Z,,,,,skipped_existing,destination JPEG already exists
2015/08/08/HMI.m2015.08.08_17.00.00.jpg,2015-08-08T17:00:00Z,,,,,skipped_existing,destination JPEG already exists
2015/08/08/HMI.m2015.08.08_18.00.00.jpg,2015-08-08T18:00:00Z,,,,,skipped_existing,destination JPEG already exists
2015/08/11/HMI.m2015.08.11_03.00.00.jpg,2015-08-11T03:00:00Z,,,,,skipped_existing,destination JPEG already exists
2015/08/11/HMI.m2015.08.11_17.00.00.jpg,2015-08-11T17:00:00Z,,,,,skipped_existing,destination JPEG already exists
2015/08/12/HMI.m2015.08.12_06.00.00.jpg,2015-08-12T06:00:00Z,,,,,skipped_existing,destination JPEG already exists
2015/08/12/HMI.m2015.08.12_16.00.00.jpg,2015-08-12T16:00:00Z,,,,,skipped_existing,destination JPEG already exists
2015/08/13/HMI.m2015.08.13_22.00.00.jpg,2015-08-13T22:00:00Z,,,,,skipped_existing,destination JPEG already exists
2015/08/15/HMI.m2015.08.15_22.00.00.jpg,2015-08-15T22:00:00Z,,,,,skipped_existing,destination JPEG already exists
2015/08/16/HMI.m2015.08.16_03.00.00.jpg,2015-08-16T03:00:00Z,,,,,skipped_existing,destination JPEG already exists
2015/08/17/HMI.m2015.08.17_00.00.00.jpg,2015-08-17T00:00:00Z,,,,,skipped_existing,destination JPEG already exists
2015/08/17/HMI.m2015.08.17_05.00.00.jpg,2015-08-17T05:00:00Z,,,,,skipped_existing,destination JPEG already exists
2015/08/18/HMI.m2015.08.18_09.00.00.jpg,2015-08-18T09:00:00Z,,,,,skipped_existing,destination JPEG already exists
2015/08/18/HMI.m2015.08.18_17.00.00.jpg,2015-08-18T17:00:00Z,,,,,skipped_existing,destination JPEG already exists
2015/08/19/HMI.m2015.08.19_22.00.00.jpg,2015-08-19T22:00:00Z,,,,,skipped_existing,destination JPEG already exists
2015/08/20/HMI.m2015.08.20_07.00.00.jpg,2015-08-20T07:00:00Z,,,,,skipped_existing,destination JPEG already exists
2015/08/20/HMI.m2015.08.20_08.00.00.jpg,2015-08-20T08:00:00Z,,,,,skipped_existing,destination JPEG already exists
2015/08/20/HMI.m2015.08.20_09.00.00.jpg,2015-08-20T09:00:00Z,,,,,skipped_existing,destination JPEG already exists
2015/08/20/HMI.m2015.08.20_10.00.00.jpg,2015-08-20T10:00:00Z,,,,,skipped_existing,destination JPEG already exists
2015/08/20/HMI.m2015.08.20_13.00.00.jpg,2015-08-20T13:00:00Z,,,,,skipped_existing,destination JPEG already exists
2015/08/20/HMI.m2015.08.20_17.00.00.jpg,2015-08-20T17:00:00Z,,,,,skipped_existing,destination JPEG already exists
2015/08/20/HMI.m2015.08.20_19.00.00.jpg,2015-08-20T19:00:00Z,,,,,skipped_existing,destination JPEG already exists
2015/08/20/HMI.m2015.08.20_22.00.00.jpg,2015-08-20T22:00:00Z,,,,,skipped_existing,destination JPEG already exists
2015/08/20/HMI.m2015.08.20_23.00.00.jpg,2015-08-20T23:00:00Z,,,,,skipped_existing,destination JPEG already exists
2015/08/21/HMI.m2015.08.21_04.00.00.jpg,2015-08-21T04:00:00Z,,,,,skipped_existing,destination JPEG already exists
2015/08/21/HMI.m2015.08.21_05.00.00.jpg,2015-08-21T05:00:00Z,,,,,skipped_existing,destination JPEG already exists
2015/08/21/HMI.m2015.08.21_06.00.00.jpg,2015-08-21T06:00:00Z,,,,,skipped_existing,destination JPEG already exists
2015/08/21/HMI.m2015.08.21_09.00.00.jpg,2015-08-21T09:00:00Z,,,,,skipped_existing,destination JPEG already exists
2015/08/21/HMI.m2015.08.21_10.00.00.jpg,2015-08-21T10:00:00Z,,,,,skipped_existing,destination JPEG already exists
2015/08/21/HMI.m2015.08.21_14.00.00.jpg,2015-08-21T14:00:00Z,,,,,skipped_existing,destination JPEG already exists
2015/08/21/HMI.m2015.08.21_16.00.00.jpg,2015-08-21T16:00:00Z,,,,,skipped_existing,destination JPEG already exists
2015/08/21/HMI.m2015.08.21_17.00.00.jpg,2015-08-21T17:00:00Z,,,,,skipped_existing,destination JPEG already exists
2015/08/21/HMI.m2015.08.21_18.00.00.jpg,2015-08-21T18:00:00Z,,,,,skipped_existing,destination JPEG already exists
2015/08/21/HMI.m2015.08.21_19.00.00.jpg,2015-08-21T19:00:00Z,,,,,skipped_existing,destination JPEG already exists
2015/08/21/HMI.m2015.08.21_20.00.00.jpg,2015-08-21T20:00:00Z,,,,,skipped_existing,destination JPEG already exists
2015/08/21/HMI.m2015.08.21_22.00.00.jpg,2015-08-21T22:00:00Z,,,,,skipped_existing,destination JPEG already exists
2015/08/21/HMI.m2015.08.21_23.00.00.jpg,2015-08-21T23:00:00Z,,,,,skipped_existing,destination JPEG already exists
2015/08/22/HMI.m2015.08.22_03.00.00.jpg,2015-08-22T03:00:00Z,,,,,skipped_existing,destination JPEG already exists
2015/08/22/HMI.m2015.08.22_05.00.00.jpg,2015-08-22T05:00:00Z,,,,,skipped_existing,destination JPEG already exists
2015/08/22/HMI.m2015.08.22_07.00.00.jpg,2015-08-22T07:00:00Z,,,,,skipped_existing,destination JPEG already exists
2015/08/22/HMI.m2015.08.22_10.00.00.jpg,2015-08-22T10:00:00Z,,,,,skipped_existing,destination JPEG already exists
2015/08/22/HMI.m2015.08.22_12.00.00.jpg,2015-08-22T12:00:00Z,,,,,skipped_existing,destination JPEG already exists
2015/08/22/HMI.m2015.08.22_16.00.00.jpg,2015-08-22T16:00:00Z,,,,,skipped_existing,destination JPEG already exists
2015/08/22/HMI.m2015.08.22_21.00.00.jpg,2015-08-22T21:00:00Z,,,,,skipped_existing,destination JPEG already exists
2015/08/23/HMI.m2015.08.23_03.00.00.jpg,2015-08-23T03:00:00Z,,,,,skipped_existing,destination JPEG already exists
2015/08/23/HMI.m2015.08.23_09.00.00.jpg,2015-08-23T09:00:00Z,,,,,skipped_existing,destination JPEG already exists
2015/08/23/HMI.m2015.08.23_15.00.00.jpg,2015-08-23T15:00:00Z,,,,,skipped_existing,destination JPEG already exists
2015/08/23/HMI.m2015.08.23_16.00.00.jpg,2015-08-23T16:00:00Z,,,,,skipped_existing,destination JPEG already exists
2015/08/23/HMI.m2015.08.23_19.00.00.jpg,2015-08-23T19:00:00Z,,,,,skipped_existing,destination JPEG already exists
2015/08/24/HMI.m2015.08.24_00.00.00.jpg,2015-08-24T00:00:00Z,,,,,skipped_existing,destination JPEG already exists
2015/08/24/HMI.m2015.08.24_04.00.00.jpg,2015-08-24T04:00:00Z,,,,,skipped_existing,destination JPEG already exists
2015/08/24/HMI.m2015.08.24_05.00.00.jpg,2015-08-24T05:00:00Z,,,,,skipped_existing,destination JPEG already exists
2015/08/24/HMI.m2015.08.24_08.00.00.jpg,2015-08-24T08:00:00Z,,,,,skipped_existing,destination JPEG already exists
2015/08/24/HMI.m2015.08.24_09.00.00.jpg,2015-08-24T09:00:00Z,,,,,skipped_existing,destination JPEG already exists
2015/08/24/HMI.m2015.08.24_10.00.00.jpg,2015-08-24T10:00:00Z,,,,,skipped_existing,destination JPEG already exists
2015/08/24/HMI.m2015.08.24_12.00.00.jpg,2015-08-24T12:00:00Z,,,,,skipped_existing,destination JPEG already exists
2015/08/24/HMI.m2015.08.24_17.00.00.jpg,2015-08-24T17:00:00Z,,,,,skipped_existing,destination JPEG already exists
2015/08/26/HMI.m2015.08.26_06.00.00.jpg,2015-08-26T06:00:00Z,,,,,skipped_existing,destination JPEG already exists
2015/08/26/HMI.m2015.08.26_11.00.00.jpg,2015-08-26T11:00:00Z,,,,,skipped_existing,destination JPEG already exists
2015/08/26/HMI.m2015.08.26_17.00.00.jpg,2015-08-26T17:00:00Z,,,,,skipped_existing,destination JPEG already exists
2015/08/26/HMI.m2015.08.26_18.00.00.jpg,2015-08-26T18:00:00Z,,,,,skipped_existing,destination JPEG already exists
2015/08/26/HMI.m2015.08.26_21.00.00.jpg,2015-08-26T21:00:00Z,,,,,skipped_existing,destination JPEG already exists
2015/08/27/HMI.m2015.08.27_03.00.00.jpg,2015-08-27T03:00:00Z,,,,,skipped_existing,destination JPEG already exists
2015/08/27/HMI.m2015.08.27_04.00.00.jpg,2015-08-27T04:00:00Z,,,,,skipped_existing,destination JPEG already exists
2015/08/27/HMI.m2015.08.27_14.00.00.jpg,2015-08-27T14:00:00Z,,,,,skipped_existing,destination JPEG already exists
2015/08/27/HMI.m2015.08.27_15.00.00.jpg,2015-08-27T15:00:00Z,,,,,skipped_existing,destination JPEG already exists
2015/08/27/HMI.m2015.08.27_16.00.00.jpg,2015-08-27T16:00:00Z,,,,,skipped_existing,destination JPEG already exists
2015/08/27/HMI.m2015.08.27_17.00.00.jpg,2015-08-27T17:00:00Z,,,,,skipped_existing,destination JPEG already exists
2015/08/27/HMI.m2015.08.27_21.00.00.jpg,2015-08-27T21:00:00Z,,,,,skipped_existing,destination JPEG already exists
2015/08/27/HMI.m2015.08.27_22.00.00.jpg,2015-08-27T22:00:00Z,,,,,skipped_existing,destination JPEG already exists
2015/08/28/HMI.m2015.08.28_04.00.00.jpg,2015-08-28T04:00:00Z,,,,,skipped_existing,destination JPEG already exists
2015/08/28/HMI.m2015.08.28_08.00.00.jpg,2015-08-28T08:00:00Z,,,,,skipped_existing,destination JPEG already exists
2015/08/28/HMI.m2015.08.28_09.00.00.jpg,2015-08-28T09:00:00Z,,,,,skipped_existing,destination JPEG already exists
2015/08/28/HMI.m2015.08.28_12.00.00.jpg,2015-08-28T12:00:00Z,,,,,skipped_existing,destination JPEG already exists
2015/08/28/HMI.m2015.08.28_13.00.00.jpg,2015-08-28T13:00:00Z,,,,,skipped_existing,destination JPEG already exists
2015/08/28/HMI.m2015.08.28_14.00.00.jpg,2015-08-28T14:00:00Z,,,,,skipped_existing,destination JPEG already exists
2015/08/28/HMI.m2015.08.28_16.00.00.jpg,2015-08-28T16:00:00Z,,,,,skipped_existing,destination JPEG already exists
2015/08/29/HMI.m2015.08.29_02.00.00.jpg,2015-08-29T02:00:00Z,,,,,skipped_existing,destination JPEG already exists
2015/08/29/HMI.m2015.08.29_03.00.00.jpg,2015-08-29T03:00:00Z,,,,,skipped_existing,destination JPEG already exists
2015/08/29/HMI.m2015.08.29_11.00.00.jpg,2015-08-29T11:00:00Z,,,,,skipped_existing,destination JPEG already exists
2015/08/29/HMI.m2015.08.29_12.00.00.jpg,2015-08-29T12:00:00Z,,,,,skipped_existing,destination JPEG already exists
2015/08/29/HMI.m2015.08.29_13.00.00.jpg,2015-08-29T13:00:00Z,,,,,skipped_existing,destination JPEG already exists
2015/08/29/HMI.m2015.08.29_15.00.00.jpg,2015-08-29T15:00:00Z,,,,,skipped_existing,destination JPEG already exists
2015/08/29/HMI.m2015.08.29_16.00.00.jpg,2015-08-29T16:00:00Z,,,,,skipped_existing,destination JPEG already exists
2015/08/29/HMI.m2015.08.29_17.00.00.jpg,2015-08-29T17:00:00Z,,,,,skipped_existing,destination JPEG already exists
2015/08/30/HMI.m2015.08.30_00.00.00.jpg,2015-08-30T00:00:00Z,,,,,skipped_existing,destination JPEG already exists
2015/08/30/HMI.m2015.08.30_02.00.00.jpg,2015-08-30T02:00:00Z,,,,,skipped_existing,destination JPEG already exists
2015/08/30/HMI.m2015.08.30_05.00.00.jpg,2015-08-30T05:00:00Z,,,,,skipped_existing,destination JPEG already exists
2015/09/01/HMI.m2015.09.01_00.00.00.jpg,2015-09-01T00:00:00Z,,,,,skipped_existing,destination JPEG already exists
2015/09/02/HMI.m2015.09.02_05.00.00.jpg,2015-09-02T05:00:00Z,,,,,skipped_existing,destination JPEG already exists
2015/09/02/HMI.m2015.09.02_06.00.00.jpg,2015-09-02T06:00:00Z,,,,,skipped_existing,destination JPEG already exists
2015/09/03/HMI.m2015.09.03_22.00.00.jpg,2015-09-03T22:00:00Z,,,,,skipped_existing,destination JPEG already exists
2015/09/04/HMI.m2015.09.04_17.00.00.jpg,2015-09-04T17:00:00Z,,,,,skipped_existing,destination JPEG already exists
2015/09/04/HMI.m2015.09.04_18.00.00.jpg,2015-09-04T18:00:00Z,,,,,skipped_existing,destination JPEG already exists
2015/09/04/HMI.m2015.09.04_19.00.00.jpg,2015-09-04T19:00:00Z,,,,,skipped_existing,destination JPEG already exists
2015/09/05/HMI.m2015.09.05_00.00.00.jpg,2015-09-05T00:00:00Z,,,,,skipped_existing,destination JPEG already exists
2015/09/06/HMI.m2015.09.06_14.00.00.jpg,2015-09-06T14:00:00Z,,,,,skipped_existing,destination JPEG already exists
2015/09/06/HMI.m2015.09.06_15.00.00.jpg,2015-09-06T15:00:00Z,,,,,skipped_existing,destination JPEG already exists
2015/09/07/HMI.m2015.09.07_14.00.00.jpg,2015-09-07T14:00:00Z,,,,,skipped_existing,destination JPEG already exists
2015/09/07/HMI.m2015.09.07_23.00.00.jpg,2015-09-07T23:00:00Z,,,,,skipped_existing,destination JPEG already exists
2015/09/08/HMI.m2015.09.08_03.00.00.jpg,2015-09-08T03:00:00Z,,,,,skipped_existing,destination JPEG already exists
2015/09/08/HMI.m2015.09.08_05.00.00.jpg,2015-09-08T05:00:00Z,,,,,skipped_existing,destination JPEG already exists
2015/09/08/HMI.m2015.09.08_17.00.00.jpg,2015-09-08T17:00:00Z,,,,,skipped_existing,destination JPEG already exists
2015/09/11/HMI.m2015.09.11_00.00.00.jpg,2015-09-11T00:00:00Z,,,,,skipped_existing,destination JPEG already exists
2015/09/11/HMI.m2015.09.11_15.00.00.jpg,2015-09-11T15:00:00Z,,,,,skipped_existing,destination JPEG already exists
2015/09/11/HMI.m2015.09.11_22.00.00.jpg,2015-09-11T22:00:00Z,,,,,skipped_existing,destination JPEG already exists
2015/09/12/HMI.m2015.09.12_09.00.00.jpg,2015-09-12T09:00:00Z,,,,,skipped_existing,destination JPEG already exists
2015/09/12/HMI.m2015.09.12_11.00.00.jpg,2015-09-12T11:00:00Z,,,,,skipped_existing,destination JPEG already exists
2015/09/12/HMI.m2015.09.12_17.00.00.jpg,2015-09-12T17:00:00Z,,,,,skipped_existing,destination JPEG already exists
2015/09/12/HMI.m2015.09.12_18.00.00.jpg,2015-09-12T18:00:00Z,,,,,skipped_existing,destination JPEG already exists
2015/09/13/HMI.m2015.09.13_23.00.00.jpg,2015-09-13T23:00:00Z,,,,,skipped_existing,destination JPEG already exists
2015/09/14/HMI.m2015.09.14_05.00.00.jpg,2015-09-14T05:00:00Z,,,,,skipped_existing,destination JPEG already exists
2015/09/14/HMI.m2015.09.14_13.00.00.jpg,2015-09-14T13:00:00Z,,,,,skipped_existing,destination JPEG already exists
2015/09/14/HMI.m2015.09.14_20.00.00.jpg,2015-09-14T20:00:00Z,,,,,skipped_existing,destination JPEG already exists
2015/09/15/HMI.m2015.09.15_05.00.00.jpg,2015-09-15T05:00:00Z,,,,,skipped_existing,destination JPEG already exists
2015/09/15/HMI.m2015.09.15_18.00.00.jpg,2015-09-15T18:00:00Z,,,,,skipped_existing,destination JPEG already exists
2015/09/16/HMI.m2015.09.16_10.00.00.jpg,2015-09-16T10:00:00Z,,,,,skipped_existing,destination JPEG already exists
2015/09/16/HMI.m2015.09.16_12.00.00.jpg,2015-09-16T12:00:00Z,,,,,skipped_existing,destination JPEG already exists
2015/09/16/HMI.m2015.09.16_13.00.00.jpg,2015-09-16T13:00:00Z,,,,,skipped_existing,destination JPEG already exists
2015/09/16/HMI.m2015.09.16_16.00.00.jpg,2015-09-16T16:00:00Z,,,,,skipped_existing,destination JPEG already exists
2015/09/16/HMI.m2015.09.16_17.00.00.jpg,2015-09-16T17:00:00Z,,,,,skipped_existing,destination JPEG already exists
2015/09/16/HMI.m2015.09.16_20.00.00.jpg,2015-09-16T20:00:00Z,,,,,skipped_existing,destination JPEG already exists
2015/09/16/HMI.m2015.09.16_22.00.00.jpg,2015-09-16T22:00:00Z,,,,,skipped_existing,destination JPEG already exists
2015/09/16/HMI.m2015.09.16_23.00.00.jpg,2015-09-16T23:00:00Z,,,,,skipped_existing,destination JPEG already exists
2015/09/17/HMI.m2015.09.17_00.00.00.jpg,2015-09-17T00:00:00Z,,,,,skipped_existing,destination JPEG already exists
2015/09/17/HMI.m2015.09.17_02.00.00.jpg,2015-09-17T02:00:00Z,,,,,skipped_existing,destination JPEG already exists
2015/09/17/HMI.m2015.09.17_04.00.00.jpg,2015-09-17T04:00:00Z,,,,,skipped_existing,destination JPEG already exists
2015/09/17/HMI.m2015.09.17_08.00.00.jpg,2015-09-17T08:00:00Z,,,,,skipped_existing,destination JPEG already exists
2015/09/17/HMI.m2015.09.17_09.00.00.jpg,2015-09-17T09:00:00Z,,,,,skipped_existing,destination JPEG already exists
2015/09/17/HMI.m2015.09.17_15.00.00.jpg,2015-09-17T15:00:00Z,,,,,skipped_existing,destination JPEG already exists
2015/09/17/HMI.m2015.09.17_22.00.00.jpg,2015-09-17T22:00:00Z,,,,,skipped_existing,destination JPEG already exists
2015/09/18/HMI.m2015.09.18_02.00.00.jpg,2015-09-18T02:00:00Z,,,,,skipped_existing,destination JPEG already exists
2015/09/18/HMI.m2015.09.18_23.00.00.jpg,2015-09-18T23:00:00Z,,,,,skipped_existing,destination JPEG already exists
2015/09/19/HMI.m2015.09.19_08.00.00.jpg,2015-09-19T08:00:00Z,,,,,skipped_existing,destination JPEG already exists
2015/09/19/HMI.m2015.09.19_14.00.00.jpg,2015-09-19T14:00:00Z,,,,,skipped_existing,destination JPEG already exists
2015/09/19/HMI.m2015.09.19_15.00.00.jpg,2015-09-19T15:00:00Z,,,,,skipped_existing,destination JPEG already exists
2015/09/19/HMI.m2015.09.19_17.00.00.jpg,2015-09-19T17:00:00Z,,,,,skipped_existing,destination JPEG already exists
2015/09/19/HMI.m2015.09.19_20.00.00.jpg,2015-09-19T20:00:00Z,,,,,skipped_existing,destination JPEG already exists
2015/09/19/HMI.m2015.09.19_23.00.00.jpg,2015-09-19T23:00:00Z,,,,,skipped_existing,destination JPEG already exists
2015/09/20/HMI.m2015.09.20_01.00.00.jpg,2015-09-20T01:00:00Z,,,,,skipped_existing,destination JPEG already exists
2015/09/20/HMI.m2015.09.20_02.00.00.jpg,2015-09-20T02:00:00Z,,,,,skipped_existing,destination JPEG already exists
2015/09/20/HMI.m2015.09.20_04.00.00.jpg,2015-09-20T04:00:00Z,,,,,skipped_existing,destination JPEG already exists
2015/09/20/HMI.m2015.09.20_08.00.00.jpg,2015-09-20T08:00:00Z,,,,,skipped_existing,destination JPEG already exists
2015/09/20/HMI.m2015.09.20_09.00.00.jpg,2015-09-20T09:00:00Z,,,,,skipped_existing,destination JPEG already exists
2015/09/20/HMI.m2015.09.20_14.00.00.jpg,2015-09-20T14:00:00Z,,,,,skipped_existing,destination JPEG already exists
2015/09/20/HMI.m2015.09.20_17.00.00.jpg,2015-09-20T17:00:00Z,,,,,skipped_existing,destination JPEG already exists
2015/09/20/HMI.m2015.09.20_19.00.00.jpg,2015-09-20T19:00:00Z,,,,,skipped_existing,destination JPEG already exists
2015/09/21/HMI.m2015.09.21_06.00.00.jpg,2015-09-21T06:00:00Z,,,,,skipped_existing,destination JPEG already exists
2015/09/21/HMI.m2015.09.21_15.00.00.jpg,2015-09-21T15:00:00Z,,,,,skipped_existing,destination JPEG already exists
2015/09/21/HMI.m2015.09.21_22.00.00.jpg,2015-09-21T22:00:00Z,,,,,skipped_existing,destination JPEG already exists
2015/09/22/HMI.m2015.09.22_14.00.00.jpg,2015-09-22T14:00:00Z,,,,,skipped_existing,destination JPEG already exists
2015/09/23/HMI.m2015.09.23_02.00.00.jpg,2015-09-23T02:00:00Z,,,,,skipped_existing,destination JPEG already exists
2015/09/23/HMI.m2015.09.23_19.00.00.jpg,2015-09-23T19:00:00Z,,,,,skipped_existing,destination JPEG already exists
2015/09/23/HMI.m2015.09.23_23.00.00.jpg,2015-09-23T23:00:00Z,,,,,skipped_existing,destination JPEG already exists
2015/09/25/HMI.m2015.09.25_08.00.00.jpg,2015-09-25T08:00:00Z,,,,,skipped_existing,destination JPEG already exists
2015/09/25/HMI.m2015.09.25_15.00.00.jpg,2015-09-25T15:00:00Z,,,,,skipped_existing,destination JPEG already exists
2015/09/26/HMI.m2015.09.26_11.00.00.jpg,2015-09-26T11:00:00Z,,,,,skipped_existing,destination JPEG already exists
2015/09/26/HMI.m2015.09.26_14.00.00.jpg,2015-09-26T14:00:00Z,,,,,skipped_existing,destination JPEG already exists
2015/09/26/HMI.m2015.09.26_16.00.00.jpg,2015-09-26T16:00:00Z,,,,,skipped_existing,destination JPEG already exists
2015/09/26/HMI.m2015.09.26_17.00.00.jpg,2015-09-26T17:00:00Z,,,,,skipped_existing,destination JPEG already exists
2015/09/26/HMI.m2015.09.26_18.00.00.jpg,2015-09-26T18:00:00Z,,,,,skipped_existing,destination JPEG already exists
2015/09/26/HMI.m2015.09.26_21.00.00.jpg,2015-09-26T21:00:00Z,,,,,skipped_existing,destination JPEG already exists
2015/09/26/HMI.m2015.09.26_23.00.00.jpg,2015-09-26T23:00:00Z,,,,,skipped_existing,destination JPEG already exists
2015/09/27/HMI.m2015.09.27_01.00.00.jpg,2015-09-27T01:00:00Z,,,,,skipped_existing,destination JPEG already exists
2015/09/27/HMI.m2015.09.27_02.00.00.jpg,2015-09-27T02:00:00Z,,,,,skipped_existing,destination JPEG already exists
2015/09/27/HMI.m2015.09.27_03.00.00.jpg,2015-09-27T03:00:00Z,,,,,skipped_existing,destination JPEG already exists
2015/09/27/HMI.m2015.09.27_08.00.00.jpg,2015-09-27T08:00:00Z,,,,,skipped_existing,destination JPEG already exists
2015/09/27/HMI.m2015.09.27_09.00.00.jpg,2015-09-27T09:00:00Z,,,,,skipped_existing,destination JPEG already exists
2015/09/27/HMI.m2015.09.27_14.00.00.jpg,2015-09-27T14:00:00Z,,,,,skipped_existing,destination JPEG already exists
2015/09/27/HMI.m2015.09.27_16.00.00.jpg,2015-09-27T16:00:00Z,,,,,skipped_existing,destination JPEG already exists
2015/09/27/HMI.m2015.09.27_17.00.00.jpg,2015-09-27T17:00:00Z,,,,,skipped_existing,destination JPEG already exists
2015/09/27/HMI.m2015.09.27_18.00.00.jpg,2015-09-27T18:00:00Z,,,,,skipped_existing,destination JPEG already exists
2015/09/27/HMI.m2015.09.27_20.00.00.jpg,2015-09-27T20:00:00Z,,,,,skipped_existing,destination JPEG already exists
2015/09/27/HMI.m2015.09.27_21.00.00.jpg,2015-09-27T21:00:00Z,,,,,skipped_existing,destination JPEG already exists
2015/09/27/HMI.m2015.09.27_22.00.00.jpg,2015-09-27T22:00:00Z,,,,,skipped_existing,destination JPEG already exists
2015/09/28/HMI.m2015.09.28_00.00.00.jpg,2015-09-28T00:00:00Z,,,,,skipped_existing,destination JPEG already exists
2015/09/28/HMI.m2015.09.28_03.00.00.jpg,2015-09-28T03:00:00Z,,,,,skipped_existing,destination JPEG already exists
2015/09/28/HMI.m2015.09.28_04.00.00.jpg,2015-09-28T04:00:00Z,,,,,skipped_existing,destination JPEG already exists
2015/09/28/HMI.m2015.09.28_05.00.00.jpg,2015-09-28T05:00:00Z,,,,,skipped_existing,destination JPEG already exists
2015/09/28/HMI.m2015.09.28_10.00.00.jpg,2015-09-28T10:00:00Z,,,,,skipped_existing,destination JPEG already exists
2015/09/28/HMI.m2015.09.28_12.00.00.jpg,2015-09-28T12:00:00Z,,,,,skipped_existing,destination JPEG already exists
2015/09/28/HMI.m2015.09.28_16.00.00.jpg,2015-09-28T16:00:00Z,,,,,skipped_existing,destination JPEG already exists
2015/09/28/HMI.m2015.09.28_17.00.00.jpg,2015-09-28T17:00:00Z,,,,,skipped_existing,destination JPEG already exists
2015/09/28/HMI.m2015.09.28_22.00.00.jpg,2015-09-28T22:00:00Z,,,,,skipped_existing,destination JPEG already exists
2015/09/29/HMI.m2015.09.29_03.00.00.jpg,2015-09-29T03:00:00Z,,,,,skipped_existing,destination JPEG already exists
2015/09/29/HMI.m2015.09.29_04.00.00.jpg,2015-09-29T04:00:00Z,,,,,skipped_existing,destination JPEG already exists
2015/09/29/HMI.m2015.09.29_07.00.00.jpg,2015-09-29T07:00:00Z,,,,,skipped_existing,destination JPEG already exists
2015/09/29/HMI.m2015.09.29_10.00.00.jpg,2015-09-29T10:00:00Z,,,,,skipped_existing,destination JPEG already exists
2015/09/29/HMI.m2015.09.29_11.00.00.jpg,2015-09-29T11:00:00Z,,,,,skipped_existing,destination JPEG already exists
2015/09/29/HMI.m2015.09.29_14.00.00.jpg,2015-09-29T14:00:00Z,,,,,skipped_existing,destination JPEG already exists
2015/09/29/HMI.m2015.09.29_15.00.00.jpg,2015-09-29T15:00:00Z,,,,,skipped_existing,destination JPEG already exists
2015/09/29/HMI.m2015.09.29_16.00.00.jpg,2015-09-29T16:00:00Z,,,,,skipped_existing,destination JPEG already exists
2015/09/29/HMI.m2015.09.29_17.00.00.jpg,2015-09-29T17:00:00Z,,,,,skipped_existing,destination JPEG already exists
2015/09/29/HMI.m2015.09.29_18.00.00.jpg,2015-09-29T18:00:00Z,,,,,skipped_existing,destination JPEG already exists
2015/09/29/HMI.m2015.09.29_21.00.00.jpg,2015-09-29T21:00:00Z,,,,,skipped_existing,destination JPEG already exists
2015/09/29/HMI.m2015.09.29_22.00.00.jpg,2015-09-29T22:00:00Z,,,,,skipped_existing,destination JPEG already exists
2015/09/30/HMI.m2015.09.30_00.00.00.jpg,2015-09-30T00:00:00Z,,,,,skipped_existing,destination JPEG already exists
2015/09/30/HMI.m2015.09.30_01.00.00.jpg,2015-09-30T01:00:00Z,,,,,skipped_existing,destination JPEG already exists
2015/09/30/HMI.m2015.09.30_04.00.00.jpg,2015-09-30T04:00:00Z,,,,,skipped_existing,destination JPEG already exists
2015/09/30/HMI.m2015.09.30_05.00.00.jpg,2015-09-30T05:00:00Z,,,,,skipped_existing,destination JPEG already exists
2015/09/30/HMI.m2015.09.30_08.00.00.jpg,2015-09-30T08:00:00Z,,,,,skipped_existing,destination JPEG already exists
2015/09/30/HMI.m2015.09.30_10.00.00.jpg,2015-09-30T10:00:00Z,,,,,skipped_existing,destination JPEG already exists
2015/09/30/HMI.m2015.09.30_11.00.00.jpg,2015-09-30T11:00:00Z,,,,,skipped_existing,destination JPEG already exists
2015/09/30/HMI.m2015.09.30_12.00.00.jpg,2015-09-30T12:00:00Z,,,,,skipped_existing,destination JPEG already exists
2015/09/30/HMI.m2015.09.30_14.00.00.jpg,2015-09-30T14:00:00Z,,,,,skipped_existing,destination JPEG already exists
2015/09/30/HMI.m2015.09.30_18.00.00.jpg,2015-09-30T18:00:00Z,,,,,skipped_existing,destination JPEG already exists
2015/09/30/HMI.m2015.09.30_20.00.00.jpg,2015-09-30T20:00:00Z,,,,,skipped_existing,destination JPEG already exists
2015/09/30/HMI.m2015.09.30_23.00.00.jpg,2015-09-30T23:00:00Z,,,,,skipped_existing,destination JPEG already exists
2015/10/01/HMI.m2015.10.01_00.00.00.jpg,2015-10-01T00:00:00Z,,,,,skipped_existing,destination JPEG already exists
2015/10/01/HMI.m2015.10.01_02.00.00.jpg,2015-10-01T02:00:00Z,,,,,skipped_existing,destination JPEG already exists
2015/10/01/HMI.m2015.10.01_04.00.00.jpg,2015-10-01T04:00:00Z,,,,,skipped_existing,destination JPEG already exists
2015/10/01/HMI.m2015.10.01_06.00.00.jpg,2015-10-01T06:00:00Z,,,,,skipped_existing,destination JPEG already exists
2015/10/01/HMI.m2015.10.01_08.00.00.jpg,2015-10-01T08:00:00Z,,,,,skipped_existing,destination JPEG already exists
2015/10/01/HMI.m2015.10.01_09.00.00.jpg,2015-10-01T09:00:00Z,,,,,skipped_existing,destination JPEG already exists
2015/10/01/HMI.m2015.10.01_10.00.00.jpg,2015-10-01T10:00:00Z,,,,,skipped_existing,destination JPEG already exists
2015/10/01/HMI.m2015.10.01_11.00.00.jpg,2015-10-01T11:00:00Z,,,,,skipped_existing,destination JPEG already exists
2015/10/01/HMI.m2015.10.01_13.00.00.jpg,2015-10-01T13:00:00Z,,,,,skipped_existing,destination JPEG already exists
2015/10/01/HMI.m2015.10.01_14.00.00.jpg,2015-10-01T14:00:00Z,,,,,skipped_existing,destination JPEG already exists
2015/10/01/HMI.m2015.10.01_15.00.00.jpg,2015-10-01T15:00:00Z,,,,,skipped_existing,destination JPEG already exists
2015/10/02/HMI.m2015.10.02_12.00.00.jpg,2015-10-02T12:00:00Z,,,,,skipped_existing,destination JPEG already exists
2015/10/02/HMI.m2015.10.02_14.00.00.jpg,2015-10-02T14:00:00Z,,,,,skipped_existing,destination JPEG already exists
2015/10/02/HMI.m2015.10.02_17.00.00.jpg,2015-10-02T17:00:00Z,,,,,skipped_existing,destination JPEG already exists
2015/10/02/HMI.m2015.10.02_23.00.00.jpg,2015-10-02T23:00:00Z,,,,,skipped_existing,destination JPEG already exists
2015/10/03/HMI.m2015.10.03_03.00.00.jpg,2015-10-03T03:00:00Z,,,,,skipped_existing,destination JPEG already exists
2015/10/03/HMI.m2015.10.03_04.00.00.jpg,2015-10-03T04:00:00Z,,,,,skipped_existing,destination JPEG already exists
2015/10/03/HMI.m2015.10.03_06.00.00.jpg,2015-10-03T06:00:00Z,,,,,skipped_existing,destination JPEG already exists
2015/10/03/HMI.m2015.10.03_10.00.00.jpg,2015-10-03T10:00:00Z,,,,,skipped_existing,destination JPEG already exists
2015/10/03/HMI.m2015.10.03_11.00.00.jpg,2015-10-03T11:00:00Z,,,,,skipped_existing,destination JPEG already exists
2015/10/03/HMI.m2015.10.03_13.00.00.jpg,2015-10-03T13:00:00Z,,,,,skipped_existing,destination JPEG already exists
2015/10/03/HMI.m2015.10.03_16.00.00.jpg,2015-10-03T16:00:00Z,,,,,skipped_existing,destination JPEG already exists
2015/10/03/HMI.m2015.10.03_19.00.00.jpg,2015-10-03T19:00:00Z,,,,,skipped_existing,destination JPEG already exists
2015/10/04/HMI.m2015.10.04_01.00.00.jpg,2015-10-04T01:00:00Z,,,,,skipped_existing,destination JPEG already exists
2015/10/06/HMI.m2015.10.06_03.00.00.jpg,2015-10-06T03:00:00Z,,,,,skipped_existing,destination JPEG already exists
2015/10/07/HMI.m2015.10.07_17.00.00.jpg,2015-10-07T17:00:00Z,,,,,skipped_existing,destination JPEG already exists
2015/10/10/HMI.m2015.10.10_03.00.00.jpg,2015-10-10T03:00:00Z,,,,,skipped_existing,destination JPEG already exists
2015/10/11/HMI.m2015.10.11_04.00.00.jpg,2015-10-11T04:00:00Z,,,,,skipped_existing,destination JPEG already exists
2015/10/11/HMI.m2015.10.11_06.00.00.jpg,2015-10-11T06:00:00Z,,,,,skipped_existing,destination JPEG already exists
2015/10/11/HMI.m2015.10.11_12.00.00.jpg,2015-10-11T12:00:00Z,,,,,skipped_existing,destination JPEG already exists
2015/10/12/HMI.m2015.10.12_20.00.00.jpg,2015-10-12T20:00:00Z,,,,,skipped_existing,destination JPEG already exists
2015/10/14/HMI.m2015.10.14_18.00.00.jpg,2015-10-14T18:00:00Z,,,,,skipped_existing,destination JPEG already exists
2015/10/15/HMI.m2015.10.15_00.00.00.jpg,2015-10-15T00:00:00Z,,,,,skipped_existing,destination JPEG already exists
2015/10/15/HMI.m2015.10.15_02.00.00.jpg,2015-10-15T02:00:00Z,,,,,skipped_existing,destination JPEG already exists
2015/10/15/HMI.m2015.10.15_05.00.00.jpg,2015-10-15T05:00:00Z,,,,,skipped_existing,destination JPEG already exists
2015/10/15/HMI.m2015.10.15_06.00.00.jpg,2015-10-15T06:00:00Z,,,,,skipped_existing,destination JPEG already exists
2015/10/15/HMI.m2015.10.15_07.00.00.jpg,2015-10-15T07:00:00Z,,,,,skipped_existing,destination JPEG already exists
2015/10/15/HMI.m2015.10.15_08.00.00.jpg,2015-10-15T08:00:00Z,,,,,skipped_existing,destination JPEG already exists
2015/10/15/HMI.m2015.10.15_12.00.00.jpg,2015-10-15T12:00:00Z,,,,,skipped_existing,destination JPEG already exists
2015/10/15/HMI.m2015.10.15_14.00.00.jpg,2015-10-15T14:00:00Z,,,,,skipped_existing,destination JPEG already exists
2015/10/15/HMI.m2015.10.15_15.00.00.jpg,2015-10-15T15:00:00Z,,,,,skipped_existing,destination JPEG already exists
2015/10/15/HMI.m2015.10.15_16.00.00.jpg,2015-10-15T16:00:00Z,,,,,skipped_existing,destination JPEG already exists
2015/10/16/HMI.m2015.10.16_00.00.00.jpg,2015-10-16T00:00:00Z,,,,,skipped_existing,destination JPEG already exists
2015/10/16/HMI.m2015.10.16_01.00.00.jpg,2015-10-16T01:00:00Z,,,,,skipped_existing,destination JPEG already exists
2015/10/16/HMI.m2015.10.16_02.00.00.jpg,2015-10-16T02:00:00Z,,,,,skipped_existing,destination JPEG already exists
2015/10/16/HMI.m2015.10.16_03.00.00.jpg,2015-10-16T03:00:00Z,,,,,skipped_existing,destination JPEG already exists
2015/10/16/HMI.m2015.10.16_05.00.00.jpg,2015-10-16T05:00:00Z,,,,,skipped_existing,destination JPEG already exists
2015/10/16/HMI.m2015.10.16_21.00.00.jpg,2015-10-16T21:00:00Z,,,,,skipped_existing,destination JPEG already exists
2015/10/16/HMI.m2015.10.16_22.00.00.jpg,2015-10-16T22:00:00Z,,,,,skipped_existing,destination JPEG already exists
2015/10/17/HMI.m2015.10.17_06.00.00.jpg,2015-10-17T06:00:00Z,,,,,skipped_existing,destination JPEG already exists
2015/10/17/HMI.m2015.10.17_09.00.00.jpg,2015-10-17T09:00:00Z,,,,,skipped_existing,destination JPEG already exists
2015/10/17/HMI.m2015.10.17_14.00.00.jpg,2015-10-17T14:00:00Z,,,,,skipped_existing,destination JPEG already exists
2015/10/17/HMI.m2015.10.17_16.00.00.jpg,2015-10-17T16:00:00Z,,,,,skipped_existing,destination JPEG already exists
2015/10/17/HMI.m2015.10.17_18.00.00.jpg,2015-10-17T18:00:00Z,,,,,skipped_existing,destination JPEG already exists
2015/10/18/HMI.m2015.10.18_15.00.00.jpg,2015-10-18T15:00:00Z,,,,,skipped_existing,destination JPEG already exists
2015/10/22/HMI.m2015.10.22_18.00.00.jpg,2015-10-22T18:00:00Z,,,,,skipped_existing,destination JPEG already exists
2015/10/23/HMI.m2015.10.23_03.00.00.jpg,2015-10-23T03:00:00Z,,,,,skipped_existing,destination JPEG already exists
2015/10/23/HMI.m2015.10.23_08.00.00.jpg,2015-10-23T08:00:00Z,,,,,skipped_existing,destination JPEG already exists
2015/10/23/HMI.m2015.10.23_21.00.00.jpg,2015-10-23T21:00:00Z,,,,,skipped_existing,destination JPEG already exists
2015/10/24/HMI.m2015.10.24_09.00.00.jpg,2015-10-24T09:00:00Z,,,,,skipped_existing,destination JPEG already exists
2015/10/24/HMI.m2015.10.24_17.00.00.jpg,2015-10-24T17:00:00Z,,,,,skipped_existing,destination JPEG already exists
2015/10/25/HMI.m2015.10.25_03.00.00.jpg,2015-10-25T03:00:00Z,,,,,skipped_existing,destination JPEG already exists
2015/10/25/HMI.m2015.10.25_05.00.00.jpg,2015-10-25T05:00:00Z,,,,,skipped_existing,destination JPEG already exists
2015/10/26/HMI.m2015.10.26_05.00.00.jpg,2015-10-26T05:00:00Z,,,,,skipped_existing,destination JPEG already exists
2015/10/26/HMI.m2015.10.26_08.00.00.jpg,2015-10-26T08:00:00Z,,,,,skipped_existing,destination JPEG already exists
2015/10/27/HMI.m2015.10.27_18.00.00.jpg,2015-10-27T18:00:00Z,,,,,skipped_existing,destination JPEG already exists
2015/10/28/HMI.m2015.10.28_09.00.00.jpg,2015-10-28T09:00:00Z,,,,,skipped_existing,destination JPEG already exists
2015/10/30/HMI.m2015.10.30_10.00.00.jpg,2015-10-30T10:00:00Z,,,,,skipped_existing,destination JPEG already exists
2015/10/30/HMI.m2015.10.30_22.00.00.jpg,2015-10-30T22:00:00Z,,,,,skipped_existing,destination JPEG already exists
2015/10/30/HMI.m2015.10.30_23.00.00.jpg,2015-10-30T23:00:00Z,,,,,skipped_existing,destination JPEG already exists
2015/10/31/HMI.m2015.10.31_02.00.00.jpg,2015-10-31T02:00:00Z,,,,,skipped_existing,destination JPEG already exists
2015/10/31/HMI.m2015.10.31_03.00.00.jpg,2015-10-31T03:00:00Z,,,,,skipped_existing,destination JPEG already exists
2015/10/31/HMI.m2015.10.31_05.00.00.jpg,2015-10-31T05:00:00Z,,,,,skipped_existing,destination JPEG already exists
2015/10/31/HMI.m2015.10.31_09.00.00.jpg,2015-10-31T09:00:00Z,,,,,skipped_existing,destination JPEG already exists
2015/10/31/HMI.m2015.10.31_10.00.00.jpg,2015-10-31T10:00:00Z,,,,,skipped_existing,destination JPEG already exists
2015/10/31/HMI.m2015.10.31_12.00.00.jpg,2015-10-31T12:00:00Z,,,,,skipped_existing,destination JPEG already exists
2015/10/31/HMI.m2015.10.31_13.00.00.jpg,2015-10-31T13:00:00Z,,,,,skipped_existing,destination JPEG already exists
2015/10/31/HMI.m2015.10.31_16.00.00.jpg,2015-10-31T16:00:00Z,,,,,skipped_existing,destination JPEG already exists
2015/10/31/HMI.m2015.10.31_17.00.00.jpg,2015-10-31T17:00:00Z,,,,,skipped_existing,destination JPEG already exists
2015/11/02/HMI.m2015.11.02_01.00.00.jpg,2015-11-02T01:00:00Z,,,,,skipped_existing,destination JPEG already exists
2015/11/03/HMI.m2015.11.03_05.00.00.jpg,2015-11-03T05:00:00Z,,,,,skipped_existing,destination JPEG already exists
2015/11/03/HMI.m2015.11.03_09.00.00.jpg,2015-11-03T09:00:00Z,,,,,skipped_existing,destination JPEG already exists
2015/11/03/HMI.m2015.11.03_10.00.00.jpg,2015-11-03T10:00:00Z,,,,,skipped_existing,destination JPEG already exists
2015/11/03/HMI.m2015.11.03_12.00.00.jpg,2015-11-03T12:00:00Z,,,,,skipped_existing,destination JPEG already exists
2015/11/03/HMI.m2015.11.03_13.00.00.jpg,2015-11-03T13:00:00Z,,,,,skipped_existing,destination JPEG already exists
2015/11/03/HMI.m2015.11.03_15.00.00.jpg,2015-11-03T15:00:00Z,,,,,skipped_existing,destination JPEG already exists
2015/11/03/HMI.m2015.11.03_16.00.00.jpg,2015-11-03T16:00:00Z,,,,,skipped_existing,destination JPEG already exists
2015/11/03/HMI.m2015.11.03_18.00.00.jpg,2015-11-03T18:00:00Z,,,,,skipped_existing,destination JPEG already exists
2015/11/03/HMI.m2015.11.03_20.00.00.jpg,2015-11-03T20:00:00Z,,,,,skipped_existing,destination JPEG already exists
2015/11/04/HMI.m2015.11.04_00.00.00.jpg,2015-11-04T00:00:00Z,,,,,skipped_existing,destination JPEG already exists
2015/11/04/HMI.m2015.11.04_03.00.00.jpg,2015-11-04T03:00:00Z,,,,,skipped_existing,destination JPEG already exists
2015/11/04/HMI.m2015.11.04_05.00.00.jpg,2015-11-04T05:00:00Z,,,,,skipped_existing,destination JPEG already exists
2015/11/04/HMI.m2015.11.04_08.00.00.jpg,2015-11-04T08:00:00Z,,,,,skipped_existing,destination JPEG already exists
2015/11/04/HMI.m2015.11.04_09.00.00.jpg,2015-11-04T09:00:00Z,,,,,skipped_existing,destination JPEG already exists
2015/11/04/HMI.m2015.11.04_10.00.00.jpg,2015-11-04T10:00:00Z,,,,,skipped_existing,destination JPEG already exists
2015/11/07/HMI.m2015.11.07_00.00.00.jpg,2015-11-07T00:00:00Z,,,,,skipped_existing,destination JPEG already exists
2015/11/07/HMI.m2015.11.07_20.00.00.jpg,2015-11-07T20:00:00Z,,,,,skipped_existing,destination JPEG already exists
2015/11/08/HMI.m2015.11.08_13.00.00.jpg,2015-11-08T13:00:00Z,,,,,skipped_existing,destination JPEG already exists
2015/11/08/HMI.m2015.11.08_21.00.00.jpg,2015-11-08T21:00:00Z,,,,,skipped_existing,destination JPEG already exists
2015/11/08/HMI.m2015.11.08_22.00.00.jpg,2015-11-08T22:00:00Z,,,,,skipped_existing,destination JPEG already exists
2015/11/09/HMI.m2015.11.09_03.00.00.jpg,2015-11-09T03:00:00Z,,,,,skipped_existing,destination JPEG already exists
2015/11/09/HMI.m2015.11.09_08.00.00.jpg,2015-11-09T08:00:00Z,,,,,skipped_existing,destination JPEG already exists
2015/11/09/HMI.m2015.11.09_09.00.00.jpg,2015-11-09T09:00:00Z,,,,,skipped_existing,destination JPEG already exists
2015/11/09/HMI.m2015.11.09_14.00.00.jpg,2015-11-09T14:00:00Z,,,,,skipped_existing,destination JPEG already exists
2015/11/10/HMI.m2015.11.10_08.00.00.jpg,2015-11-10T08:00:00Z,,,,,skipped_existing,destination JPEG already exists
2015/11/10/HMI.m2015.11.10_16.00.00.jpg,2015-11-10T16:00:00Z,,,,,skipped_existing,destination JPEG already exists
2015/11/11/HMI.m2015.11.11_01.00.00.jpg,2015-11-11T01:00:00Z,,,,,skipped_existing,destination JPEG already exists
2015/11/14/HMI.m2015.11.14_14.00.00.jpg,2015-11-14T14:00:00Z,,,,,skipped_existing,destination JPEG already exists
2015/11/14/HMI.m2015.11.14_22.00.00.jpg,2015-11-14T22:00:00Z,,,,,skipped_existing,destination JPEG already exists
2015/11/16/HMI.m2015.11.16_09.00.00.jpg,2015-11-16T09:00:00Z,,,,,skipped_existing,destination JPEG already exists
2015/11/21/HMI.m2015.11.21_12.00.00.jpg,2015-11-21T12:00:00Z,,,,,skipped_existing,destination JPEG already exists
2015/11/23/HMI.m2015.11.23_07.00.00.jpg,2015-11-23T07:00:00Z,,,,,skipped_existing,destination JPEG already exists
2015/11/23/HMI.m2015.11.23_11.00.00.jpg,2015-11-23T11:00:00Z,,,,,skipped_existing,destination JPEG already exists
2015/11/24/HMI.m2015.11.24_03.00.00.jpg,2015-11-24T03:00:00Z,,,,,skipped_existing,destination JPEG already exists
2015/11/24/HMI.m2015.11.24_10.00.00.jpg,2015-11-24T10:00:00Z,,,,,skipped_existing,destination JPEG already exists
2015/11/24/HMI.m2015.11.24_12.00.00.jpg,2015-11-24T12:00:00Z,,,,,skipped_existing,destination JPEG already exists
2015/11/24/HMI.m2015.11.24_16.00.00.jpg,2015-11-24T16:00:00Z,,,,,skipped_existing,destination JPEG already exists
2015/11/25/HMI.m2015.11.25_00.00.00.jpg,2015-11-25T00:00:00Z,,,,,skipped_existing,destination JPEG already exists
2015/11/27/HMI.m2015.11.27_02.00.00.jpg,2015-11-27T02:00:00Z,,,,,skipped_existing,destination JPEG already exists
2015/11/27/HMI.m2015.11.27_05.00.00.jpg,2015-11-27T05:00:00Z,,,,,skipped_existing,destination JPEG already exists
2015/11/27/HMI.m2015.11.27_19.00.00.jpg,2015-11-27T19:00:00Z,,,,,skipped_existing,destination JPEG already exists
2015/11/28/HMI.m2015.11.28_08.00.00.jpg,2015-11-28T08:00:00Z,,,,,skipped_existing,destination JPEG already exists
2015/11/28/HMI.m2015.11.28_20.00.00.jpg,2015-11-28T20:00:00Z,,,,,skipped_existing,destination JPEG already exists
2015/11/29/HMI.m2015.11.29_14.00.00.jpg,2015-11-29T14:00:00Z,,,,,skipped_existing,destination JPEG already exists
2015/12/01/HMI.m2015.12.01_19.00.00.jpg,2015-12-01T19:00:00Z,,,,,skipped_existing,destination JPEG already exists
2015/12/02/HMI.m2015.12.02_09.00.00.jpg,2015-12-02T09:00:00Z,,,,,skipped_existing,destination JPEG already exists
2015/12/03/HMI.m2015.12.03_05.00.00.jpg,2015-12-03T05:00:00Z,,,,,skipped_existing,destination JPEG already exists
2015/12/05/HMI.m2015.12.05_03.00.00.jpg,2015-12-05T03:00:00Z,,,,,skipped_existing,destination JPEG already exists
2015/12/05/HMI.m2015.12.05_04.00.00.jpg,2015-12-05T04:00:00Z,,,,,skipped_existing,destination JPEG already exists
2015/12/08/HMI.m2015.12.08_06.00.00.jpg,2015-12-08T06:00:00Z,,,,,skipped_existing,destination JPEG already exists
2015/12/08/HMI.m2015.12.08_21.00.00.jpg,2015-12-08T21:00:00Z,,,,,skipped_existing,destination JPEG already exists
2015/12/09/HMI.m2015.12.09_04.00.00.jpg,2015-12-09T04:00:00Z,,,,,skipped_existing,destination JPEG already exists
2015/12/09/HMI.m2015.12.09_14.00.00.jpg,2015-12-09T14:00:00Z,,,,,skipped_existing,destination JPEG already exists
2015/12/11/HMI.m2015.12.11_10.00.00.jpg,2015-12-11T10:00:00Z,,,,,skipped_existing,destination JPEG already exists
2015/12/11/HMI.m2015.12.11_13.00.00.jpg,2015-12-11T13:00:00Z,,,,,skipped_existing,destination JPEG already exists
2015/12/12/HMI.m2015.12.12_15.00.00.jpg,2015-12-12T15:00:00Z,,,,,skipped_existing,destination JPEG already exists
2015/12/12/HMI.m2015.12.12_22.00.00.jpg,2015-12-12T22:00:00Z,,,,,skipped_existing,destination JPEG already exists
2015/12/13/HMI.m2015.12.13_04.00.00.jpg,2015-12-13T04:00:00Z,,,,,skipped_existing,destination JPEG already exists
2015/12/14/HMI.m2015.12.14_12.00.00.jpg,2015-12-14T12:00:00Z,,,,,skipped_existing,destination JPEG already exists
2015/12/15/HMI.m2015.12.15_00.00.00.jpg,2015-12-15T00:00:00Z,,,,,skipped_existing,destination JPEG already exists
2015/12/15/HMI.m2015.12.15_03.00.00.jpg,2015-12-15T03:00:00Z,,,,,skipped_existing,destination JPEG already exists
2015/12/16/HMI.m2015.12.16_05.00.00.jpg,2015-12-16T05:00:00Z,,,,,skipped_existing,destination JPEG already exists
2015/12/16/HMI.m2015.12.16_06.00.00.jpg,2015-12-16T06:00:00Z,,,,,skipped_existing,destination JPEG already exists
2015/12/16/HMI.m2015.12.16_17.00.00.jpg,2015-12-16T17:00:00Z,,,,,skipped_existing,destination JPEG already exists
2015/12/16/HMI.m2015.12.16_21.00.00.jpg,2015-12-16T21:00:00Z,,,,,skipped_existing,destination JPEG already exists
2015/12/17/HMI.m2015.12.17_13.00.00.jpg,2015-12-17T13:00:00Z,,,,,skipped_existing,destination JPEG already exists
2015/12/17/HMI.m2015.12.17_18.00.00.jpg,2015-12-17T18:00:00Z,,,,,skipped_existing,destination JPEG already exists
2015/12/18/HMI.m2015.12.18_16.00.00.jpg,2015-12-18T16:00:00Z,,,,,skipped_existing,destination JPEG already exists
2015/12/19/HMI.m2015.12.19_11.00.00.jpg,2015-12-19T11:00:00Z,,,,,skipped_existing,destination JPEG already exists
2015/12/19/HMI.m2015.12.19_13.00.00.jpg,2015-12-19T13:00:00Z,,,,,skipped_existing,destination JPEG already exists
2015/12/19/HMI.m2015.12.19_15.00.00.jpg,2015-12-19T15:00:00Z,,,,,skipped_existing,destination JPEG already exists
2015/12/19/HMI.m2015.12.19_22.00.00.jpg,2015-12-19T22:00:00Z,,,,,skipped_existing,destination JPEG already exists
2015/12/20/HMI.m2015.12.20_02.00.00.jpg,2015-12-20T02:00:00Z,,,,,skipped_existing,destination JPEG already exists
2015/12/20/HMI.m2015.12.20_04.00.00.jpg,2015-12-20T04:00:00Z,,,,,skipped_existing,destination JPEG already exists
2015/12/20/HMI.m2015.12.20_05.00.00.jpg,2015-12-20T05:00:00Z,,,,,skipped_existing,destination JPEG already exists
2015/12/20/HMI.m2015.12.20_07.00.00.jpg,2015-12-20T07:00:00Z,,,,,skipped_existing,destination JPEG already exists
2015/12/20/HMI.m2015.12.20_08.00.00.jpg,2015-12-20T08:00:00Z,,,,,skipped_existing,destination JPEG already exists
2015/12/20/HMI.m2015.12.20_12.00.00.jpg,2015-12-20T12:00:00Z,,,,,skipped_existing,destination JPEG already exists
2015/12/20/HMI.m2015.12.20_13.00.00.jpg,2015-12-20T13:00:00Z,,,,,skipped_existing,destination JPEG already exists
2015/12/20/HMI.m2015.12.20_17.00.00.jpg,2015-12-20T17:00:00Z,,,,,skipped_existing,destination JPEG already exists
2015/12/20/HMI.m2015.12.20_18.00.00.jpg,2015-12-20T18:00:00Z,,,,,skipped_existing,destination JPEG already exists
2015/12/20/HMI.m2015.12.20_22.00.00.jpg,2015-12-20T22:00:00Z,,,,,skipped_existing,destination JPEG already exists
2015/12/21/HMI.m2015.12.21_00.00.00.jpg,2015-12-21T00:00:00Z,,,,,skipped_existing,destination JPEG already exists
2015/12/21/HMI.m2015.12.21_02.00.00.jpg,2015-12-21T02:00:00Z,,,,,skipped_existing,destination JPEG already exists
2015/12/21/HMI.m2015.12.21_03.00.00.jpg,2015-12-21T03:00:00Z,,,,,skipped_existing,destination JPEG already exists
2015/12/21/HMI.m2015.12.21_05.00.00.jpg,2015-12-21T05:00:00Z,,,,,skipped_existing,destination JPEG already exists
2015/12/21/HMI.m2015.12.21_12.00.00.jpg,2015-12-21T12:00:00Z,,,,,skipped_existing,destination JPEG already exists
2015/12/21/HMI.m2015.12.21_17.00.00.jpg,2015-12-21T17:00:00Z,,,,,skipped_existing,destination JPEG already exists
2015/12/21/HMI.m2015.12.21_20.00.00.jpg,2015-12-21T20:00:00Z,,,,,skipped_existing,destination JPEG already exists
2015/12/22/HMI.m2015.12.22_00.00.00.jpg,2015-12-22T00:00:00Z,,,,,skipped_existing,destination JPEG already exists
2015/12/22/HMI.m2015.12.22_15.00.00.jpg,2015-12-22T15:00:00Z,,,,,skipped_existing,destination JPEG already exists
2015/12/22/HMI.m2015.12.22_19.00.00.jpg,2015-12-22T19:00:00Z,,,,,skipped_existing,destination JPEG already exists
2015/12/22/HMI.m2015.12.22_20.00.00.jpg,2015-12-22T20:00:00Z,,,,,skipped_existing,destination JPEG already exists
2015/12/22/HMI.m2015.12.22_21.00.00.jpg,2015-12-22T21:00:00Z,,,,,skipped_existing,destination JPEG already exists
2015/12/23/HMI.m2015.12.23_00.00.00.jpg,2015-12-23T00:00:00Z,,,,,skipped_existing,destination JPEG already exists
2015/12/23/HMI.m2015.12.23_06.00.00.jpg,2015-12-23T06:00:00Z,,,,,skipped_existing,destination JPEG already exists
2015/12/23/HMI.m2015.12.23_09.00.00.jpg,2015-12-23T09:00:00Z,,,,,skipped_existing,destination JPEG already exists
2015/12/23/HMI.m2015.12.23_11.00.00.jpg,2015-12-23T11:00:00Z,,,,,skipped_existing,destination JPEG already exists
2015/12/23/HMI.m2015.12.23_15.00.00.jpg,2015-12-23T15:00:00Z,,,,,skipped_existing,destination JPEG already exists
2015/12/23/HMI.m2015.12.23_21.00.00.jpg,2015-12-23T21:00:00Z,,,,,skipped_existing,destination JPEG already exists
2015/12/25/HMI.m2015.12.25_04.00.00.jpg,2015-12-25T04:00:00Z,,,,,skipped_existing,destination JPEG already exists
2015/12/25/HMI.m2015.12.25_22.00.00.jpg,2015-12-25T22:00:00Z,,,,,skipped_existing,destination JPEG already exists
2015/12/26/HMI.m2015.12.26_05.00.00.jpg,2015-12-26T05:00:00Z,,,,,skipped_existing,destination JPEG already exists
2015/12/26/HMI.m2015.12.26_06.00.00.jpg,2015-12-26T06:00:00Z,,,,,skipped_existing,destination JPEG already exists
2015/12/26/HMI.m2015.12.26_20.00.00.jpg,2015-12-26T20:00:00Z,,,,,skipped_existing,destination JPEG already exists
2015/12/27/HMI.m2015.12.27_15.00.00.jpg,2015-12-27T15:00:00Z,,,,,skipped_existing,destination JPEG already exists
2015/12/27/HMI.m2015.12.27_16.00.00.jpg,2015-12-27T16:00:00Z,,,,,skipped_existing,destination JPEG already exists
2015/12/28/HMI.m2015.12.28_06.00.00.jpg,2015-12-28T06:00:00Z,,,,,skipped_existing,destination JPEG already exists
2015/12/28/HMI.m2015.12.28_07.00.00.jpg,2015-12-28T07:00:00Z,,,,,skipped_existing,destination JPEG already exists
2015/12/28/HMI.m2015.12.28_10.00.00.jpg,2015-12-28T10:00:00Z,,,,,skipped_existing,destination JPEG already exists
2015/12/29/HMI.m2015.12.29_02.00.00.jpg,2015-12-29T02:00:00Z,,,,,skipped_existing,destination JPEG already exists
2015/12/29/HMI.m2015.12.29_20.00.00.jpg,2015-12-29T20:00:00Z,,,,,skipped_existing,destination JPEG already exists
2015/12/30/HMI.m2015.12.30_07.00.00.jpg,2015-12-30T07:00:00Z,,,,,skipped_existing,destination JPEG already exists
2015/12/31/HMI.m2015.12.31_04.00.00.jpg,2015-12-31T04:00:00Z,,,,,skipped_existing,destination JPEG already exists
2016/01/01/HMI.m2016.01.01_00.00.00.jpg,2016-01-01T00:00:00Z,,,,,skipped_existing,destination JPEG already exists
2016/01/01/HMI.m2016.01.01_05.00.00.jpg,2016-01-01T05:00:00Z,,,,,skipped_existing,destination JPEG already exists
2016/01/01/HMI.m2016.01.01_08.00.00.jpg,2016-01-01T08:00:00Z,,,,,skipped_existing,destination JPEG already exists
2016/01/01/HMI.m2016.01.01_09.00.00.jpg,2016-01-01T09:00:00Z,,,,,skipped_existing,destination JPEG already exists
2016/01/01/HMI.m2016.01.01_11.00.00.jpg,2016-01-01T11:00:00Z,,,,,skipped_existing,destination JPEG already exists
2016/01/01/HMI.m2016.01.01_12.00.00.jpg,2016-01-01T12:00:00Z,,,,,skipped_existing,destination JPEG already exists
2016/01/01/HMI.m2016.01.01_13.00.00.jpg,2016-01-01T13:00:00Z,,,,,skipped_existing,destination JPEG already exists
2016/01/01/HMI.m2016.01.01_18.00.00.jpg,2016-01-01T18:00:00Z,,,,,skipped_existing,destination JPEG already exists
2016/01/01/HMI.m2016.01.01_23.00.00.jpg,2016-01-01T23:00:00Z,,,,,skipped_existing,destination JPEG already exists
2016/01/03/HMI.m2016.01.03_10.00.00.jpg,2016-01-03T10:00:00Z,,,,,skipped_existing,destination JPEG already exists
2016/01/04/HMI.m2016.01.04_04.00.00.jpg,2016-01-04T04:00:00Z,,,,,skipped_existing,destination JPEG already exists
2016/01/06/HMI.m2016.01.06_00.00.00.jpg,2016-01-06T00:00:00Z,,,,,skipped_existing,destination JPEG already exists
2016/01/06/HMI.m2016.01.06_23.00.00.jpg,2016-01-06T23:00:00Z,,,,,skipped_existing,destination JPEG already exists
2016/01/07/HMI.m2016.01.07_09.00.00.jpg,2016-01-07T09:00:00Z,,,,,skipped_existing,destination JPEG already exists
2016/01/07/HMI.m2016.01.07_22.00.00.jpg,2016-01-07T22:00:00Z,,,,,skipped_existing,destination JPEG already exists
2016/01/08/HMI.m2016.01.08_20.00.00.jpg,2016-01-08T20:00:00Z,,,,,skipped_existing,destination JPEG already exists
2016/01/11/HMI.m2016.01.11_01.00.00.jpg,2016-01-11T01:00:00Z,,,,,skipped_existing,destination JPEG already exists
2016/01/12/HMI.m2016.01.12_13.00.00.jpg,2016-01-12T13:00:00Z,,,,,skipped_existing,destination JPEG already exists
2016/01/12/HMI.m2016.01.12_21.00.00.jpg,2016-01-12T21:00:00Z,,,,,skipped_existing,destination JPEG already exists
2016/01/15/HMI.m2016.01.15_12.00.00.jpg,2016-01-15T12:00:00Z,,,,,skipped_existing,destination JPEG already exists
2016/01/15/HMI.m2016.01.15_22.00.00.jpg,2016-01-15T22:00:00Z,,,,,skipped_existing,destination JPEG already exists
2016/01/17/HMI.m2016.01.17_23.00.00.jpg,2016-01-17T23:00:00Z,,,,,skipped_existing,destination JPEG already exists
2016/01/18/HMI.m2016.01.18_20.00.00.jpg,2016-01-18T20:00:00Z,,,,,skipped_existing,destination JPEG already exists
2016/01/19/HMI.m2016.01.19_01.00.00.jpg,2016-01-19T01:00:00Z,,,,,skipped_existing,destination JPEG already exists
2016/01/20/HMI.m2016.01.20_00.00.00.jpg,2016-01-20T00:00:00Z,,,,,skipped_existing,destination JPEG already exists
2016/01/22/HMI.m2016.01.22_00.00.00.jpg,2016-01-22T00:00:00Z,,,,,skipped_existing,destination JPEG already exists
2016/01/25/HMI.m2016.01.25_14.00.00.jpg,2016-01-25T14:00:00Z,,,,,skipped_existing,destination JPEG already exists
2016/01/25/HMI.m2016.01.25_15.00.00.jpg,2016-01-25T15:00:00Z,,,,,skipped_existing,destination JPEG already exists
2016/01/26/HMI.m2016.01.26_17.00.00.jpg,2016-01-26T17:00:00Z,,,,,skipped_existing,destination JPEG already exists
2016/01/28/HMI.m2016.01.28_13.00.00.jpg,2016-01-28T13:00:00Z,,,,,skipped_existing,destination JPEG already exists
2016/01/30/HMI.m2016.01.30_17.00.00.jpg,2016-01-30T17:00:00Z,,,,,skipped_existing,destination JPEG already exists
2016/01/31/HMI.m2016.01.31_00.00.00.jpg,2016-01-31T00:00:00Z,,,,,skipped_existing,destination JPEG already exists
2016/01/31/HMI.m2016.01.31_03.00.00.jpg,2016-01-31T03:00:00Z,,,,,skipped_existing,destination JPEG already exists
2016/01/31/HMI.m2016.01.31_04.00.00.jpg,2016-01-31T04:00:00Z,,,,,skipped_existing,destination JPEG already exists
2016/02/01/HMI.m2016.02.01_13.00.00.jpg,2016-02-01T13:00:00Z,,,,,skipped_existing,destination JPEG already exists
2016/02/01/HMI.m2016.02.01_21.00.00.jpg,2016-02-01T21:00:00Z,,,,,skipped_existing,destination JPEG already exists
2016/02/02/HMI.m2016.02.02_02.00.00.jpg,2016-02-02T02:00:00Z,,,,,skipped_existing,destination JPEG already exists
2016/02/05/HMI.m2016.02.05_20.00.00.jpg,2016-02-05T20:00:00Z,,,,,skipped_existing,destination JPEG already exists
2016/02/07/HMI.m2016.02.07_10.00.00.jpg,2016-02-07T10:00:00Z,,,,,skipped_existing,destination JPEG already exists
2016/02/08/HMI.m2016.02.08_13.00.00.jpg,2016-02-08T13:00:00Z,,,,,skipped_existing,destination JPEG already exists
2016/02/11/HMI.m2016.02.11_10.00.00.jpg,2016-02-11T10:00:00Z,,,,,skipped_existing,destination JPEG already exists
2016/02/11/HMI.m2016.02.11_12.00.00.jpg,2016-02-11T12:00:00Z,,,,,skipped_existing,destination JPEG already exists
2016/02/11/HMI.m2016.02.11_15.00.00.jpg,2016-02-11T15:00:00Z,,,,,skipped_existing,destination JPEG already exists
2016/02/11/HMI.m2016.02.11_21.00.00.jpg,2016-02-11T21:00:00Z,,,,,skipped_existing,destination JPEG already exists
2016/02/11/HMI.m2016.02.11_22.00.00.jpg,2016-02-11T22:00:00Z,,,,,skipped_existing,destination JPEG already exists
2016/02/12/HMI.m2016.02.12_00.00.00.jpg,2016-02-12T00:00:00Z,,,,,skipped_existing,destination JPEG already exists
2016/02/12/HMI.m2016.02.12_03.00.00.jpg,2016-02-12T03:00:00Z,,,,,skipped_existing,destination JPEG already exists
2016/02/12/HMI.m2016.02.12_10.00.00.jpg,2016-02-12T10:00:00Z,,,,,skipped_existing,destination JPEG already exists
2016/02/12/HMI.m2016.02.12_17.00.00.jpg,2016-02-12T17:00:00Z,,,,,skipped_existing,destination JPEG already exists
2016/02/12/HMI.m2016.02.12_18.00.00.jpg,2016-02-12T18:00:00Z,,,,,skipped_existing,destination JPEG already exists
2016/02/12/HMI.m2016.02.12_19.00.00.jpg,2016-02-12T19:00:00Z,,,,,skipped_existing,destination JPEG already exists
2016/02/12/HMI.m2016.02.12_20.00.00.jpg,2016-02-12T20:00:00Z,,,,,skipped_existing,destination JPEG already exists
2016/02/12/HMI.m2016.02.12_22.00.00.jpg,2016-02-12T22:00:00Z,,,,,skipped_existing,destination JPEG already exists
2016/02/13/HMI.m2016.02.13_05.00.00.jpg,2016-02-13T05:00:00Z,,,,,skipped_existing,destination JPEG already exists
2016/02/13/HMI.m2016.02.13_07.00.00.jpg,2016-02-13T07:00:00Z,,,,,skipped_existing,destination JPEG already exists
2016/02/13/HMI.m2016.02.13_08.00.00.jpg,2016-02-13T08:00:00Z,,,,,skipped_existing,destination JPEG already exists
2016/02/13/HMI.m2016.02.13_11.00.00.jpg,2016-02-13T11:00:00Z,,,,,skipped_existing,destination JPEG already exists
2016/02/13/HMI.m2016.02.13_15.00.00.jpg,2016-02-13T15:00:00Z,,,,,skipped_existing,destination JPEG already exists
2016/02/13/HMI.m2016.02.13_20.00.00.jpg,2016-02-13T20:00:00Z,,,,,skipped_existing,destination JPEG already exists
2016/02/13/HMI.m2016.02.13_21.00.00.jpg,2016-02-13T21:00:00Z,,,,,skipped_existing,destination JPEG already exists
2016/02/14/HMI.m2016.02.14_02.00.00.jpg,2016-02-14T02:00:00Z,,,,,skipped_existing,destination JPEG already exists
2016/02/14/HMI.m2016.02.14_06.00.00.jpg,2016-02-14T06:00:00Z,,,,,skipped_existing,destination JPEG already exists
2016/02/14/HMI.m2016.02.14_09.00.00.jpg,2016-02-14T09:00:00Z,,,,,skipped_existing,destination JPEG already exists
2016/02/14/HMI.m2016.02.14_15.00.00.jpg,2016-02-14T15:00:00Z,,,,,skipped_existing,destination JPEG already exists
2016/02/14/HMI.m2016.02.14_18.00.00.jpg,2016-02-14T18:00:00Z,,,,,skipped_existing,destination JPEG already exists
2016/02/14/HMI.m2016.02.14_19.00.00.jpg,2016-02-14T19:00:00Z,,,,,skipped_existing,destination JPEG already exists
2016/02/14/HMI.m2016.02.14_21.00.00.jpg,2016-02-14T21:00:00Z,,,,,skipped_existing,destination JPEG already exists
2016/02/15/HMI.m2016.02.15_01.00.00.jpg,2016-02-15T01:00:00Z,,,,,skipped_existing,destination JPEG already exists
2016/02/15/HMI.m2016.02.15_03.00.00.jpg,2016-02-15T03:00:00Z,,,,,skipped_existing,destination JPEG already exists
2016/02/15/HMI.m2016.02.15_04.00.00.jpg,2016-02-15T04:00:00Z,,,,,skipped_existing,destination JPEG already exists
2016/02/15/HMI.m2016.02.15_05.00.00.jpg,2016-02-15T05:00:00Z,,,,,skipped_existing,destination JPEG already exists
2016/02/15/HMI.m2016.02.15_06.00.00.jpg,2016-02-15T06:00:00Z,,,,,skipped_existing,destination JPEG already exists
2016/02/15/HMI.m2016.02.15_07.00.00.jpg,2016-02-15T07:00:00Z,,,,,skipped_existing,destination JPEG already exists
2016/02/15/HMI.m2016.02.15_19.00.00.jpg,2016-02-15T19:00:00Z,,,,,skipped_existing,destination JPEG already exists
2016/02/16/HMI.m2016.02.16_14.00.00.jpg,2016-02-16T14:00:00Z,,,,,skipped_existing,destination JPEG already exists
2016/02/18/HMI.m2016.02.18_02.00.00.jpg,2016-02-18T02:00:00Z,,,,,skipped_existing,destination JPEG already exists
2016/02/18/HMI.m2016.02.18_19.00.00.jpg,2016-02-18T19:00:00Z,,,,,skipped_existing,destination JPEG already exists
2016/02/19/HMI.m2016.02.19_01.00.00.jpg,2016-02-19T01:00:00Z,,,,,skipped_existing,destination JPEG already exists
2016/02/19/HMI.m2016.02.19_16.00.00.jpg,2016-02-19T16:00:00Z,,,,,skipped_existing,destination JPEG already exists
2016/02/19/HMI.m2016.02.19_19.00.00.jpg,2016-02-19T19:00:00Z,,,,,skipped_existing,destination JPEG already exists
2016/02/20/HMI.m2016.02.20_03.00.00.jpg,2016-02-20T03:00:00Z,,,,,skipped_existing,destination JPEG already exists
2016/02/20/HMI.m2016.02.20_12.00.00.jpg,2016-02-20T12:00:00Z,,,,,skipped_existing,destination JPEG already exists
2016/02/21/HMI.m2016.02.21_15.00.00.jpg,2016-02-21T15:00:00Z,,,,,skipped_existing,destination JPEG already exists
2016/02/21/HMI.m2016.02.21_19.00.00.jpg,2016-02-21T19:00:00Z,,,,,skipped_existing,destination JPEG already exists
2016/02/22/HMI.m2016.02.22_05.00.00.jpg,2016-02-22T05:00:00Z,,,,,skipped_existing,destination JPEG already exists
2016/02/22/HMI.m2016.02.22_09.00.00.jpg,2016-02-22T09:00:00Z,,,,,skipped_existing,destination JPEG already exists
2016/02/22/HMI.m2016.02.22_14.00.00.jpg,2016-02-22T14:00:00Z,,,,,skipped_existing,destination JPEG already exists
2016/02/23/HMI.m2016.02.23_16.00.00.jpg,2016-02-23T16:00:00Z,,,,,skipped_existing,destination JPEG already exists
2016/02/24/HMI.m2016.02.24_12.00.00.jpg,2016-02-24T12:00:00Z,,,,,skipped_existing,destination JPEG already exists
2016/02/28/HMI.m2016.02.28_23.00.00.jpg,2016-02-28T23:00:00Z,,,,,skipped_existing,destination JPEG already exists
2016/03/02/HMI.m2016.03.02_17.00.00.jpg,2016-03-02T17:00:00Z,,,,,skipped_existing,destination JPEG already exists
2016/03/02/HMI.m2016.03.02_20.00.00.jpg,2016-03-02T20:00:00Z,,,,,skipped_existing,destination JPEG already exists
2016/03/04/HMI.m2016.03.04_00.00.00.jpg,2016-03-04T00:00:00Z,,,,,skipped_existing,destination JPEG already exists
2016/03/04/HMI.m2016.03.04_20.00.00.jpg,2016-03-04T20:00:00Z,,,,,skipped_existing,destination JPEG already exists
2016/03/05/HMI.m2016.03.05_03.00.00.jpg,2016-03-05T03:00:00Z,,,,,skipped_existing,destination JPEG already exists
2016/03/05/HMI.m2016.03.05_06.00.00.jpg,2016-03-05T06:00:00Z,,,,,skipped_existing,destination JPEG already exists
2016/03/05/HMI.m2016.03.05_13.00.00.jpg,2016-03-05T13:00:00Z,,,,,skipped_existing,destination JPEG already exists
2016/03/06/HMI.m2016.03.06_14.00.00.jpg,2016-03-06T14:00:00Z,,,,,skipped_existing,destination JPEG already exists
2016/03/08/HMI.m2016.03.08_20.00.00.jpg,2016-03-08T20:00:00Z,,,,,skipped_existing,destination JPEG already exists
2016/03/10/HMI.m2016.03.10_17.00.00.jpg,2016-03-10T17:00:00Z,,,,,skipped_existing,destination JPEG already exists
2016/03/11/HMI.m2016.03.11_06.00.00.jpg,2016-03-11T06:00:00Z,,,,,skipped_existing,destination JPEG already exists
2016/03/13/HMI.m2016.03.13_14.00.00.jpg,2016-03-13T14:00:00Z,,,,,skipped_existing,destination JPEG already exists
2016/03/13/HMI.m2016.03.13_16.00.00.jpg,2016-03-13T16:00:00Z,,,,,skipped_existing,destination JPEG already exists
2016/03/14/HMI.m2016.03.14_02.00.00.jpg,2016-03-14T02:00:00Z,,,,,skipped_existing,destination JPEG already exists
2016/03/14/HMI.m2016.03.14_17.00.00.jpg,2016-03-14T17:00:00Z,,,,,skipped_existing,destination JPEG already exists
2016/03/15/HMI.m2016.03.15_15.00.00.jpg,2016-03-15T15:00:00Z,,,,,skipped_existing,destination JPEG already exists
2016/03/15/HMI.m2016.03.15_21.00.00.jpg,2016-03-15T21:00:00Z,,,,,skipped_existing,destination JPEG already exists
2016/03/16/HMI.m2016.03.16_22.00.00.jpg,2016-03-16T22:00:00Z,,,,,skipped_existing,destination JPEG already exists
2016/03/17/HMI.m2016.03.17_19.00.00.jpg,2016-03-17T19:00:00Z,,,,,skipped_existing,destination JPEG already exists
2016/03/22/HMI.m2016.03.22_18.00.00.jpg,2016-03-22T18:00:00Z,,,,,skipped_existing,destination JPEG already exists
2016/03/24/HMI.m2016.03.24_18.00.00.jpg,2016-03-24T18:00:00Z,,,,,skipped_existing,destination JPEG already exists
2016/03/25/HMI.m2016.03.25_04.00.00.jpg,2016-03-25T04:00:00Z,,,,,skipped_existing,destination JPEG already exists
2016/03/25/HMI.m2016.03.25_12.00.00.jpg,2016-03-25T12:00:00Z,,,,,skipped_existing,destination JPEG already exists
2016/03/26/HMI.m2016.03.26_11.00.00.jpg,2016-03-26T11:00:00Z,,,,,skipped_existing,destination JPEG already exists
2016/03/28/HMI.m2016.03.28_20.00.00.jpg,2016-03-28T20:00:00Z,,,,,skipped_existing,destination JPEG already exists
2016/03/30/HMI.m2016.03.30_15.00.00.jpg,2016-03-30T15:00:00Z,,,,,skipped_existing,destination JPEG already exists
2016/03/30/HMI.m2016.03.30_19.00.00.jpg,2016-03-30T19:00:00Z,,,,,skipped_existing,destination JPEG already exists
2016/04/01/HMI.m2016.04.01_04.00.00.jpg,2016-04-01T04:00:00Z,,,,,skipped_existing,destination JPEG already exists
2016/04/01/HMI.m2016.04.01_10.00.00.jpg,2016-04-01T10:00:00Z,,,,,skipped_existing,destination JPEG already exists
2016/04/01/HMI.m2016.04.01_14.00.00.jpg,2016-04-01T14:00:00Z,,,,,skipped_existing,destination JPEG already exists
2016/04/02/HMI.m2016.04.02_06.00.00.jpg,2016-04-02T06:00:00Z,,,,,skipped_existing,destination JPEG already exists
2016/04/03/HMI.m2016.04.03_21.00.00.jpg,2016-04-03T21:00:00Z,,,,,skipped_existing,destination JPEG already exists
2016/04/04/HMI.m2016.04.04_05.00.00.jpg,2016-04-04T05:00:00Z,,,,,skipped_existing,destination JPEG already exists
2016/04/04/HMI.m2016.04.04_23.00.00.jpg,2016-04-04T23:00:00Z,,,,,skipped_existing,destination JPEG already exists
2016/04/05/HMI.m2016.04.05_10.00.00.jpg,2016-04-05T10:00:00Z,,,,,skipped_existing,destination JPEG already exists
2016/04/06/HMI.m2016.04.06_16.00.00.jpg,2016-04-06T16:00:00Z,,,,,skipped_existing,destination JPEG already exists
2016/04/07/HMI.m2016.04.07_08.00.00.jpg,2016-04-07T08:00:00Z,,,,,skipped_existing,destination JPEG already exists
2016/04/08/HMI.m2016.04.08_01.00.00.jpg,2016-04-08T01:00:00Z,,,,,skipped_existing,destination JPEG already exists
2016/04/08/HMI.m2016.04.08_12.00.00.jpg,2016-04-08T12:00:00Z,,,,,skipped_existing,destination JPEG already exists
2016/04/10/HMI.m2016.04.10_14.00.00.jpg,2016-04-10T14:00:00Z,,,,,skipped_existing,destination JPEG already exists
2016/04/11/HMI.m2016.04.11_02.00.00.jpg,2016-04-11T02:00:00Z,,,,,skipped_existing,destination JPEG already exists
2016/04/11/HMI.m2016.04.11_04.00.00.jpg,2016-04-11T04:00:00Z,,,,,skipped_existing,destination JPEG already exists
2016/04/11/HMI.m2016.04.11_06.00.00.jpg,2016-04-11T06:00:00Z,,,,,skipped_existing,destination JPEG already exists
2016/04/11/HMI.m2016.04.11_20.00.00.jpg,2016-04-11T20:00:00Z,,,,,skipped_existing,destination JPEG already exists
2016/04/12/HMI.m2016.04.12_10.00.00.jpg,2016-04-12T10:00:00Z,,,,,skipped_existing,destination JPEG already exists
2016/04/13/HMI.m2016.04.13_02.00.00.jpg,2016-04-13T02:00:00Z,,,,,skipped_existing,destination JPEG already exists
2016/04/14/HMI.m2016.04.14_08.00.00.jpg,2016-04-14T08:00:00Z,,,,,skipped_existing,destination JPEG already exists
2016/04/15/HMI.m2016.04.15_08.00.00.jpg,2016-04-15T08:00:00Z,,,,,skipped_existing,destination JPEG already exists
2016/04/15/HMI.m2016.04.15_16.00.00.jpg,2016-04-15T16:00:00Z,,,,,skipped_existing,destination JPEG already exists
2016/04/16/HMI.m2016.04.16_04.00.00.jpg,2016-04-16T04:00:00Z,,,,,skipped_existing,destination JPEG already exists
2016/04/16/HMI.m2016.04.16_05.00.00.jpg,2016-04-16T05:00:00Z,,,,,skipped_existing,destination JPEG already exists
2016/04/16/HMI.m2016.04.16_15.00.00.jpg,2016-04-16T15:00:00Z,,,,,skipped_existing,destination JPEG already exists
2016/04/17/HMI.m2016.04.17_07.00.00.jpg,2016-04-17T07:00:00Z,,,,,skipped_existing,destination JPEG already exists
2016/04/17/HMI.m2016.04.17_10.00.00.jpg,2016-04-17T10:00:00Z,,,,,skipped_existing,destination JPEG already exists
2016/04/17/HMI.m2016.04.17_14.00.00.jpg,2016-04-17T14:00:00Z,,,,,skipped_existing,destination JPEG already exists
2016/04/17/HMI.m2016.04.17_20.00.00.jpg,2016-04-17T20:00:00Z,,,,,skipped_existing,destination JPEG already exists
2016/04/17/HMI.m2016.04.17_22.00.00.jpg,2016-04-17T22:00:00Z,,,,,skipped_existing,destination JPEG already exists
2016/04/17/HMI.m2016.04.17_23.00.00.jpg,2016-04-17T23:00:00Z,,,,,skipped_existing,destination JPEG already exists
2016/04/19/HMI.m2016.04.19_23.00.00.jpg,2016-04-19T23:00:00Z,,,,,skipped_existing,destination JPEG already exists
2016/04/20/HMI.m2016.04.20_14.00.00.jpg,2016-04-20T14:00:00Z,,,,,skipped_existing,destination JPEG already exists
2016/04/21/HMI.m2016.04.21_17.00.00.jpg,2016-04-21T17:00:00Z,,,,,skipped_existing,destination JPEG already exists
2016/04/21/HMI.m2016.04.21_22.00.00.jpg,2016-04-21T22:00:00Z,,,,,skipped_existing,destination JPEG already exists
2016/04/23/HMI.m2016.04.23_23.00.00.jpg,2016-04-23T23:00:00Z,,,,,skipped_existing,destination JPEG already exists
2016/04/24/HMI.m2016.04.24_11.00.00.jpg,2016-04-24T11:00:00Z,,,,,skipped_existing,destination JPEG already exists
2016/04/26/HMI.m2016.04.26_00.00.00.jpg,2016-04-26T00:00:00Z,,,,,skipped_existing,destination JPEG already exists
2016/04/26/HMI.m2016.04.26_13.00.00.jpg,2016-04-26T13:00:00Z,,,,,skipped_existing,destination JPEG already exists
2016/04/27/HMI.m2016.04.27_12.00.00.jpg,2016-04-27T12:00:00Z,,,,,skipped_existing,destination JPEG already exists
2016/04/28/HMI.m2016.04.28_04.00.00.jpg,2016-04-28T04:00:00Z,,,,,skipped_existing,destination JPEG already exists
2016/04/29/HMI.m2016.04.29_05.00.00.jpg,2016-04-29T05:00:00Z,,,,,skipped_existing,destination JPEG already exists
2016/04/29/HMI.m2016.04.29_06.00.00.jpg,2016-04-29T06:00:00Z,,,,,skipped_existing,destination JPEG already exists
2016/04/29/HMI.m2016.04.29_23.00.00.jpg,2016-04-29T23:00:00Z,,,,,skipped_existing,destination JPEG already exists
2016/05/03/HMI.m2016.05.03_08.00.00.jpg,2016-05-03T08:00:00Z,,,,,skipped_existing,destination JPEG already exists
2016/05/03/HMI.m2016.05.03_09.00.00.jpg,2016-05-03T09:00:00Z,,,,,skipped_existing,destination JPEG already exists
2016/05/04/HMI.m2016.05.04_19.00.00.jpg,2016-05-04T19:00:00Z,,,,,skipped_existing,destination JPEG already exists
2016/05/05/HMI.m2016.05.05_19.00.00.jpg,2016-05-05T19:00:00Z,,,,,skipped_existing,destination JPEG already exists
2016/05/08/HMI.m2016.05.08_01.00.00.jpg,2016-05-08T01:00:00Z,,,,,skipped_existing,destination JPEG already exists
2016/05/08/HMI.m2016.05.08_05.00.00.jpg,2016-05-08T05:00:00Z,,,,,skipped_existing,destination JPEG already exists
2016/05/08/HMI.m2016.05.08_23.00.00.jpg,2016-05-08T23:00:00Z,,,,,skipped_existing,destination JPEG already exists
2016/05/09/HMI.m2016.05.09_14.00.00.jpg,2016-05-09T14:00:00Z,,,,,skipped_existing,destination JPEG already exists
2016/05/11/HMI.m2016.05.11_16.00.00.jpg,2016-05-11T16:00:00Z,,,,,skipped_existing,destination JPEG already exists
2016/05/13/HMI.m2016.05.13_08.00.00.jpg,2016-05-13T08:00:00Z,,,,,skipped_existing,destination JPEG already exists
2016/05/15/HMI.m2016.05.15_16.00.00.jpg,2016-05-15T16:00:00Z,,,,,skipped_existing,destination JPEG already exists
2016/05/15/HMI.m2016.05.15_17.00.00.jpg,2016-05-15T17:00:00Z,,,,,skipped_existing,destination JPEG already exists
2016/05/16/HMI.m2016.05.16_09.00.00.jpg,2016-05-16T09:00:00Z,,,,,skipped_existing,destination JPEG already exists
2016/05/17/HMI.m2016.05.17_14.00.00.jpg,2016-05-17T14:00:00Z,,,,,skipped_existing,destination JPEG already exists
2016/05/20/HMI.m2016.05.20_05.00.00.jpg,2016-05-20T05:00:00Z,,,,,skipped_existing,destination JPEG already exists
2016/05/20/HMI.m2016.05.20_23.00.00.jpg,2016-05-20T23:00:00Z,,,,,skipped_existing,destination JPEG already exists
2016/05/22/HMI.m2016.05.22_07.00.00.jpg,2016-05-22T07:00:00Z,,,,,skipped_existing,destination JPEG already exists
2016/05/23/HMI.m2016.05.23_07.00.00.jpg,2016-05-23T07:00:00Z,,,,,skipped_existing,destination JPEG already exists
2016/05/23/HMI.m2016.05.23_16.00.00.jpg,2016-05-23T16:00:00Z,,,,,skipped_existing,destination JPEG already exists
2016/05/24/HMI.m2016.05.24_06.00.00.jpg,2016-05-24T06:00:00Z,,,,,skipped_existing,destination JPEG already exists
2016/05/29/HMI.m2016.05.29_01.00.00.jpg,2016-05-29T01:00:00Z,,,,,skipped_existing,destination JPEG already exists
2016/05/29/HMI.m2016.05.29_16.00.00.jpg,2016-05-29T16:00:00Z,,,,,skipped_existing,destination JPEG already exists
2016/05/29/HMI.m2016.05.29_20.00.00.jpg,2016-05-29T20:00:00Z,,,,,skipped_existing,destination JPEG already exists
2016/06/01/HMI.m2016.06.01_21.00.00.jpg,2016-06-01T21:00:00Z,,,,,skipped_existing,destination JPEG already exists
2016/06/02/HMI.m2016.06.02_07.00.00.jpg,2016-06-02T07:00:00Z,,,,,skipped_existing,destination JPEG already exists
2016/06/02/HMI.m2016.06.02_22.00.00.jpg,2016-06-02T22:00:00Z,,,,,skipped_existing,destination JPEG already exists
2016/06/03/HMI.m2016.06.03_14.00.00.jpg,2016-06-03T14:00:00Z,,,,,skipped_existing,destination JPEG already exists
2016/06/03/HMI.m2016.06.03_19.00.00.jpg,2016-06-03T19:00:00Z,,,,,skipped_existing,destination JPEG already exists
2016/06/04/HMI.m2016.06.04_09.00.00.jpg,2016-06-04T09:00:00Z,,,,,skipped_existing,destination JPEG already exists
2016/06/05/HMI.m2016.06.05_01.00.00.jpg,2016-06-05T01:00:00Z,,,,,skipped_existing,destination JPEG already exists
2016/06/05/HMI.m2016.06.05_16.00.00.jpg,2016-06-05T16:00:00Z,,,,,skipped_existing,destination JPEG already exists
2016/06/05/HMI.m2016.06.05_18.00.00.jpg,2016-06-05T18:00:00Z,,,,,skipped_existing,destination JPEG already exists
2016/06/06/HMI.m2016.06.06_20.00.00.jpg,2016-06-06T20:00:00Z,,,,,skipped_existing,destination JPEG already exists
2016/06/08/HMI.m2016.06.08_10.00.00.jpg,2016-06-08T10:00:00Z,,,,,skipped_existing,destination JPEG already exists
2016/06/11/HMI.m2016.06.11_19.00.00.jpg,2016-06-11T19:00:00Z,,,,,skipped_existing,destination JPEG already exists
2016/06/12/HMI.m2016.06.12_01.00.00.jpg,2016-06-12T01:00:00Z,,,,,skipped_existing,destination JPEG already exists
2016/06/12/HMI.m2016.06.12_10.00.00.jpg,2016-06-12T10:00:00Z,,,,,skipped_existing,destination JPEG already exists
2016/06/13/HMI.m2016.06.13_10.00.00.jpg,2016-06-13T10:00:00Z,,,,,skipped_existing,destination JPEG already exists
2016/06/13/HMI.m2016.06.13_13.00.00.jpg,2016-06-13T13:00:00Z,,,,,skipped_existing,destination JPEG already exists
2016/06/14/HMI.m2016.06.14_18.00.00.jpg,2016-06-14T18:00:00Z,,,,,skipped_existing,destination JPEG already exists
2016/06/15/HMI.m2016.06.15_10.00.00.jpg,2016-06-15T10:00:00Z,,,,,skipped_existing,destination JPEG already exists
2016/06/17/HMI.m2016.06.17_16.00.00.jpg,2016-06-17T16:00:00Z,,,,,skipped_existing,destination JPEG already exists
2016/06/17/HMI.m2016.06.17_17.00.00.jpg,2016-06-17T17:00:00Z,,,,,skipped_existing,destination JPEG already exists
2016/06/17/HMI.m2016.06.17_21.00.00.jpg,2016-06-17T21:00:00Z,,,,,skipped_existing,destination JPEG already exists
2016/06/19/HMI.m2016.06.19_11.00.00.jpg,2016-06-19T11:00:00Z,,,,,skipped_existing,destination JPEG already exists
2016/06/20/HMI.m2016.06.20_07.00.00.jpg,2016-06-20T07:00:00Z,,,,,skipped_existing,destination JPEG already exists
2016/06/23/HMI.m2016.06.23_21.00.00.jpg,2016-06-23T21:00:00Z,,,,,skipped_existing,destination JPEG already exists
2016/06/26/HMI.m2016.06.26_01.00.00.jpg,2016-06-26T01:00:00Z,,,,,skipped_existing,destination JPEG already exists
2016/06/26/HMI.m2016.06.26_04.00.00.jpg,2016-06-26T04:00:00Z,,,,,skipped_existing,destination JPEG already exists
2016/06/26/HMI.m2016.06.26_09.00.00.jpg,2016-06-26T09:00:00Z,,,,,skipped_existing,destination JPEG already exists
2016/06/26/HMI.m2016.06.26_11.00.00.jpg,2016-06-26T11:00:00Z,,,,,skipped_existing,destination JPEG already exists
2016/06/28/HMI.m2016.06.28_04.00.00.jpg,2016-06-28T04:00:00Z,,,,,skipped_existing,destination JPEG already exists
2016/06/28/HMI.m2016.06.28_18.00.00.jpg,2016-06-28T18:00:00Z,,,,,skipped_existing,destination JPEG already exists
2016/06/29/HMI.m2016.06.29_19.00.00.jpg,2016-06-29T19:00:00Z,,,,,skipped_existing,destination JPEG already exists
2016/06/30/HMI.m2016.06.30_13.00.00.jpg,2016-06-30T13:00:00Z,,,,,skipped_existing,destination JPEG already exists
2016/07/01/HMI.m2016.07.01_00.00.00.jpg,2016-07-01T00:00:00Z,,,,,skipped_existing,destination JPEG already exists
2016/07/02/HMI.m2016.07.02_01.00.00.jpg,2016-07-02T01:00:00Z,,,,,skipped_existing,destination JPEG already exists
2016/07/02/HMI.m2016.07.02_03.00.00.jpg,2016-07-02T03:00:00Z,,,,,skipped_existing,destination JPEG already exists
2016/07/02/HMI.m2016.07.02_23.00.00.jpg,2016-07-02T23:00:00Z,,,,,skipped_existing,destination JPEG already exists
2016/07/03/HMI.m2016.07.03_07.00.00.jpg,2016-07-03T07:00:00Z,,,,,skipped_existing,destination JPEG already exists
2016/07/03/HMI.m2016.07.03_14.00.00.jpg,2016-07-03T14:00:00Z,,,,,skipped_existing,destination JPEG already exists
2016/07/03/HMI.m2016.07.03_21.00.00.jpg,2016-07-03T21:00:00Z,,,,,skipped_existing,destination JPEG already exists
2016/07/05/HMI.m2016.07.05_08.00.00.jpg,2016-07-05T08:00:00Z,,,,,skipped_existing,destination JPEG already exists
2016/07/06/HMI.m2016.07.06_22.00.00.jpg,2016-07-06T22:00:00Z,,,,,skipped_existing,destination JPEG already exists
2016/07/08/HMI.m2016.07.08_08.00.00.jpg,2016-07-08T08:00:00Z,,,,,skipped_existing,destination JPEG already exists
2016/07/08/HMI.m2016.07.08_09.00.00.jpg,2016-07-08T09:00:00Z,,,,,skipped_existing,destination JPEG already exists
2016/07/08/HMI.m2016.07.08_11.00.00.jpg,2016-07-08T11:00:00Z,,,,,skipped_existing,destination JPEG already exists
2016/07/09/HMI.m2016.07.09_09.00.00.jpg,2016-07-09T09:00:00Z,,,,,skipped_existing,destination JPEG already exists
2016/07/09/HMI.m2016.07.09_17.00.00.jpg,2016-07-09T17:00:00Z,,,,,skipped_existing,destination JPEG already exists
2016/07/10/HMI.m2016.07.10_03.00.00.jpg,2016-07-10T03:00:00Z,,,,,skipped_existing,destination JPEG already exists
2016/07/10/HMI.m2016.07.10_09.00.00.jpg,2016-07-10T09:00:00Z,,,,,skipped_existing,destination JPEG already exists
2016/07/11/HMI.m2016.07.11_01.00.00.jpg,2016-07-11T01:00:00Z,,,,,skipped_existing,destination JPEG already exists
2016/07/12/HMI.m2016.07.12_09.00.00.jpg,2016-07-12T09:00:00Z,,,,,skipped_existing,destination JPEG already exists
2016/07/12/HMI.m2016.07.12_19.00.00.jpg,2016-07-12T19:00:00Z,,,,,skipped_existing,destination JPEG already exists
2016/07/13/HMI.m2016.07.13_10.00.00.jpg,2016-07-13T10:00:00Z,,,,,skipped_existing,destination JPEG already exists
2016/07/13/HMI.m2016.07.13_11.00.00.jpg,2016-07-13T11:00:00Z,,,,,skipped_existing,destination JPEG already exists
2016/07/14/HMI.m2016.07.14_16.00.00.jpg,2016-07-14T16:00:00Z,,,,,skipped_existing,destination JPEG already exists
2016/07/14/HMI.m2016.07.14_19.00.00.jpg,2016-07-14T19:00:00Z,,,,,skipped_existing,destination JPEG already exists
2016/07/14/HMI.m2016.07.14_20.00.00.jpg,2016-07-14T20:00:00Z,,,,,skipped_existing,destination JPEG already exists
2016/07/15/HMI.m2016.07.15_01.00.00.jpg,2016-07-15T01:00:00Z,,,,,skipped_existing,destination JPEG already exists
2016/07/15/HMI.m2016.07.15_08.00.00.jpg,2016-07-15T08:00:00Z,,,,,skipped_existing,destination JPEG already exists
2016/07/15/HMI.m2016.07.15_10.00.00.jpg,2016-07-15T10:00:00Z,,,,,skipped_existing,destination JPEG already exists
2016/07/15/HMI.m2016.07.15_12.00.00.jpg,2016-07-15T12:00:00Z,,,,,skipped_existing,destination JPEG already exists
2016/07/16/HMI.m2016.07.16_07.00.00.jpg,2016-07-16T07:00:00Z,,,,,skipped_existing,destination JPEG already exists
2016/07/17/HMI.m2016.07.17_12.00.00.jpg,2016-07-17T12:00:00Z,,,,,skipped_existing,destination JPEG already exists
2016/07/18/HMI.m2016.07.18_04.00.00.jpg,2016-07-18T04:00:00Z,,,,,skipped_existing,destination JPEG already exists
2016/07/19/HMI.m2016.07.19_15.00.00.jpg,2016-07-19T15:00:00Z,,,,,skipped_existing,destination JPEG already exists
2016/07/19/HMI.m2016.07.19_22.00.00.jpg,2016-07-19T22:00:00Z,,,,,skipped_existing,destination JPEG already exists
2016/07/20/HMI.m2016.07.20_04.00.00.jpg,2016-07-20T04:00:00Z,,,,,skipped_existing,destination JPEG already exists
2016/07/20/HMI.m2016.07.20_05.00.00.jpg,2016-07-20T05:00:00Z,,,,,skipped_existing,destination JPEG already exists
2016/07/20/HMI.m2016.07.20_08.00.00.jpg,2016-07-20T08:00:00Z,,,,,skipped_existing,destination JPEG already exists
2016/07/20/HMI.m2016.07.20_09.00.00.jpg,2016-07-20T09:00:00Z,,,,,skipped_existing,destination JPEG already exists
2016/07/20/HMI.m2016.07.20_11.00.00.jpg,2016-07-20T11:00:00Z,,,,,skipped_existing,destination JPEG already exists
2016/07/20/HMI.m2016.07.20_16.00.00.jpg,2016-07-20T16:00:00Z,,,,,skipped_existing,destination JPEG already exists
2016/07/20/HMI.m2016.07.20_23.00.00.jpg,2016-07-20T23:00:00Z,,,,,skipped_existing,destination JPEG already exists
2016/07/21/HMI.m2016.07.21_02.00.00.jpg,2016-07-21T02:00:00Z,,,,,skipped_existing,destination JPEG already exists
2016/07/21/HMI.m2016.07.21_07.00.00.jpg,2016-07-21T07:00:00Z,,,,,skipped_existing,destination JPEG already exists
2016/07/21/HMI.m2016.07.21_23.00.00.jpg,2016-07-21T23:00:00Z,,,,,skipped_existing,destination JPEG already exists
2016/07/22/HMI.m2016.07.22_04.00.00.jpg,2016-07-22T04:00:00Z,,,,,skipped_existing,destination JPEG already exists
2016/07/22/HMI.m2016.07.22_05.00.00.jpg,2016-07-22T05:00:00Z,,,,,skipped_existing,destination JPEG already exists
2016/07/22/HMI.m2016.07.22_07.00.00.jpg,2016-07-22T07:00:00Z,,,,,skipped_existing,destination JPEG already exists
2016/07/22/HMI.m2016.07.22_10.00.00.jpg,2016-07-22T10:00:00Z,,,,,skipped_existing,destination JPEG already exists
2016/07/22/HMI.m2016.07.22_11.00.00.jpg,2016-07-22T11:00:00Z,,,,,skipped_existing,destination JPEG already exists
2016/07/22/HMI.m2016.07.22_13.00.00.jpg,2016-07-22T13:00:00Z,,,,,skipped_existing,destination JPEG already exists
2016/07/22/HMI.m2016.07.22_17.00.00.jpg,2016-07-22T17:00:00Z,,,,,skipped_existing,destination JPEG already exists
2016/07/22/HMI.m2016.07.22_19.00.00.jpg,2016-07-22T19:00:00Z,,,,,skipped_existing,destination JPEG already exists
2016/07/22/HMI.m2016.07.22_21.00.00.jpg,2016-07-22T21:00:00Z,,,,,skipped_existing,destination JPEG already exists
2016/07/23/HMI.m2016.07.23_01.00.00.jpg,2016-07-23T01:00:00Z,,,,,skipped_existing,destination JPEG already exists
2016/07/23/HMI.m2016.07.23_05.00.00.jpg,2016-07-23T05:00:00Z,,,,,skipped_existing,destination JPEG already exists
2016/07/23/HMI.m2016.07.23_07.00.00.jpg,2016-07-23T07:00:00Z,,,,,skipped_existing,destination JPEG already exists
2016/07/23/HMI.m2016.07.23_09.00.00.jpg,2016-07-23T09:00:00Z,,,,,skipped_existing,destination JPEG already exists
2016/07/23/HMI.m2016.07.23_10.00.00.jpg,2016-07-23T10:00:00Z,,,,,skipped_existing,destination JPEG already exists
2016/07/23/HMI.m2016.07.23_19.00.00.jpg,2016-07-23T19:00:00Z,,,,,skipped_existing,destination JPEG already exists
2016/07/23/HMI.m2016.07.23_21.00.00.jpg,2016-07-23T21:00:00Z,,,,,skipped_existing,destination JPEG already exists
2016/07/23/HMI.m2016.07.23_23.00.00.jpg,2016-07-23T23:00:00Z,,,,,skipped_existing,destination JPEG already exists
2016/07/24/HMI.m2016.07.24_00.00.00.jpg,2016-07-24T00:00:00Z,,,,,skipped_existing,destination JPEG already exists
2016/07/24/HMI.m2016.07.24_05.00.00.jpg,2016-07-24T05:00:00Z,,,,,skipped_existing,destination JPEG already exists
2016/07/24/HMI.m2016.07.24_08.00.00.jpg,2016-07-24T08:00:00Z,,,,,skipped_existing,destination JPEG already exists
2016/07/24/HMI.m2016.07.24_09.00.00.jpg,2016-07-24T09:00:00Z,,,,,skipped_existing,destination JPEG already exists
2016/07/24/HMI.m2016.07.24_15.00.00.jpg,2016-07-24T15:00:00Z,,,,,skipped_existing,destination JPEG already exists
2016/07/26/HMI.m2016.07.26_11.00.00.jpg,2016-07-26T11:00:00Z,,,,,skipped_existing,destination JPEG already exists
2016/07/27/HMI.m2016.07.27_18.00.00.jpg,2016-07-27T18:00:00Z,,,,,skipped_existing,destination JPEG already exists
2016/07/28/HMI.m2016.07.28_05.00.00.jpg,2016-07-28T05:00:00Z,,,,,skipped_existing,destination JPEG already exists
2016/07/28/HMI.m2016.07.28_06.00.00.jpg,2016-07-28T06:00:00Z,,,,,skipped_existing,destination JPEG already exists
2016/07/29/HMI.m2016.07.29_23.00.00.jpg,2016-07-29T23:00:00Z,,,,,skipped_existing,destination JPEG already exists
2016/07/31/HMI.m2016.07.31_06.00.00.jpg,2016-07-31T06:00:00Z,,,,,skipped_existing,destination JPEG already exists
2016/08/01/HMI.m2016.08.01_08.00.00.jpg,2016-08-01T08:00:00Z,,,,,skipped_existing,destination JPEG already exists
2016/08/13/HMI.m2016.08.13_21.00.00.jpg,2016-08-13T21:00:00Z,,,,,skipped_existing,destination JPEG already exists
2016/08/15/HMI.m2016.08.15_02.00.00.jpg,2016-08-15T02:00:00Z,,,,,skipped_existing,destination JPEG already exists
2016/08/16/HMI.m2016.08.16_04.00.00.jpg,2016-08-16T04:00:00Z,,,,,skipped_existing,destination JPEG already exists
2016/08/17/HMI.m2016.08.17_16.00.00.jpg,2016-08-17T16:00:00Z,,,,,skipped_existing,destination JPEG already exists
2016/08/19/HMI.m2016.08.19_03.00.00.jpg,2016-08-19T03:00:00Z,,,,,skipped_existing,destination JPEG already exists
2016/08/19/HMI.m2016.08.19_07.00.00.jpg,2016-08-19T07:00:00Z,,,,,skipped_existing,destination JPEG already exists
2016/08/19/HMI.m2016.08.19_19.00.00.jpg,2016-08-19T19:00:00Z,,,,,skipped_existing,destination JPEG already exists
2016/08/19/HMI.m2016.08.19_20.00.00.jpg,2016-08-19T20:00:00Z,,,,,skipped_existing,destination JPEG already exists
2016/08/22/HMI.m2016.08.22_22.00.00.jpg,2016-08-22T22:00:00Z,,,,,skipped_existing,destination JPEG already exists
2016/08/23/HMI.m2016.08.23_08.00.00.jpg,2016-08-23T08:00:00Z,,,,,skipped_existing,destination JPEG already exists
2016/08/24/HMI.m2016.08.24_06.00.00.jpg,2016-08-24T06:00:00Z,2016-08-23 23:59:52Z,21608,104902366,,skipped_unavailable,Closest HMI observation is 21608s from 2016-08-24T06:00:00Z
2016/08/24/HMI.m2016.08.24_20.00.00.jpg,2016-08-24T20:00:00Z,2016-08-25 00:00:37Z,14437,104904070,,skipped_unavailable,Closest HMI observation is 14437s from 2016-08-24T20:00:00Z
2016/08/25/HMI.m2016.08.25_03.00.00.jpg,2016-08-25T03:00:00Z,,,,,skipped_existing,destination JPEG already exists
2016/08/26/HMI.m2016.08.26_04.00.00.jpg,2016-08-26T04:00:00Z,,,,,skipped_existing,destination JPEG already exists
2016/08/26/HMI.m2016.08.26_20.00.00.jpg,2016-08-26T20:00:00Z,,,,,skipped_existing,destination JPEG already exists
2016/08/28/HMI.m2016.08.28_21.00.00.jpg,2016-08-28T21:00:00Z,,,,,skipped_existing,destination JPEG already exists
2016/08/28/HMI.m2016.08.28_23.00.00.jpg,2016-08-28T23:00:00Z,,,,,skipped_existing,destination JPEG already exists
2016/08/29/HMI.m2016.08.29_16.00.00.jpg,2016-08-29T16:00:00Z,,,,,skipped_existing,destination JPEG already exists
2016/08/30/HMI.m2016.08.30_10.00.00.jpg,2016-08-30T10:00:00Z,,,,,skipped_existing,destination JPEG already exists
2016/08/31/HMI.m2016.08.31_21.00.00.jpg,2016-08-31T21:00:00Z,,,,,skipped_existing,destination JPEG already exists
2016/09/01/HMI.m2016.09.01_16.00.00.jpg,2016-09-01T16:00:00Z,,,,,skipped_existing,destination JPEG already exists
2016/09/02/HMI.m2016.09.02_15.00.00.jpg,2016-09-02T15:00:00Z,2016-09-03 00:00:36Z,32436,104928368,,skipped_unavailable,Closest HMI observation is 32436s from 2016-09-02T15:00:00Z
2016/09/03/HMI.m2016.09.03_17.00.00.jpg,2016-09-03T17:00:00Z,,,,,skipped_existing,destination JPEG already exists
2016/09/04/HMI.m2016.09.04_20.00.00.jpg,2016-09-04T20:00:00Z,,,,,skipped_existing,destination JPEG already exists
2016/09/05/HMI.m2016.09.05_06.00.00.jpg,2016-09-05T06:00:00Z,,,,,skipped_existing,destination JPEG already exists
2016/09/06/HMI.m2016.09.06_08.00.00.jpg,2016-09-06T08:00:00Z,2016-09-05 23:59:51Z,28809,104935159,,skipped_unavailable,Closest HMI observation is 28809s from 2016-09-06T08:00:00Z
2016/09/06/HMI.m2016.09.06_17.00.00.jpg,2016-09-06T17:00:00Z,2016-09-07 00:00:35Z,25235,104936477,,skipped_unavailable,Closest HMI observation is 25235s from 2016-09-06T17:00:00Z
2016/09/06/HMI.m2016.09.06_21.00.00.jpg,2016-09-06T21:00:00Z,2016-09-07 00:00:35Z,10835,104936477,,skipped_unavailable,Closest HMI observation is 10835s from 2016-09-06T21:00:00Z
2016/09/07/HMI.m2016.09.07_20.00.00.jpg,2016-09-07T20:00:00Z,,,,,skipped_existing,destination JPEG already exists
2016/09/09/HMI.m2016.09.09_03.00.00.jpg,2016-09-09T03:00:00Z,,,,,skipped_existing,destination JPEG already exists
2016/09/09/HMI.m2016.09.09_14.00.00.jpg,2016-09-09T14:00:00Z,,,,,skipped_existing,destination JPEG already exists
2016/09/10/HMI.m2016.09.10_21.00.00.jpg,2016-09-10T21:00:00Z,,,,,skipped_existing,destination JPEG already exists
2016/09/10/HMI.m2016.09.10_23.00.00.jpg,2016-09-10T23:00:00Z,,,,,skipped_existing,destination JPEG already exists
2016/09/11/HMI.m2016.09.11_11.00.00.jpg,2016-09-11T11:00:00Z,,,,,skipped_existing,destination JPEG already exists
2016/09/12/HMI.m2016.09.12_18.00.00.jpg,2016-09-12T18:00:00Z,,,,,skipped_existing,destination JPEG already exists
2016/09/13/HMI.m2016.09.13_07.00.00.jpg,2016-09-13T07:00:00Z,,,,,skipped_existing,destination JPEG already exists
2016/09/14/HMI.m2016.09.14_15.00.00.jpg,2016-09-14T15:00:00Z,,,,,skipped_existing,destination JPEG already exists
2016/09/14/HMI.m2016.09.14_17.00.00.jpg,2016-09-14T17:00:00Z,,,,,skipped_existing,destination JPEG already exists
2016/09/14/HMI.m2016.09.14_21.00.00.jpg,2016-09-14T21:00:00Z,,,,,skipped_existing,destination JPEG already exists
2016/09/18/HMI.m2016.09.18_04.00.00.jpg,2016-09-18T04:00:00Z,,,,,skipped_existing,destination JPEG already exists
2016/09/18/HMI.m2016.09.18_07.00.00.jpg,2016-09-18T07:00:00Z,,,,,skipped_existing,destination JPEG already exists
2016/09/19/HMI.m2016.09.19_03.00.00.jpg,2016-09-19T03:00:00Z,,,,,skipped_existing,destination JPEG already exists
2016/09/19/HMI.m2016.09.19_12.00.00.jpg,2016-09-19T12:00:00Z,,,,,skipped_existing,destination JPEG already exists
2016/09/22/HMI.m2016.09.22_00.00.00.jpg,2016-09-22T00:00:00Z,,,,,skipped_existing,destination JPEG already exists
2016/09/22/HMI.m2016.09.22_06.00.00.jpg,2016-09-22T06:00:00Z,,,,,skipped_existing,destination JPEG already exists
2016/09/22/HMI.m2016.09.22_14.00.00.jpg,2016-09-22T14:00:00Z,,,,,skipped_existing,destination JPEG already exists
2016/09/25/HMI.m2016.09.25_19.00.00.jpg,2016-09-25T19:00:00Z,,,,,skipped_existing,destination JPEG already exists
2016/09/27/HMI.m2016.09.27_22.00.00.jpg,2016-09-27T22:00:00Z,2016-09-28 00:05:03Z,7503,105002022,,skipped_unavailable,Closest HMI observation is 7503s from 2016-09-27T22:00:00Z
2016/09/29/HMI.m2016.09.29_01.00.00.jpg,2016-09-29T01:00:00Z,,,,,skipped_existing,destination JPEG already exists
2016/09/29/HMI.m2016.09.29_16.00.00.jpg,2016-09-29T16:00:00Z,,,,,skipped_existing,destination JPEG already exists
2016/09/29/HMI.m2016.09.29_19.00.00.jpg,2016-09-29T19:00:00Z,,,,,skipped_existing,destination JPEG already exists
2016/09/30/HMI.m2016.09.30_01.00.00.jpg,2016-09-30T01:00:00Z,,,,,skipped_existing,destination JPEG already exists
2016/09/30/HMI.m2016.09.30_02.00.00.jpg,2016-09-30T02:00:00Z,,,,,skipped_existing,destination JPEG already exists
2016/10/01/HMI.m2016.10.01_02.00.00.jpg,2016-10-01T02:00:00Z,,,,,skipped_existing,destination JPEG already exists
2016/10/02/HMI.m2016.10.02_23.00.00.jpg,2016-10-02T23:00:00Z,,,,,skipped_existing,destination JPEG already exists
2016/10/03/HMI.m2016.10.03_13.00.00.jpg,2016-10-03T13:00:00Z,,,,,skipped_existing,destination JPEG already exists
2016/10/04/HMI.m2016.10.04_03.00.00.jpg,2016-10-04T03:00:00Z,,,,,skipped_existing,destination JPEG already exists
2016/10/06/HMI.m2016.10.06_01.00.00.jpg,2016-10-06T01:00:00Z,,,,,skipped_existing,destination JPEG already exists
2016/10/06/HMI.m2016.10.06_06.00.00.jpg,2016-10-06T06:00:00Z,,,,,skipped_existing,destination JPEG already exists
2016/10/09/HMI.m2016.10.09_17.00.00.jpg,2016-10-09T17:00:00Z,,,,,skipped_existing,destination JPEG already exists
2016/10/09/HMI.m2016.10.09_20.00.00.jpg,2016-10-09T20:00:00Z,,,,,skipped_existing,destination JPEG already exists
2016/10/12/HMI.m2016.10.12_17.00.00.jpg,2016-10-12T17:00:00Z,,,,,skipped_existing,destination JPEG already exists
2016/10/14/HMI.m2016.10.14_01.00.00.jpg,2016-10-14T01:00:00Z,,,,,skipped_existing,destination JPEG already exists
2016/10/14/HMI.m2016.10.14_14.00.00.jpg,2016-10-14T14:00:00Z,,,,,skipped_existing,destination JPEG already exists
2016/10/14/HMI.m2016.10.14_19.00.00.jpg,2016-10-14T19:00:00Z,,,,,skipped_existing,destination JPEG already exists
2016/10/15/HMI.m2016.10.15_05.00.00.jpg,2016-10-15T05:00:00Z,,,,,skipped_existing,destination JPEG already exists
2016/10/18/HMI.m2016.10.18_10.00.00.jpg,2016-10-18T10:00:00Z,,,,,skipped_existing,destination JPEG already exists
2016/10/18/HMI.m2016.10.18_11.00.00.jpg,2016-10-18T11:00:00Z,,,,,skipped_existing,destination JPEG already exists
2016/10/19/HMI.m2016.10.19_07.00.00.jpg,2016-10-19T07:00:00Z,,,,,skipped_existing,destination JPEG already exists
2016/10/20/HMI.m2016.10.20_15.00.00.jpg,2016-10-20T15:00:00Z,,,,,skipped_existing,destination JPEG already exists
2016/10/20/HMI.m2016.10.20_18.00.00.jpg,2016-10-20T18:00:00Z,,,,,skipped_existing,destination JPEG already exists
2016/10/21/HMI.m2016.10.21_00.00.00.jpg,2016-10-21T00:00:00Z,,,,,skipped_existing,destination JPEG already exists
2016/10/21/HMI.m2016.10.21_14.00.00.jpg,2016-10-21T14:00:00Z,,,,,skipped_existing,destination JPEG already exists
2016/10/22/HMI.m2016.10.22_19.00.00.jpg,2016-10-22T19:00:00Z,,,,,skipped_existing,destination JPEG already exists
2016/10/22/HMI.m2016.10.22_21.00.00.jpg,2016-10-22T21:00:00Z,,,,,skipped_existing,destination JPEG already exists
2016/10/23/HMI.m2016.10.23_01.00.00.jpg,2016-10-23T01:00:00Z,,,,,skipped_existing,destination JPEG already exists
2016/10/23/HMI.m2016.10.23_12.00.00.jpg,2016-10-23T12:00:00Z,,,,,skipped_existing,destination JPEG already exists
2016/10/24/HMI.m2016.10.24_01.00.00.jpg,2016-10-24T01:00:00Z,,,,,skipped_existing,destination JPEG already exists
2016/10/24/HMI.m2016.10.24_21.00.00.jpg,2016-10-24T21:00:00Z,,,,,skipped_existing,destination JPEG already exists
2016/10/25/HMI.m2016.10.25_01.00.00.jpg,2016-10-25T01:00:00Z,,,,,skipped_existing,destination JPEG already exists
2016/10/25/HMI.m2016.10.25_11.00.00.jpg,2016-10-25T11:00:00Z,,,,,skipped_existing,destination JPEG already exists
2016/10/27/HMI.m2016.10.27_18.00.00.jpg,2016-10-27T18:00:00Z,,,,,skipped_existing,destination JPEG already exists
2016/10/29/HMI.m2016.10.29_13.00.00.jpg,2016-10-29T13:00:00Z,,,,,skipped_existing,destination JPEG already exists
2016/10/29/HMI.m2016.10.29_16.00.00.jpg,2016-10-29T16:00:00Z,,,,,skipped_existing,destination JPEG already exists
2016/10/30/HMI.m2016.10.30_18.00.00.jpg,2016-10-30T18:00:00Z,,,,,skipped_existing,destination JPEG already exists
2016/10/30/HMI.m2016.10.30_19.00.00.jpg,2016-10-30T19:00:00Z,,,,,skipped_existing,destination JPEG already exists
2016/10/31/HMI.m2016.10.31_22.00.00.jpg,2016-10-31T22:00:00Z,,,,,skipped_existing,destination JPEG already exists
2016/11/01/HMI.m2016.11.01_05.00.00.jpg,2016-11-01T05:00:00Z,,,,,skipped_existing,destination JPEG already exists
2016/11/01/HMI.m2016.11.01_18.00.00.jpg,2016-11-01T18:00:00Z,,,,,skipped_existing,destination JPEG already exists
2016/11/02/HMI.m2016.11.02_05.00.00.jpg,2016-11-02T05:00:00Z,,,,,skipped_existing,destination JPEG already exists
2016/11/02/HMI.m2016.11.02_08.00.00.jpg,2016-11-02T08:00:00Z,,,,,skipped_existing,destination JPEG already exists
2016/11/02/HMI.m2016.11.02_11.00.00.jpg,2016-11-02T11:00:00Z,,,,,skipped_existing,destination JPEG already exists
2016/11/02/HMI.m2016.11.02_18.00.00.jpg,2016-11-02T18:00:00Z,,,,,skipped_existing,destination JPEG already exists
2016/11/03/HMI.m2016.11.03_05.00.00.jpg,2016-11-03T05:00:00Z,,,,,skipped_existing,destination JPEG already exists
2016/11/04/HMI.m2016.11.04_00.00.00.jpg,2016-11-04T00:00:00Z,,,,,skipped_existing,destination JPEG already exists
2016/11/05/HMI.m2016.11.05_08.00.00.jpg,2016-11-05T08:00:00Z,,,,,skipped_existing,destination JPEG already exists
2016/11/05/HMI.m2016.11.05_15.00.00.jpg,2016-11-05T15:00:00Z,,,,,skipped_existing,destination JPEG already exists
2016/11/06/HMI.m2016.11.06_14.00.00.jpg,2016-11-06T14:00:00Z,,,,,skipped_existing,destination JPEG already exists
2016/11/06/HMI.m2016.11.06_18.00.00.jpg,2016-11-06T18:00:00Z,,,,,skipped_existing,destination JPEG already exists
2016/11/07/HMI.m2016.11.07_21.00.00.jpg,2016-11-07T21:00:00Z,,,,,skipped_existing,destination JPEG already exists
2016/11/08/HMI.m2016.11.08_08.00.00.jpg,2016-11-08T08:00:00Z,,,,,skipped_existing,destination JPEG already exists
2016/11/08/HMI.m2016.11.08_14.00.00.jpg,2016-11-08T14:00:00Z,,,,,skipped_existing,destination JPEG already exists
2016/11/11/HMI.m2016.11.11_03.00.00.jpg,2016-11-11T03:00:00Z,,,,,skipped_existing,destination JPEG already exists
2016/11/11/HMI.m2016.11.11_04.00.00.jpg,2016-11-11T04:00:00Z,,,,,skipped_existing,destination JPEG already exists
2016/11/11/HMI.m2016.11.11_18.00.00.jpg,2016-11-11T18:00:00Z,,,,,skipped_existing,destination JPEG already exists
2016/11/12/HMI.m2016.11.12_12.00.00.jpg,2016-11-12T12:00:00Z,,,,,skipped_existing,destination JPEG already exists
2016/11/14/HMI.m2016.11.14_16.00.00.jpg,2016-11-14T16:00:00Z,,,,,skipped_existing,destination JPEG already exists
2016/11/16/HMI.m2016.11.16_05.00.00.jpg,2016-11-16T05:00:00Z,,,,,skipped_existing,destination JPEG already exists
2016/11/17/HMI.m2016.11.17_12.00.00.jpg,2016-11-17T12:00:00Z,,,,,skipped_existing,destination JPEG already exists
2016/11/18/HMI.m2016.11.18_10.00.00.jpg,2016-11-18T10:00:00Z,,,,,skipped_existing,destination JPEG already exists
2016/11/18/HMI.m2016.11.18_19.00.00.jpg,2016-11-18T19:00:00Z,,,,,skipped_existing,destination JPEG already exists
2016/11/20/HMI.m2016.11.20_04.00.00.jpg,2016-11-20T04:00:00Z,,,,,skipped_existing,destination JPEG already exists
2016/11/23/HMI.m2016.11.23_16.00.00.jpg,2016-11-23T16:00:00Z,,,,,skipped_existing,destination JPEG already exists
2016/11/24/HMI.m2016.11.24_00.00.00.jpg,2016-11-24T00:00:00Z,,,,,skipped_existing,destination JPEG already exists
2016/11/27/HMI.m2016.11.27_06.00.00.jpg,2016-11-27T06:00:00Z,,,,,skipped_existing,destination JPEG already exists
2016/11/28/HMI.m2016.11.28_09.00.00.jpg,2016-11-28T09:00:00Z,,,,,skipped_existing,destination JPEG already exists
2016/11/28/HMI.m2016.11.28_13.00.00.jpg,2016-11-28T13:00:00Z,,,,,skipped_existing,destination JPEG already exists
2016/11/28/HMI.m2016.11.28_20.00.00.jpg,2016-11-28T20:00:00Z,,,,,skipped_existing,destination JPEG already exists
2016/11/28/HMI.m2016.11.28_21.00.00.jpg,2016-11-28T21:00:00Z,,,,,skipped_existing,destination JPEG already exists
2016/11/29/HMI.m2016.11.29_00.00.00.jpg,2016-11-29T00:00:00Z,,,,,skipped_existing,destination JPEG already exists
2016/11/29/HMI.m2016.11.29_03.00.00.jpg,2016-11-29T03:00:00Z,,,,,skipped_existing,destination JPEG already exists
2016/11/29/HMI.m2016.11.29_05.00.00.jpg,2016-11-29T05:00:00Z,,,,,skipped_existing,destination JPEG already exists
2016/11/29/HMI.m2016.11.29_10.00.00.jpg,2016-11-29T10:00:00Z,,,,,skipped_existing,destination JPEG already exists
2016/11/29/HMI.m2016.11.29_13.00.00.jpg,2016-11-29T13:00:00Z,,,,,skipped_existing,destination JPEG already exists
2016/11/29/HMI.m2016.11.29_20.00.00.jpg,2016-11-29T20:00:00Z,,,,,skipped_existing,destination JPEG already exists
2016/12/01/HMI.m2016.12.01_02.00.00.jpg,2016-12-01T02:00:00Z,,,,,skipped_existing,destination JPEG already exists
2016/12/01/HMI.m2016.12.01_17.00.00.jpg,2016-12-01T17:00:00Z,,,,,skipped_existing,destination JPEG already exists
2016/12/02/HMI.m2016.12.02_14.00.00.jpg,2016-12-02T14:00:00Z,,,,,skipped_existing,destination JPEG already exists
2016/12/03/HMI.m2016.12.03_00.00.00.jpg,2016-12-03T00:00:00Z,,,,,skipped_existing,destination JPEG already exists
2016/12/03/HMI.m2016.12.03_18.00.00.jpg,2016-12-03T18:00:00Z,,,,,skipped_existing,destination JPEG already exists
2016/12/08/HMI.m2016.12.08_01.00.00.jpg,2016-12-08T01:00:00Z,,,,,skipped_existing,destination JPEG already exists
2016/12/08/HMI.m2016.12.08_09.00.00.jpg,2016-12-08T09:00:00Z,,,,,skipped_existing,destination JPEG already exists
2016/12/08/HMI.m2016.12.08_10.00.00.jpg,2016-12-08T10:00:00Z,,,,,skipped_existing,destination JPEG already exists
2016/12/09/HMI.m2016.12.09_01.00.00.jpg,2016-12-09T01:00:00Z,,,,,skipped_existing,destination JPEG already exists
2016/12/09/HMI.m2016.12.09_07.00.00.jpg,2016-12-09T07:00:00Z,,,,,skipped_existing,destination JPEG already exists
2016/12/09/HMI.m2016.12.09_13.00.00.jpg,2016-12-09T13:00:00Z,,,,,skipped_existing,destination JPEG already exists
2016/12/10/HMI.m2016.12.10_23.00.00.jpg,2016-12-10T23:00:00Z,,,,,skipped_existing,destination JPEG already exists
2016/12/13/HMI.m2016.12.13_05.00.00.jpg,2016-12-13T05:00:00Z,,,,,skipped_existing,destination JPEG already exists
2016/12/14/HMI.m2016.12.14_21.00.00.jpg,2016-12-14T21:00:00Z,,,,,skipped_existing,destination JPEG already exists
2016/12/18/HMI.m2016.12.18_16.00.00.jpg,2016-12-18T16:00:00Z,,,,,skipped_existing,destination JPEG already exists
2016/12/19/HMI.m2016.12.19_15.00.00.jpg,2016-12-19T15:00:00Z,,,,,skipped_existing,destination JPEG already exists
2016/12/19/HMI.m2016.12.19_23.00.00.jpg,2016-12-19T23:00:00Z,,,,,skipped_existing,destination JPEG already exists
2016/12/20/HMI.m2016.12.20_23.00.00.jpg,2016-12-20T23:00:00Z,,,,,skipped_existing,destination JPEG already exists
2016/12/21/HMI.m2016.12.21_09.00.00.jpg,2016-12-21T09:00:00Z,,,,,skipped_existing,destination JPEG already exists
2016/12/21/HMI.m2016.12.21_14.00.00.jpg,2016-12-21T14:00:00Z,,,,,skipped_existing,destination JPEG already exists
2016/12/21/HMI.m2016.12.21_17.00.00.jpg,2016-12-21T17:00:00Z,,,,,skipped_existing,destination JPEG already exists
2016/12/21/HMI.m2016.12.21_18.00.00.jpg,2016-12-21T18:00:00Z,,,,,skipped_existing,destination JPEG already exists
2016/12/23/HMI.m2016.12.23_11.00.00.jpg,2016-12-23T11:00:00Z,,,,,skipped_existing,destination JPEG already exists
2016/12/23/HMI.m2016.12.23_20.00.00.jpg,2016-12-23T20:00:00Z,,,,,skipped_existing,destination JPEG already exists
2016/12/24/HMI.m2016.12.24_04.00.00.jpg,2016-12-24T04:00:00Z,,,,,skipped_existing,destination JPEG already exists
2016/12/28/HMI.m2016.12.28_01.00.00.jpg,2016-12-28T01:00:00Z,,,,,skipped_existing,destination JPEG already exists
2016/12/30/HMI.m2016.12.30_12.00.00.jpg,2016-12-30T12:00:00Z,,,,,skipped_existing,destination JPEG already exists
2016/12/31/HMI.m2016.12.31_20.00.00.jpg,2016-12-31T20:00:00Z,,,,,skipped_existing,destination JPEG already exists
2017/01/03/HMI.m2017.01.03_06.00.00.jpg,2017-01-03T06:00:00Z,,,,,skipped_existing,destination JPEG already exists
2017/01/04/HMI.m2017.01.04_03.00.00.jpg,2017-01-04T03:00:00Z,,,,,skipped_existing,destination JPEG already exists
2017/01/04/HMI.m2017.01.04_12.00.00.jpg,2017-01-04T12:00:00Z,,,,,skipped_existing,destination JPEG already exists
2017/01/05/HMI.m2017.01.05_06.00.00.jpg,2017-01-05T06:00:00Z,,,,,skipped_existing,destination JPEG already exists
2017/01/06/HMI.m2017.01.06_05.00.00.jpg,2017-01-06T05:00:00Z,,,,,skipped_existing,destination JPEG already exists
2017/01/06/HMI.m2017.01.06_12.00.00.jpg,2017-01-06T12:00:00Z,,,,,skipped_existing,destination JPEG already exists
2017/01/06/HMI.m2017.01.06_13.00.00.jpg,2017-01-06T13:00:00Z,,,,,skipped_existing,destination JPEG already exists
2017/01/08/HMI.m2017.01.08_15.00.00.jpg,2017-01-08T15:00:00Z,,,,,skipped_existing,destination JPEG already exists
2017/01/08/HMI.m2017.01.08_16.00.00.jpg,2017-01-08T16:00:00Z,,,,,skipped_existing,destination JPEG already exists
2017/01/09/HMI.m2017.01.09_10.00.00.jpg,2017-01-09T10:00:00Z,,,,,skipped_existing,destination JPEG already exists
2017/01/09/HMI.m2017.01.09_22.00.00.jpg,2017-01-09T22:00:00Z,,,,,skipped_existing,destination JPEG already exists
2017/01/10/HMI.m2017.01.10_12.00.00.jpg,2017-01-10T12:00:00Z,,,,,skipped_existing,destination JPEG already exists
2017/01/10/HMI.m2017.01.10_16.00.00.jpg,2017-01-10T16:00:00Z,,,,,skipped_existing,destination JPEG already exists
2017/01/10/HMI.m2017.01.10_20.00.00.jpg,2017-01-10T20:00:00Z,,,,,skipped_existing,destination JPEG already exists
2017/01/10/HMI.m2017.01.10_22.00.00.jpg,2017-01-10T22:00:00Z,,,,,skipped_existing,destination JPEG already exists
2017/01/11/HMI.m2017.01.11_06.00.00.jpg,2017-01-11T06:00:00Z,,,,,skipped_existing,destination JPEG already exists
2017/01/12/HMI.m2017.01.12_21.00.00.jpg,2017-01-12T21:00:00Z,,,,,skipped_existing,destination JPEG already exists
2017/01/13/HMI.m2017.01.13_02.00.00.jpg,2017-01-13T02:00:00Z,,,,,skipped_existing,destination JPEG already exists
2017/01/14/HMI.m2017.01.14_16.00.00.jpg,2017-01-14T16:00:00Z,,,,,skipped_existing,destination JPEG already exists
2017/01/15/HMI.m2017.01.15_19.00.00.jpg,2017-01-15T19:00:00Z,,,,,skipped_existing,destination JPEG already exists
2017/01/16/HMI.m2017.01.16_04.00.00.jpg,2017-01-16T04:00:00Z,,,,,skipped_existing,destination JPEG already exists
2017/01/19/HMI.m2017.01.19_22.00.00.jpg,2017-01-19T22:00:00Z,,,,,skipped_existing,destination JPEG already exists
2017/01/20/HMI.m2017.01.20_05.00.00.jpg,2017-01-20T05:00:00Z,,,,,skipped_existing,destination JPEG already exists
2017/01/21/HMI.m2017.01.21_14.00.00.jpg,2017-01-21T14:00:00Z,,,,,skipped_existing,destination JPEG already exists
2017/01/24/HMI.m2017.01.24_21.00.00.jpg,2017-01-24T21:00:00Z,,,,,skipped_existing,destination JPEG already exists
2017/01/25/HMI.m2017.01.25_03.00.00.jpg,2017-01-25T03:00:00Z,,,,,skipped_existing,destination JPEG already exists
2017/01/25/HMI.m2017.01.25_09.00.00.jpg,2017-01-25T09:00:00Z,,,,,skipped_existing,destination JPEG already exists
2017/01/26/HMI.m2017.01.26_01.00.00.jpg,2017-01-26T01:00:00Z,,,,,skipped_existing,destination JPEG already exists
2017/01/27/HMI.m2017.01.27_00.00.00.jpg,2017-01-27T00:00:00Z,,,,,skipped_existing,destination JPEG already exists
2017/01/29/HMI.m2017.01.29_16.00.00.jpg,2017-01-29T16:00:00Z,,,,,skipped_existing,destination JPEG already exists
2017/01/30/HMI.m2017.01.30_04.00.00.jpg,2017-01-30T04:00:00Z,,,,,skipped_existing,destination JPEG already exists
2017/01/30/HMI.m2017.01.30_14.00.00.jpg,2017-01-30T14:00:00Z,,,,,skipped_existing,destination JPEG already exists
2017/01/30/HMI.m2017.01.30_22.00.00.jpg,2017-01-30T22:00:00Z,,,,,skipped_existing,destination JPEG already exists
2017/02/01/HMI.m2017.02.01_10.00.00.jpg,2017-02-01T10:00:00Z,,,,,skipped_existing,destination JPEG already exists
2017/02/01/HMI.m2017.02.01_16.00.00.jpg,2017-02-01T16:00:00Z,,,,,skipped_existing,destination JPEG already exists
2017/02/06/HMI.m2017.02.06_05.00.00.jpg,2017-02-06T05:00:00Z,,,,,skipped_existing,destination JPEG already exists
2017/02/09/HMI.m2017.02.09_18.00.00.jpg,2017-02-09T18:00:00Z,,,,,skipped_existing,destination JPEG already exists
2017/02/14/HMI.m2017.02.14_06.00.00.jpg,2017-02-14T06:00:00Z,,,,,skipped_existing,destination JPEG already exists
2017/02/16/HMI.m2017.02.16_23.00.00.jpg,2017-02-16T23:00:00Z,,,,,skipped_existing,destination JPEG already exists
2017/02/19/HMI.m2017.02.19_16.00.00.jpg,2017-02-19T16:00:00Z,,,,,skipped_existing,destination JPEG already exists
2017/02/20/HMI.m2017.02.20_03.00.00.jpg,2017-02-20T03:00:00Z,,,,,skipped_existing,destination JPEG already exists
2017/02/20/HMI.m2017.02.20_15.00.00.jpg,2017-02-20T15:00:00Z,,,,,skipped_existing,destination JPEG already exists
2017/02/21/HMI.m2017.02.21_02.00.00.jpg,2017-02-21T02:00:00Z,,,,,skipped_existing,destination JPEG already exists
2017/02/21/HMI.m2017.02.21_12.00.00.jpg,2017-02-21T12:00:00Z,,,,,skipped_existing,destination JPEG already exists
2017/02/22/HMI.m2017.02.22_03.00.00.jpg,2017-02-22T03:00:00Z,,,,,skipped_existing,destination JPEG already exists
2017/02/22/HMI.m2017.02.22_20.00.00.jpg,2017-02-22T20:00:00Z,,,,,skipped_existing,destination JPEG already exists
2017/02/23/HMI.m2017.02.23_12.00.00.jpg,2017-02-23T12:00:00Z,,,,,skipped_existing,destination JPEG already exists
2017/02/26/HMI.m2017.02.26_12.00.00.jpg,2017-02-26T12:00:00Z,,,,,skipped_existing,destination JPEG already exists
2017/02/26/HMI.m2017.02.26_13.00.00.jpg,2017-02-26T13:00:00Z,,,,,skipped_existing,destination JPEG already exists
2017/02/28/HMI.m2017.02.28_04.00.00.jpg,2017-02-28T04:00:00Z,,,,,skipped_existing,destination JPEG already exists
2017/02/28/HMI.m2017.02.28_16.00.00.jpg,2017-02-28T16:00:00Z,,,,,skipped_existing,destination JPEG already exists
2017/03/01/HMI.m2017.03.01_09.00.00.jpg,2017-03-01T09:00:00Z,,,,,skipped_existing,destination JPEG already exists
2017/03/02/HMI.m2017.03.02_15.00.00.jpg,2017-03-02T15:00:00Z,,,,,skipped_existing,destination JPEG already exists
2017/03/04/HMI.m2017.03.04_00.00.00.jpg,2017-03-04T00:00:00Z,,,,,skipped_existing,destination JPEG already exists
2017/03/04/HMI.m2017.03.04_09.00.00.jpg,2017-03-04T09:00:00Z,,,,,skipped_existing,destination JPEG already exists
2017/03/04/HMI.m2017.03.04_10.00.00.jpg,2017-03-04T10:00:00Z,,,,,skipped_existing,destination JPEG already exists
2017/03/04/HMI.m2017.03.04_22.00.00.jpg,2017-03-04T22:00:00Z,,,,,skipped_existing,destination JPEG already exists
2017/03/05/HMI.m2017.03.05_00.00.00.jpg,2017-03-05T00:00:00Z,,,,,skipped_existing,destination JPEG already exists
2017/03/05/HMI.m2017.03.05_04.00.00.jpg,2017-03-05T04:00:00Z,,,,,skipped_existing,destination JPEG already exists
2017/03/06/HMI.m2017.03.06_22.00.00.jpg,2017-03-06T22:00:00Z,,,,,skipped_existing,destination JPEG already exists
2017/03/07/HMI.m2017.03.07_09.00.00.jpg,2017-03-07T09:00:00Z,,,,,skipped_existing,destination JPEG already exists
2017/03/07/HMI.m2017.03.07_10.00.00.jpg,2017-03-07T10:00:00Z,,,,,skipped_existing,destination JPEG already exists
2017/03/07/HMI.m2017.03.07_12.00.00.jpg,2017-03-07T12:00:00Z,,,,,skipped_existing,destination JPEG already exists
2017/03/08/HMI.m2017.03.08_04.00.00.jpg,2017-03-08T04:00:00Z,,,,,skipped_existing,destination JPEG already exists
2017/03/08/HMI.m2017.03.08_15.00.00.jpg,2017-03-08T15:00:00Z,,,,,skipped_existing,destination JPEG already exists
2017/03/08/HMI.m2017.03.08_19.00.00.jpg,2017-03-08T19:00:00Z,,,,,skipped_existing,destination JPEG already exists
2017/03/09/HMI.m2017.03.09_06.00.00.jpg,2017-03-09T06:00:00Z,,,,,skipped_existing,destination JPEG already exists
2017/03/11/HMI.m2017.03.11_12.00.00.jpg,2017-03-11T12:00:00Z,,,,,skipped_existing,destination JPEG already exists
2017/03/12/HMI.m2017.03.12_00.00.00.jpg,2017-03-12T00:00:00Z,,,,,skipped_existing,destination JPEG already exists
2017/03/14/HMI.m2017.03.14_11.00.00.jpg,2017-03-14T11:00:00Z,,,,,skipped_existing,destination JPEG already exists
2017/03/15/HMI.m2017.03.15_00.00.00.jpg,2017-03-15T00:00:00Z,,,,,skipped_existing,destination JPEG already exists
2017/03/15/HMI.m2017.03.15_03.00.00.jpg,2017-03-15T03:00:00Z,,,,,skipped_existing,destination JPEG already exists
2017/03/15/HMI.m2017.03.15_07.00.00.jpg,2017-03-15T07:00:00Z,,,,,skipped_existing,destination JPEG already exists
2017/03/16/HMI.m2017.03.16_08.00.00.jpg,2017-03-16T08:00:00Z,,,,,skipped_existing,destination JPEG already exists
2017/03/17/HMI.m2017.03.17_16.00.00.jpg,2017-03-17T16:00:00Z,,,,,skipped_existing,destination JPEG already exists
2017/03/18/HMI.m2017.03.18_08.00.00.jpg,2017-03-18T08:00:00Z,,,,,skipped_existing,destination JPEG already exists
2017/03/18/HMI.m2017.03.18_19.00.00.jpg,2017-03-18T19:00:00Z,,,,,skipped_existing,destination JPEG already exists
2017/03/19/HMI.m2017.03.19_11.00.00.jpg,2017-03-19T11:00:00Z,,,,,skipped_existing,destination JPEG already exists
2017/03/19/HMI.m2017.03.19_23.00.00.jpg,2017-03-19T23:00:00Z,,,,,skipped_existing,destination JPEG already exists
2017/03/20/HMI.m2017.03.20_21.00.00.jpg,2017-03-20T21:00:00Z,,,,,skipped_existing,destination JPEG already exists
2017/03/22/HMI.m2017.03.22_06.00.00.jpg,2017-03-22T06:00:00Z,,,,,skipped_existing,destination JPEG already exists
2017/03/25/HMI.m2017.03.25_10.00.00.jpg,2017-03-25T10:00:00Z,,,,,skipped_existing,destination JPEG already exists
2017/03/25/HMI.m2017.03.25_23.00.00.jpg,2017-03-25T23:00:00Z,,,,,skipped_existing,destination JPEG already exists
2017/03/27/HMI.m2017.03.27_06.00.00.jpg,2017-03-27T06:00:00Z,,,,,skipped_existing,destination JPEG already exists
2017/03/28/HMI.m2017.03.28_18.00.00.jpg,2017-03-28T18:00:00Z,,,,,skipped_existing,destination JPEG already exists
2017/03/28/HMI.m2017.03.28_21.00.00.jpg,2017-03-28T21:00:00Z,,,,,skipped_existing,destination JPEG already exists
2017/03/29/HMI.m2017.03.29_13.00.00.jpg,2017-03-29T13:00:00Z,,,,,skipped_existing,destination JPEG already exists
2017/03/29/HMI.m2017.03.29_15.00.00.jpg,2017-03-29T15:00:00Z,,,,,skipped_existing,destination JPEG already exists
2017/03/30/HMI.m2017.03.30_12.00.00.jpg,2017-03-30T12:00:00Z,,,,,skipped_existing,destination JPEG already exists
2017/03/31/HMI.m2017.03.31_12.00.00.jpg,2017-03-31T12:00:00Z,,,,,skipped_existing,destination JPEG already exists
2017/03/31/HMI.m2017.03.31_22.00.00.jpg,2017-03-31T22:00:00Z,,,,,skipped_existing,destination JPEG already exists
2017/03/31/HMI.m2017.03.31_23.00.00.jpg,2017-03-31T23:00:00Z,,,,,skipped_existing,destination JPEG already exists
2017/04/01/HMI.m2017.04.01_00.00.00.jpg,2017-04-01T00:00:00Z,,,,,skipped_existing,destination JPEG already exists
2017/04/01/HMI.m2017.04.01_01.00.00.jpg,2017-04-01T01:00:00Z,,,,,skipped_existing,destination JPEG already exists
2017/04/01/HMI.m2017.04.01_02.00.00.jpg,2017-04-01T02:00:00Z,,,,,skipped_existing,destination JPEG already exists
2017/04/01/HMI.m2017.04.01_03.00.00.jpg,2017-04-01T03:00:00Z,,,,,skipped_existing,destination JPEG already exists
2017/04/01/HMI.m2017.04.01_04.00.00.jpg,2017-04-01T04:00:00Z,,,,,skipped_existing,destination JPEG already exists
2017/04/01/HMI.m2017.04.01_05.00.00.jpg,2017-04-01T05:00:00Z,,,,,skipped_existing,destination JPEG already exists
2017/04/01/HMI.m2017.04.01_06.00.00.jpg,2017-04-01T06:00:00Z,,,,,skipped_existing,destination JPEG already exists
2017/04/01/HMI.m2017.04.01_07.00.00.jpg,2017-04-01T07:00:00Z,,,,,skipped_existing,destination JPEG already exists
2017/04/01/HMI.m2017.04.01_08.00.00.jpg,2017-04-01T08:00:00Z,,,,,skipped_existing,destination JPEG already exists
2017/04/01/HMI.m2017.04.01_09.00.00.jpg,2017-04-01T09:00:00Z,,,,,skipped_existing,destination JPEG already exists
2017/04/01/HMI.m2017.04.01_10.00.00.jpg,2017-04-01T10:00:00Z,,,,,skipped_existing,destination JPEG already exists
2017/04/01/HMI.m2017.04.01_11.00.00.jpg,2017-04-01T11:00:00Z,,,,,skipped_existing,destination JPEG already exists
2017/04/01/HMI.m2017.04.01_12.00.00.jpg,2017-04-01T12:00:00Z,,,,,skipped_existing,destination JPEG already exists
2017/04/01/HMI.m2017.04.01_13.00.00.jpg,2017-04-01T13:00:00Z,,,,,skipped_existing,destination JPEG already exists
2017/04/01/HMI.m2017.04.01_14.00.00.jpg,2017-04-01T14:00:00Z,,,,,skipped_existing,destination JPEG already exists
2017/04/01/HMI.m2017.04.01_15.00.00.jpg,2017-04-01T15:00:00Z,,,,,skipped_existing,destination JPEG already exists
2017/04/01/HMI.m2017.04.01_16.00.00.jpg,2017-04-01T16:00:00Z,,,,,skipped_existing,destination JPEG already exists
2017/04/01/HMI.m2017.04.01_17.00.00.jpg,2017-04-01T17:00:00Z,,,,,skipped_existing,destination JPEG already exists
2017/04/01/HMI.m2017.04.01_18.00.00.jpg,2017-04-01T18:00:00Z,,,,,skipped_existing,destination JPEG already exists
2017/04/01/HMI.m2017.04.01_19.00.00.jpg,2017-04-01T19:00:00Z,,,,,skipped_existing,destination JPEG already exists
2017/04/01/HMI.m2017.04.01_20.00.00.jpg,2017-04-01T20:00:00Z,,,,,skipped_existing,destination JPEG already exists
2017/04/01/HMI.m2017.04.01_21.00.00.jpg,2017-04-01T21:00:00Z,,,,,skipped_existing,destination JPEG already exists
2017/04/01/HMI.m2017.04.01_22.00.00.jpg,2017-04-01T22:00:00Z,,,,,skipped_existing,destination JPEG already exists
2017/04/01/HMI.m2017.04.01_23.00.00.jpg,2017-04-01T23:00:00Z,,,,,skipped_existing,destination JPEG already exists
2017/04/02/HMI.m2017.04.02_00.00.00.jpg,2017-04-02T00:00:00Z,,,,,skipped_existing,destination JPEG already exists
2017/04/02/HMI.m2017.04.02_01.00.00.jpg,2017-04-02T01:00:00Z,,,,,skipped_existing,destination JPEG already exists
2017/04/02/HMI.m2017.04.02_02.00.00.jpg,2017-04-02T02:00:00Z,,,,,skipped_existing,destination JPEG already exists
2017/04/02/HMI.m2017.04.02_03.00.00.jpg,2017-04-02T03:00:00Z,,,,,skipped_existing,destination JPEG already exists
2017/04/02/HMI.m2017.04.02_04.00.00.jpg,2017-04-02T04:00:00Z,,,,,skipped_existing,destination JPEG already exists
2017/04/02/HMI.m2017.04.02_05.00.00.jpg,2017-04-02T05:00:00Z,,,,,skipped_existing,destination JPEG already exists
2017/04/02/HMI.m2017.04.02_06.00.00.jpg,2017-04-02T06:00:00Z,,,,,skipped_existing,destination JPEG already exists
2017/04/02/HMI.m2017.04.02_07.00.00.jpg,2017-04-02T07:00:00Z,,,,,skipped_existing,destination JPEG already exists
2017/04/02/HMI.m2017.04.02_08.00.00.jpg,2017-04-02T08:00:00Z,,,,,skipped_existing,destination JPEG already exists
2017/04/02/HMI.m2017.04.02_09.00.00.jpg,2017-04-02T09:00:00Z,,,,,skipped_existing,destination JPEG already exists
2017/04/02/HMI.m2017.04.02_10.00.00.jpg,2017-04-02T10:00:00Z,,,,,skipped_existing,destination JPEG already exists
2017/04/02/HMI.m2017.04.02_11.00.00.jpg,2017-04-02T11:00:00Z,,,,,skipped_existing,destination JPEG already exists
2017/04/02/HMI.m2017.04.02_12.00.00.jpg,2017-04-02T12:00:00Z,,,,,skipped_existing,destination JPEG already exists
2017/04/02/HMI.m2017.04.02_13.00.00.jpg,2017-04-02T13:00:00Z,,,,,skipped_existing,destination JPEG already exists
2017/04/02/HMI.m2017.04.02_14.00.00.jpg,2017-04-02T14:00:00Z,,,,,skipped_existing,destination JPEG already exists
2017/04/02/HMI.m2017.04.02_15.00.00.jpg,2017-04-02T15:00:00Z,,,,,skipped_existing,destination JPEG already exists
2017/04/02/HMI.m2017.04.02_16.00.00.jpg,2017-04-02T16:00:00Z,,,,,skipped_existing,destination JPEG already exists
2017/04/02/HMI.m2017.04.02_17.00.00.jpg,2017-04-02T17:00:00Z,,,,,skipped_existing,destination JPEG already exists
2017/04/02/HMI.m2017.04.02_18.00.00.jpg,2017-04-02T18:00:00Z,,,,,skipped_existing,destination JPEG already exists
2017/04/02/HMI.m2017.04.02_19.00.00.jpg,2017-04-02T19:00:00Z,,,,,skipped_existing,destination JPEG already exists
2017/04/02/HMI.m2017.04.02_20.00.00.jpg,2017-04-02T20:00:00Z,,,,,skipped_existing,destination JPEG already exists
2017/04/02/HMI.m2017.04.02_21.00.00.jpg,2017-04-02T21:00:00Z,,,,,skipped_existing,destination JPEG already exists
2017/04/02/HMI.m2017.04.02_22.00.00.jpg,2017-04-02T22:00:00Z,,,,,skipped_existing,destination JPEG already exists
2017/04/02/HMI.m2017.04.02_23.00.00.jpg,2017-04-02T23:00:00Z,,,,,skipped_existing,destination JPEG already exists
2017/04/03/HMI.m2017.04.03_00.00.00.jpg,2017-04-03T00:00:00Z,,,,,skipped_existing,destination JPEG already exists
2017/04/03/HMI.m2017.04.03_01.00.00.jpg,2017-04-03T01:00:00Z,,,,,skipped_existing,destination JPEG already exists
2017/04/03/HMI.m2017.04.03_02.00.00.jpg,2017-04-03T02:00:00Z,,,,,skipped_existing,destination JPEG already exists
2017/04/03/HMI.m2017.04.03_03.00.00.jpg,2017-04-03T03:00:00Z,,,,,skipped_existing,destination JPEG already exists
2017/04/03/HMI.m2017.04.03_04.00.00.jpg,2017-04-03T04:00:00Z,,,,,skipped_existing,destination JPEG already exists
2017/04/03/HMI.m2017.04.03_05.00.00.jpg,2017-04-03T05:00:00Z,,,,,skipped_existing,destination JPEG already exists
2017/04/03/HMI.m2017.04.03_06.00.00.jpg,2017-04-03T06:00:00Z,,,,,skipped_existing,destination JPEG already exists
2017/04/03/HMI.m2017.04.03_07.00.00.jpg,2017-04-03T07:00:00Z,,,,,skipped_existing,destination JPEG already exists
2017/04/03/HMI.m2017.04.03_08.00.00.jpg,2017-04-03T08:00:00Z,,,,,skipped_existing,destination JPEG already exists
2017/04/03/HMI.m2017.04.03_09.00.00.jpg,2017-04-03T09:00:00Z,,,,,skipped_existing,destination JPEG already exists
2017/04/03/HMI.m2017.04.03_10.00.00.jpg,2017-04-03T10:00:00Z,,,,,skipped_existing,destination JPEG already exists
2017/04/03/HMI.m2017.04.03_11.00.00.jpg,2017-04-03T11:00:00Z,,,,,skipped_existing,destination JPEG already exists
2017/04/03/HMI.m2017.04.03_12.00.00.jpg,2017-04-03T12:00:00Z,,,,,skipped_existing,destination JPEG already exists
2017/04/03/HMI.m2017.04.03_13.00.00.jpg,2017-04-03T13:00:00Z,,,,,skipped_existing,destination JPEG already exists
2017/04/03/HMI.m2017.04.03_14.00.00.jpg,2017-04-03T14:00:00Z,,,,,skipped_existing,destination JPEG already exists
2017/04/04/HMI.m2017.04.04_07.00.00.jpg,2017-04-04T07:00:00Z,,,,,skipped_existing,destination JPEG already exists
2017/04/07/HMI.m2017.04.07_07.00.00.jpg,2017-04-07T07:00:00Z,,,,,skipped_existing,destination JPEG already exists
2017/04/07/HMI.m2017.04.07_19.00.00.jpg,2017-04-07T19:00:00Z,,,,,skipped_existing,destination JPEG already exists
2017/04/08/HMI.m2017.04.08_09.00.00.jpg,2017-04-08T09:00:00Z,,,,,skipped_existing,destination JPEG already exists
2017/04/09/HMI.m2017.04.09_11.00.00.jpg,2017-04-09T11:00:00Z,,,,,skipped_existing,destination JPEG already exists
2017/04/10/HMI.m2017.04.10_12.00.00.jpg,2017-04-10T12:00:00Z,,,,,skipped_existing,destination JPEG already exists
2017/04/11/HMI.m2017.04.11_14.00.00.jpg,2017-04-11T14:00:00Z,,,,,skipped_existing,destination JPEG already exists
2017/04/13/HMI.m2017.04.13_04.00.00.jpg,2017-04-13T04:00:00Z,,,,,skipped_existing,destination JPEG already exists
2017/04/13/HMI.m2017.04.13_12.00.00.jpg,2017-04-13T12:00:00Z,,,,,skipped_existing,destination JPEG already exists
2017/04/13/HMI.m2017.04.13_17.00.00.jpg,2017-04-13T17:00:00Z,,,,,skipped_existing,destination JPEG already exists
2017/04/14/HMI.m2017.04.14_18.00.00.jpg,2017-04-14T18:00:00Z,,,,,skipped_existing,destination JPEG already exists
2017/04/15/HMI.m2017.04.15_11.00.00.jpg,2017-04-15T11:00:00Z,,,,,skipped_existing,destination JPEG already exists
2017/04/20/HMI.m2017.04.20_12.00.00.jpg,2017-04-20T12:00:00Z,,,,,skipped_existing,destination JPEG already exists
2017/04/20/HMI.m2017.04.20_15.00.00.jpg,2017-04-20T15:00:00Z,,,,,skipped_existing,destination JPEG already exists
2017/04/22/HMI.m2017.04.22_20.00.00.jpg,2017-04-22T20:00:00Z,,,,,skipped_existing,destination JPEG already exists
2017/04/23/HMI.m2017.04.23_07.00.00.jpg,2017-04-23T07:00:00Z,,,,,skipped_existing,destination JPEG already exists
2017/04/23/HMI.m2017.04.23_08.00.00.jpg,2017-04-23T08:00:00Z,,,,,skipped_existing,destination JPEG already exists
2017/04/23/HMI.m2017.04.23_10.00.00.jpg,2017-04-23T10:00:00Z,,,,,skipped_existing,destination JPEG already exists
2017/04/24/HMI.m2017.04.24_05.00.00.jpg,2017-04-24T05:00:00Z,,,,,skipped_existing,destination JPEG already exists
2017/04/25/HMI.m2017.04.25_10.00.00.jpg,2017-04-25T10:00:00Z,,,,,skipped_existing,destination JPEG already exists
2017/04/27/HMI.m2017.04.27_03.00.00.jpg,2017-04-27T03:00:00Z,,,,,skipped_existing,destination JPEG already exists
2017/04/28/HMI.m2017.04.28_02.00.00.jpg,2017-04-28T02:00:00Z,,,,,skipped_existing,destination JPEG already exists
2017/04/28/HMI.m2017.04.28_20.00.00.jpg,2017-04-28T20:00:00Z,,,,,skipped_existing,destination JPEG already exists
2017/04/28/HMI.m2017.04.28_22.00.00.jpg,2017-04-28T22:00:00Z,,,,,skipped_existing,destination JPEG already exists
2017/04/29/HMI.m2017.04.29_19.00.00.jpg,2017-04-29T19:00:00Z,,,,,skipped_existing,destination JPEG already exists
2017/04/30/HMI.m2017.04.30_23.00.00.jpg,2017-04-30T23:00:00Z,,,,,skipped_existing,destination JPEG already exists
2017/05/04/HMI.m2017.05.04_02.00.00.jpg,2017-05-04T02:00:00Z,,,,,skipped_existing,destination JPEG already exists
2017/05/04/HMI.m2017.05.04_21.00.00.jpg,2017-05-04T21:00:00Z,,,,,skipped_existing,destination JPEG already exists
2017/05/05/HMI.m2017.05.05_17.00.00.jpg,2017-05-05T17:00:00Z,,,,,skipped_existing,destination JPEG already exists
2017/05/10/HMI.m2017.05.10_11.00.00.jpg,2017-05-10T11:00:00Z,,,,,skipped_existing,destination JPEG already exists
2017/05/11/HMI.m2017.05.11_13.00.00.jpg,2017-05-11T13:00:00Z,,,,,skipped_existing,destination JPEG already exists
2017/05/12/HMI.m2017.05.12_04.00.00.jpg,2017-05-12T04:00:00Z,,,,,skipped_existing,destination JPEG already exists
2017/05/12/HMI.m2017.05.12_06.00.00.jpg,2017-05-12T06:00:00Z,,,,,skipped_existing,destination JPEG already exists
2017/05/13/HMI.m2017.05.13_15.00.00.jpg,2017-05-13T15:00:00Z,,,,,skipped_existing,destination JPEG already exists
2017/05/15/HMI.m2017.05.15_14.00.00.jpg,2017-05-15T14:00:00Z,,,,,skipped_existing,destination JPEG already exists
2017/05/16/HMI.m2017.05.16_14.00.00.jpg,2017-05-16T14:00:00Z,,,,,skipped_existing,destination JPEG already exists
2017/05/18/HMI.m2017.05.18_09.00.00.jpg,2017-05-18T09:00:00Z,,,,,skipped_existing,destination JPEG already exists
2017/05/22/HMI.m2017.05.22_00.00.00.jpg,2017-05-22T00:00:00Z,,,,,skipped_existing,destination JPEG already exists
2017/05/22/HMI.m2017.05.22_08.00.00.jpg,2017-05-22T08:00:00Z,,,,,skipped_existing,destination JPEG already exists
2017/05/22/HMI.m2017.05.22_16.00.00.jpg,2017-05-22T16:00:00Z,,,,,skipped_existing,destination JPEG already exists
2017/05/22/HMI.m2017.05.22_18.00.00.jpg,2017-05-22T18:00:00Z,,,,,skipped_existing,destination JPEG already exists
2017/05/23/HMI.m2017.05.23_16.00.00.jpg,2017-05-23T16:00:00Z,,,,,skipped_existing,destination JPEG already exists
2017/05/24/HMI.m2017.05.24_02.00.00.jpg,2017-05-24T02:00:00Z,,,,,skipped_existing,destination JPEG already exists
2017/05/24/HMI.m2017.05.24_08.00.00.jpg,2017-05-24T08:00:00Z,,,,,skipped_existing,destination JPEG already exists
2017/05/25/HMI.m2017.05.25_05.00.00.jpg,2017-05-25T05:00:00Z,,,,,skipped_existing,destination JPEG already exists
2017/05/28/HMI.m2017.05.28_03.00.00.jpg,2017-05-28T03:00:00Z,,,,,skipped_existing,destination JPEG already exists
2017/05/30/HMI.m2017.05.30_01.00.00.jpg,2017-05-30T01:00:00Z,,,,,skipped_existing,destination JPEG already exists
2017/05/30/HMI.m2017.05.30_11.00.00.jpg,2017-05-30T11:00:00Z,,,,,skipped_existing,destination JPEG already exists
2017/05/30/HMI.m2017.05.30_21.00.00.jpg,2017-05-30T21:00:00Z,,,,,skipped_existing,destination JPEG already exists
2017/05/30/HMI.m2017.05.30_23.00.00.jpg,2017-05-30T23:00:00Z,,,,,skipped_existing,destination JPEG already exists
2017/05/31/HMI.m2017.05.31_00.00.00.jpg,2017-05-31T00:00:00Z,,,,,skipped_existing,destination JPEG already exists
2017/05/31/HMI.m2017.05.31_07.00.00.jpg,2017-05-31T07:00:00Z,,,,,skipped_existing,destination JPEG already exists
2017/06/01/HMI.m2017.06.01_20.00.00.jpg,2017-06-01T20:00:00Z,,,,,skipped_existing,destination JPEG already exists
2017/06/02/HMI.m2017.06.02_00.00.00.jpg,2017-06-02T00:00:00Z,,,,,skipped_existing,destination JPEG already exists
2017/06/02/HMI.m2017.06.02_06.00.00.jpg,2017-06-02T06:00:00Z,,,,,skipped_existing,destination JPEG already exists
2017/06/03/HMI.m2017.06.03_20.00.00.jpg,2017-06-03T20:00:00Z,,,,,skipped_existing,destination JPEG already exists
2017/06/06/HMI.m2017.06.06_05.00.00.jpg,2017-06-06T05:00:00Z,,,,,skipped_existing,destination JPEG already exists
2017/06/07/HMI.m2017.06.07_13.00.00.jpg,2017-06-07T13:00:00Z,,,,,skipped_existing,destination JPEG already exists
2017/06/11/HMI.m2017.06.11_14.00.00.jpg,2017-06-11T14:00:00Z,,,,,skipped_existing,destination JPEG already exists
2017/06/12/HMI.m2017.06.12_05.00.00.jpg,2017-06-12T05:00:00Z,,,,,skipped_existing,destination JPEG already exists
2017/06/14/HMI.m2017.06.14_02.00.00.jpg,2017-06-14T02:00:00Z,,,,,skipped_existing,destination JPEG already exists
2017/06/14/HMI.m2017.06.14_05.00.00.jpg,2017-06-14T05:00:00Z,,,,,skipped_existing,destination JPEG already exists
2017/06/20/HMI.m2017.06.20_14.00.00.jpg,2017-06-20T14:00:00Z,,,,,skipped_existing,destination JPEG already exists
2017/06/21/HMI.m2017.06.21_02.00.00.jpg,2017-06-21T02:00:00Z,,,,,skipped_existing,destination JPEG already exists
2017/06/21/HMI.m2017.06.21_12.00.00.jpg,2017-06-21T12:00:00Z,,,,,skipped_existing,destination JPEG already exists
2017/06/21/HMI.m2017.06.21_21.00.00.jpg,2017-06-21T21:00:00Z,,,,,skipped_existing,destination JPEG already exists
2017/06/23/HMI.m2017.06.23_19.00.00.jpg,2017-06-23T19:00:00Z,,,,,skipped_existing,destination JPEG already exists
2017/06/24/HMI.m2017.06.24_14.00.00.jpg,2017-06-24T14:00:00Z,,,,,skipped_existing,destination JPEG already exists
2017/06/25/HMI.m2017.06.25_07.00.00.jpg,2017-06-25T07:00:00Z,,,,,skipped_existing,destination JPEG already exists
2017/06/27/HMI.m2017.06.27_13.00.00.jpg,2017-06-27T13:00:00Z,,,,,skipped_existing,destination JPEG already exists
2017/06/27/HMI.m2017.06.27_22.00.00.jpg,2017-06-27T22:00:00Z,,,,,skipped_existing,destination JPEG already exists
2017/06/27/HMI.m2017.06.27_23.00.00.jpg,2017-06-27T23:00:00Z,,,,,skipped_existing,destination JPEG already exists
2017/06/29/HMI.m2017.06.29_04.00.00.jpg,2017-06-29T04:00:00Z,,,,,skipped_existing,destination JPEG already exists
2017/06/29/HMI.m2017.06.29_09.00.00.jpg,2017-06-29T09:00:00Z,,,,,skipped_existing,destination JPEG already exists
2017/06/30/HMI.m2017.06.30_09.00.00.jpg,2017-06-30T09:00:00Z,,,,,skipped_existing,destination JPEG already exists
2017/06/30/HMI.m2017.06.30_20.00.00.jpg,2017-06-30T20:00:00Z,,,,,skipped_existing,destination JPEG already exists
2017/07/02/HMI.m2017.07.02_06.00.00.jpg,2017-07-02T06:00:00Z,,,,,skipped_existing,destination JPEG already exists
2017/07/02/HMI.m2017.07.02_16.00.00.jpg,2017-07-02T16:00:00Z,,,,,skipped_existing,destination JPEG already exists
2017/07/02/HMI.m2017.07.02_17.00.00.jpg,2017-07-02T17:00:00Z,,,,,skipped_existing,destination JPEG already exists
2017/07/02/HMI.m2017.07.02_18.00.00.jpg,2017-07-02T18:00:00Z,,,,,skipped_existing,destination JPEG already exists
2017/07/02/HMI.m2017.07.02_19.00.00.jpg,2017-07-02T19:00:00Z,,,,,skipped_existing,destination JPEG already exists
2017/07/02/HMI.m2017.07.02_20.00.00.jpg,2017-07-02T20:00:00Z,,,,,skipped_existing,destination JPEG already exists
2017/07/02/HMI.m2017.07.02_21.00.00.jpg,2017-07-02T21:00:00Z,,,,,skipped_existing,destination JPEG already exists
2017/07/02/HMI.m2017.07.02_23.00.00.jpg,2017-07-02T23:00:00Z,,,,,skipped_existing,destination JPEG already exists
2017/07/03/HMI.m2017.07.03_02.00.00.jpg,2017-07-03T02:00:00Z,,,,,skipped_existing,destination JPEG already exists
2017/07/03/HMI.m2017.07.03_03.00.00.jpg,2017-07-03T03:00:00Z,,,,,skipped_existing,destination JPEG already exists
2017/07/03/HMI.m2017.07.03_04.00.00.jpg,2017-07-03T04:00:00Z,,,,,skipped_existing,destination JPEG already exists
2017/07/03/HMI.m2017.07.03_05.00.00.jpg,2017-07-03T05:00:00Z,,,,,skipped_existing,destination JPEG already exists
2017/07/03/HMI.m2017.07.03_06.00.00.jpg,2017-07-03T06:00:00Z,,,,,skipped_existing,destination JPEG already exists
2017/07/03/HMI.m2017.07.03_07.00.00.jpg,2017-07-03T07:00:00Z,,,,,skipped_existing,destination JPEG already exists
2017/07/03/HMI.m2017.07.03_09.00.00.jpg,2017-07-03T09:00:00Z,,,,,skipped_existing,destination JPEG already exists
2017/07/03/HMI.m2017.07.03_10.00.00.jpg,2017-07-03T10:00:00Z,,,,,skipped_existing,destination JPEG already exists
2017/07/03/HMI.m2017.07.03_11.00.00.jpg,2017-07-03T11:00:00Z,,,,,skipped_existing,destination JPEG already exists
2017/07/03/HMI.m2017.07.03_12.00.00.jpg,2017-07-03T12:00:00Z,,,,,skipped_existing,destination JPEG already exists
2017/07/03/HMI.m2017.07.03_13.00.00.jpg,2017-07-03T13:00:00Z,,,,,skipped_existing,destination JPEG already exists
2017/07/03/HMI.m2017.07.03_14.00.00.jpg,2017-07-03T14:00:00Z,,,,,skipped_existing,destination JPEG already exists
2017/07/03/HMI.m2017.07.03_15.00.00.jpg,2017-07-03T15:00:00Z,,,,,skipped_existing,destination JPEG already exists
2017/07/04/HMI.m2017.07.04_06.00.00.jpg,2017-07-04T06:00:00Z,,,,,skipped_existing,destination JPEG already exists
2017/07/04/HMI.m2017.07.04_15.00.00.jpg,2017-07-04T15:00:00Z,,,,,skipped_existing,destination JPEG already exists
2017/07/04/HMI.m2017.07.04_22.00.00.jpg,2017-07-04T22:00:00Z,,,,,skipped_existing,destination JPEG already exists
2017/07/04/HMI.m2017.07.04_23.00.00.jpg,2017-07-04T23:00:00Z,,,,,skipped_existing,destination JPEG already exists
2017/07/05/HMI.m2017.07.05_10.00.00.jpg,2017-07-05T10:00:00Z,,,,,skipped_existing,destination JPEG already exists
2017/07/05/HMI.m2017.07.05_12.00.00.jpg,2017-07-05T12:00:00Z,,,,,skipped_existing,destination JPEG already exists
2017/07/06/HMI.m2017.07.06_05.00.00.jpg,2017-07-06T05:00:00Z,,,,,skipped_existing,destination JPEG already exists
2017/07/07/HMI.m2017.07.07_10.00.00.jpg,2017-07-07T10:00:00Z,,,,,skipped_existing,destination JPEG already exists
2017/07/08/HMI.m2017.07.08_06.00.00.jpg,2017-07-08T06:00:00Z,,,,,skipped_existing,destination JPEG already exists
2017/07/08/HMI.m2017.07.08_07.00.00.jpg,2017-07-08T07:00:00Z,,,,,skipped_existing,destination JPEG already exists
2017/07/08/HMI.m2017.07.08_08.00.00.jpg,2017-07-08T08:00:00Z,,,,,skipped_existing,destination JPEG already exists
2017/07/08/HMI.m2017.07.08_09.00.00.jpg,2017-07-08T09:00:00Z,,,,,skipped_existing,destination JPEG already exists
2017/07/08/HMI.m2017.07.08_10.00.00.jpg,2017-07-08T10:00:00Z,,,,,skipped_existing,destination JPEG already exists
2017/07/08/HMI.m2017.07.08_12.00.00.jpg,2017-07-08T12:00:00Z,,,,,skipped_existing,destination JPEG already exists
2017/07/08/HMI.m2017.07.08_13.00.00.jpg,2017-07-08T13:00:00Z,,,,,skipped_existing,destination JPEG already exists
2017/07/08/HMI.m2017.07.08_14.00.00.jpg,2017-07-08T14:00:00Z,,,,,skipped_existing,destination JPEG already exists
2017/07/08/HMI.m2017.07.08_15.00.00.jpg,2017-07-08T15:00:00Z,,,,,skipped_existing,destination JPEG already exists
2017/07/08/HMI.m2017.07.08_17.00.00.jpg,2017-07-08T17:00:00Z,,,,,skipped_existing,destination JPEG already exists
2017/07/08/HMI.m2017.07.08_21.00.00.jpg,2017-07-08T21:00:00Z,,,,,skipped_existing,destination JPEG already exists
2017/07/09/HMI.m2017.07.09_00.00.00.jpg,2017-07-09T00:00:00Z,,,,,skipped_existing,destination JPEG already exists
2017/07/09/HMI.m2017.07.09_01.00.00.jpg,2017-07-09T01:00:00Z,,,,,skipped_existing,destination JPEG already exists
2017/07/09/HMI.m2017.07.09_20.00.00.jpg,2017-07-09T20:00:00Z,,,,,skipped_existing,destination JPEG already exists
2017/07/09/HMI.m2017.07.09_23.00.00.jpg,2017-07-09T23:00:00Z,,,,,skipped_existing,destination JPEG already exists
2017/07/10/HMI.m2017.07.10_04.00.00.jpg,2017-07-10T04:00:00Z,,,,,skipped_existing,destination JPEG already exists
2017/07/10/HMI.m2017.07.10_09.00.00.jpg,2017-07-10T09:00:00Z,,,,,skipped_existing,destination JPEG already exists
2017/07/11/HMI.m2017.07.11_23.00.00.jpg,2017-07-11T23:00:00Z,,,,,skipped_existing,destination JPEG already exists
2017/07/12/HMI.m2017.07.12_04.00.00.jpg,2017-07-12T04:00:00Z,,,,,skipped_existing,destination JPEG already exists
2017/07/13/HMI.m2017.07.13_02.00.00.jpg,2017-07-13T02:00:00Z,,,,,skipped_existing,destination JPEG already exists
2017/07/13/HMI.m2017.07.13_04.00.00.jpg,2017-07-13T04:00:00Z,,,,,skipped_existing,destination JPEG already exists
2017/07/13/HMI.m2017.07.13_05.00.00.jpg,2017-07-13T05:00:00Z,,,,,skipped_existing,destination JPEG already exists
2017/07/13/HMI.m2017.07.13_06.00.00.jpg,2017-07-13T06:00:00Z,,,,,skipped_existing,destination JPEG already exists
2017/07/13/HMI.m2017.07.13_07.00.00.jpg,2017-07-13T07:00:00Z,,,,,skipped_existing,destination JPEG already exists
2017/07/13/HMI.m2017.07.13_08.00.00.jpg,2017-07-13T08:00:00Z,,,,,skipped_existing,destination JPEG already exists
2017/07/13/HMI.m2017.07.13_09.00.00.jpg,2017-07-13T09:00:00Z,,,,,skipped_existing,destination JPEG already exists
2017/07/13/HMI.m2017.07.13_11.00.00.jpg,2017-07-13T11:00:00Z,,,,,skipped_existing,destination JPEG already exists
2017/07/13/HMI.m2017.07.13_13.00.00.jpg,2017-07-13T13:00:00Z,,,,,skipped_existing,destination JPEG already exists
2017/07/13/HMI.m2017.07.13_14.00.00.jpg,2017-07-13T14:00:00Z,,,,,skipped_existing,destination JPEG already exists
2017/07/13/HMI.m2017.07.13_15.00.00.jpg,2017-07-13T15:00:00Z,,,,,skipped_existing,destination JPEG already exists
2017/07/13/HMI.m2017.07.13_16.00.00.jpg,2017-07-13T16:00:00Z,,,,,skipped_existing,destination JPEG already exists
2017/07/13/HMI.m2017.07.13_18.00.00.jpg,2017-07-13T18:00:00Z,,,,,skipped_existing,destination JPEG already exists
2017/07/13/HMI.m2017.07.13_19.00.00.jpg,2017-07-13T19:00:00Z,,,,,skipped_existing,destination JPEG already exists
2017/07/13/HMI.m2017.07.13_20.00.00.jpg,2017-07-13T20:00:00Z,,,,,skipped_existing,destination JPEG already exists
2017/07/13/HMI.m2017.07.13_21.00.00.jpg,2017-07-13T21:00:00Z,,,,,skipped_existing,destination JPEG already exists
2017/07/13/HMI.m2017.07.13_22.00.00.jpg,2017-07-13T22:00:00Z,,,,,skipped_existing,destination JPEG already exists
2017/07/13/HMI.m2017.07.13_23.00.00.jpg,2017-07-13T23:00:00Z,,,,,skipped_existing,destination JPEG already exists
2017/07/15/HMI.m2017.07.15_06.00.00.jpg,2017-07-15T06:00:00Z,,,,,skipped_existing,destination JPEG already exists
2017/07/16/HMI.m2017.07.16_10.00.00.jpg,2017-07-16T10:00:00Z,,,,,skipped_existing,destination JPEG already exists
2017/07/16/HMI.m2017.07.16_11.00.00.jpg,2017-07-16T11:00:00Z,,,,,skipped_existing,destination JPEG already exists
2017/07/16/HMI.m2017.07.16_12.00.00.jpg,2017-07-16T12:00:00Z,,,,,skipped_existing,destination JPEG already exists
2017/07/19/HMI.m2017.07.19_07.00.00.jpg,2017-07-19T07:00:00Z,,,,,skipped_existing,destination JPEG already exists
2017/07/20/HMI.m2017.07.20_16.00.00.jpg,2017-07-20T16:00:00Z,,,,,skipped_existing,destination JPEG already exists
2017/07/21/HMI.m2017.07.21_12.00.00.jpg,2017-07-21T12:00:00Z,,,,,skipped_existing,destination JPEG already exists
2017/07/24/HMI.m2017.07.24_04.00.00.jpg,2017-07-24T04:00:00Z,,,,,skipped_existing,destination JPEG already exists
2017/07/24/HMI.m2017.07.24_23.00.00.jpg,2017-07-24T23:00:00Z,,,,,skipped_existing,destination JPEG already exists
2017/07/27/HMI.m2017.07.27_09.00.00.jpg,2017-07-27T09:00:00Z,,,,,skipped_existing,destination JPEG already exists
2017/07/28/HMI.m2017.07.28_11.00.00.jpg,2017-07-28T11:00:00Z,,,,,skipped_existing,destination JPEG already exists
2017/07/28/HMI.m2017.07.28_13.00.00.jpg,2017-07-28T13:00:00Z,,,,,skipped_existing,destination JPEG already exists
2017/07/30/HMI.m2017.07.30_10.00.00.jpg,2017-07-30T10:00:00Z,,,,,skipped_existing,destination JPEG already exists
2017/07/30/HMI.m2017.07.30_12.00.00.jpg,2017-07-30T12:00:00Z,,,,,skipped_existing,destination JPEG already exists
2017/08/02/HMI.m2017.08.02_05.00.00.jpg,2017-08-02T05:00:00Z,,,,,skipped_existing,destination JPEG already exists
2017/08/03/HMI.m2017.08.03_05.00.00.jpg,2017-08-03T05:00:00Z,,,,,skipped_existing,destination JPEG already exists
2017/08/03/HMI.m2017.08.03_12.00.00.jpg,2017-08-03T12:00:00Z,,,,,skipped_existing,destination JPEG already exists
2017/08/04/HMI.m2017.08.04_04.00.00.jpg,2017-08-04T04:00:00Z,,,,,skipped_existing,destination JPEG already exists
2017/08/04/HMI.m2017.08.04_14.00.00.jpg,2017-08-04T14:00:00Z,,,,,skipped_existing,destination JPEG already exists
2017/08/06/HMI.m2017.08.06_06.00.00.jpg,2017-08-06T06:00:00Z,,,,,skipped_existing,destination JPEG already exists
2017/08/07/HMI.m2017.08.07_11.00.00.jpg,2017-08-07T11:00:00Z,,,,,skipped_existing,destination JPEG already exists
2017/08/07/HMI.m2017.08.07_23.00.00.jpg,2017-08-07T23:00:00Z,,,,,skipped_existing,destination JPEG already exists
2017/08/08/HMI.m2017.08.08_16.00.00.jpg,2017-08-08T16:00:00Z,,,,,skipped_existing,destination JPEG already exists
2017/08/08/HMI.m2017.08.08_19.00.00.jpg,2017-08-08T19:00:00Z,,,,,skipped_existing,destination JPEG already exists
2017/08/08/HMI.m2017.08.08_23.00.00.jpg,2017-08-08T23:00:00Z,,,,,skipped_existing,destination JPEG already exists
2017/08/10/HMI.m2017.08.10_03.00.00.jpg,2017-08-10T03:00:00Z,2017-08-09 23:59:52Z,10808,106148216,,skipped_unavailable,Closest HMI observation is 10808s from 2017-08-10T03:00:00Z
2017/08/11/HMI.m2017.08.11_17.00.00.jpg,2017-08-11T17:00:00Z,,,,,skipped_existing,destination JPEG already exists
2017/08/12/HMI.m2017.08.12_09.00.00.jpg,2017-08-12T09:00:00Z,,,,,skipped_existing,destination JPEG already exists
2017/08/12/HMI.m2017.08.12_23.00.00.jpg,2017-08-12T23:00:00Z,,,,,skipped_existing,destination JPEG already exists
2017/08/14/HMI.m2017.08.14_12.00.00.jpg,2017-08-14T12:00:00Z,2017-08-13 23:59:52Z,43208,106159973,,skipped_unavailable,Closest HMI observation is 43208s from 2017-08-14T12:00:00Z
2017/08/14/HMI.m2017.08.14_14.00.00.jpg,2017-08-14T14:00:00Z,2017-08-15 00:00:37Z,36037,106161891,,skipped_unavailable,Closest HMI observation is 36037s from 2017-08-14T14:00:00Z
2017/08/16/HMI.m2017.08.16_02.00.00.jpg,2017-08-16T02:00:00Z,,,,,skipped_existing,destination JPEG already exists
2017/08/16/HMI.m2017.08.16_05.00.00.jpg,2017-08-16T05:00:00Z,,,,,skipped_existing,destination JPEG already exists
2017/08/17/HMI.m2017.08.17_10.00.00.jpg,2017-08-17T10:00:00Z,,,,,skipped_existing,destination JPEG already exists
2017/08/18/HMI.m2017.08.18_16.00.00.jpg,2017-08-18T16:00:00Z,,,,,skipped_existing,destination JPEG already exists
2017/08/19/HMI.m2017.08.19_02.00.00.jpg,2017-08-19T02:00:00Z,,,,,skipped_existing,destination JPEG already exists
2017/08/19/HMI.m2017.08.19_03.00.00.jpg,2017-08-19T03:00:00Z,,,,,skipped_existing,destination JPEG already exists
2017/08/19/HMI.m2017.08.19_04.00.00.jpg,2017-08-19T04:00:00Z,,,,,skipped_existing,destination JPEG already exists
2017/08/19/HMI.m2017.08.19_05.00.00.jpg,2017-08-19T05:00:00Z,,,,,skipped_existing,destination JPEG already exists
2017/08/19/HMI.m2017.08.19_06.00.00.jpg,2017-08-19T06:00:00Z,,,,,skipped_existing,destination JPEG already exists
2017/08/19/HMI.m2017.08.19_08.00.00.jpg,2017-08-19T08:00:00Z,,,,,skipped_existing,destination JPEG already exists
2017/08/19/HMI.m2017.08.19_10.00.00.jpg,2017-08-19T10:00:00Z,,,,,skipped_existing,destination JPEG already exists
2017/08/19/HMI.m2017.08.19_11.00.00.jpg,2017-08-19T11:00:00Z,,,,,skipped_existing,destination JPEG already exists
2017/08/19/HMI.m2017.08.19_12.00.00.jpg,2017-08-19T12:00:00Z,,,,,skipped_existing,destination JPEG already exists
2017/08/19/HMI.m2017.08.19_13.00.00.jpg,2017-08-19T13:00:00Z,,,,,skipped_existing,destination JPEG already exists
2017/08/19/HMI.m2017.08.19_14.00.00.jpg,2017-08-19T14:00:00Z,,,,,skipped_existing,destination JPEG already exists
2017/08/19/HMI.m2017.08.19_16.00.00.jpg,2017-08-19T16:00:00Z,,,,,skipped_existing,destination JPEG already exists
2017/08/19/HMI.m2017.08.19_18.00.00.jpg,2017-08-19T18:00:00Z,,,,,skipped_existing,destination JPEG already exists
2017/08/19/HMI.m2017.08.19_19.00.00.jpg,2017-08-19T19:00:00Z,,,,,skipped_existing,destination JPEG already exists
2017/08/19/HMI.m2017.08.19_20.00.00.jpg,2017-08-19T20:00:00Z,,,,,skipped_existing,destination JPEG already exists
2017/08/19/HMI.m2017.08.19_21.00.00.jpg,2017-08-19T21:00:00Z,,,,,skipped_existing,destination JPEG already exists
2017/08/19/HMI.m2017.08.19_22.00.00.jpg,2017-08-19T22:00:00Z,,,,,skipped_existing,destination JPEG already exists
2017/08/19/HMI.m2017.08.19_23.00.00.jpg,2017-08-19T23:00:00Z,,,,,skipped_existing,destination JPEG already exists
2017/08/20/HMI.m2017.08.20_00.00.00.jpg,2017-08-20T00:00:00Z,,,,,skipped_existing,destination JPEG already exists
2017/08/20/HMI.m2017.08.20_01.00.00.jpg,2017-08-20T01:00:00Z,,,,,skipped_existing,destination JPEG already exists
2017/08/20/HMI.m2017.08.20_09.00.00.jpg,2017-08-20T09:00:00Z,,,,,skipped_existing,destination JPEG already exists
2017/08/20/HMI.m2017.08.20_11.00.00.jpg,2017-08-20T11:00:00Z,,,,,skipped_existing,destination JPEG already exists
2017/08/23/HMI.m2017.08.23_23.00.00.jpg,2017-08-23T23:00:00Z,,,,,skipped_existing,destination JPEG already exists
2017/08/24/HMI.m2017.08.24_00.00.00.jpg,2017-08-24T00:00:00Z,,,,,skipped_existing,destination JPEG already exists
2017/08/24/HMI.m2017.08.24_04.00.00.jpg,2017-08-24T04:00:00Z,,,,,skipped_existing,destination JPEG already exists
2017/08/26/HMI.m2017.08.26_18.00.00.jpg,2017-08-26T18:00:00Z,,,,,skipped_existing,destination JPEG already exists
2017/08/27/HMI.m2017.08.27_03.00.00.jpg,2017-08-27T03:00:00Z,,,,,skipped_existing,destination JPEG already exists
2017/08/28/HMI.m2017.08.28_01.00.00.jpg,2017-08-28T01:00:00Z,,,,,skipped_existing,destination JPEG already exists
2017/08/31/HMI.m2017.08.31_02.00.00.jpg,2017-08-31T02:00:00Z,,,,,skipped_existing,destination JPEG already exists
2017/08/31/HMI.m2017.08.31_10.00.00.jpg,2017-08-31T10:00:00Z,,,,,skipped_existing,destination JPEG already exists
2017/08/31/HMI.m2017.08.31_19.00.00.jpg,2017-08-31T19:00:00Z,,,,,skipped_existing,destination JPEG already exists
2017/09/01/HMI.m2017.09.01_08.00.00.jpg,2017-09-01T08:00:00Z,,,,,skipped_existing,destination JPEG already exists
2017/09/02/HMI.m2017.09.02_02.00.00.jpg,2017-09-02T02:00:00Z,,,,,skipped_existing,destination JPEG already exists
2017/09/02/HMI.m2017.09.02_05.00.00.jpg,2017-09-02T05:00:00Z,,,,,skipped_existing,destination JPEG already exists
2017/09/02/HMI.m2017.09.02_19.00.00.jpg,2017-09-02T19:00:00Z,,,,,skipped_existing,destination JPEG already exists
2017/09/03/HMI.m2017.09.03_04.00.00.jpg,2017-09-03T04:00:00Z,,,,,skipped_existing,destination JPEG already exists
2017/09/03/HMI.m2017.09.03_06.00.00.jpg,2017-09-03T06:00:00Z,,,,,skipped_existing,destination JPEG already exists
2017/09/03/HMI.m2017.09.03_08.00.00.jpg,2017-09-03T08:00:00Z,,,,,skipped_existing,destination JPEG already exists
2017/09/03/HMI.m2017.09.03_09.00.00.jpg,2017-09-03T09:00:00Z,,,,,skipped_existing,destination JPEG already exists
2017/09/03/HMI.m2017.09.03_10.00.00.jpg,2017-09-03T10:00:00Z,,,,,skipped_existing,destination JPEG already exists
2017/09/03/HMI.m2017.09.03_11.00.00.jpg,2017-09-03T11:00:00Z,,,,,skipped_existing,destination JPEG already exists
2017/09/03/HMI.m2017.09.03_12.00.00.jpg,2017-09-03T12:00:00Z,,,,,skipped_existing,destination JPEG already exists
2017/09/03/HMI.m2017.09.03_13.00.00.jpg,2017-09-03T13:00:00Z,,,,,skipped_existing,destination JPEG already exists
2017/09/03/HMI.m2017.09.03_14.00.00.jpg,2017-09-03T14:00:00Z,,,,,skipped_existing,destination JPEG already exists
2017/09/03/HMI.m2017.09.03_19.00.00.jpg,2017-09-03T19:00:00Z,,,,,skipped_existing,destination JPEG already exists
2017/09/03/HMI.m2017.09.03_20.00.00.jpg,2017-09-03T20:00:00Z,,,,,skipped_existing,destination JPEG already exists
2017/09/03/HMI.m2017.09.03_21.00.00.jpg,2017-09-03T21:00:00Z,,,,,skipped_existing,destination JPEG already exists
2017/09/04/HMI.m2017.09.04_00.00.00.jpg,2017-09-04T00:00:00Z,,,,,skipped_existing,destination JPEG already exists
2017/09/04/HMI.m2017.09.04_01.00.00.jpg,2017-09-04T01:00:00Z,,,,,skipped_existing,destination JPEG already exists
2017/09/04/HMI.m2017.09.04_02.00.00.jpg,2017-09-04T02:00:00Z,,,,,skipped_existing,destination JPEG already exists
2017/09/04/HMI.m2017.09.04_03.00.00.jpg,2017-09-04T03:00:00Z,,,,,skipped_existing,destination JPEG already exists
2017/09/04/HMI.m2017.09.04_05.00.00.jpg,2017-09-04T05:00:00Z,,,,,skipped_existing,destination JPEG already exists
2017/09/04/HMI.m2017.09.04_06.00.00.jpg,2017-09-04T06:00:00Z,,,,,skipped_existing,destination JPEG already exists
2017/09/04/HMI.m2017.09.04_08.00.00.jpg,2017-09-04T08:00:00Z,,,,,skipped_existing,destination JPEG already exists
2017/09/04/HMI.m2017.09.04_09.00.00.jpg,2017-09-04T09:00:00Z,,,,,skipped_existing,destination JPEG already exists
2017/09/04/HMI.m2017.09.04_10.00.00.jpg,2017-09-04T10:00:00Z,,,,,skipped_existing,destination JPEG already exists
2017/09/04/HMI.m2017.09.04_11.00.00.jpg,2017-09-04T11:00:00Z,,,,,skipped_existing,destination JPEG already exists
2017/09/04/HMI.m2017.09.04_12.00.00.jpg,2017-09-04T12:00:00Z,,,,,skipped_existing,destination JPEG already exists
2017/09/04/HMI.m2017.09.04_13.00.00.jpg,2017-09-04T13:00:00Z,,,,,skipped_existing,destination JPEG already exists
2017/09/04/HMI.m2017.09.04_14.00.00.jpg,2017-09-04T14:00:00Z,,,,,skipped_existing,destination JPEG already exists
2017/09/04/HMI.m2017.09.04_15.00.00.jpg,2017-09-04T15:00:00Z,,,,,skipped_existing,destination JPEG already exists
2017/09/04/HMI.m2017.09.04_16.00.00.jpg,2017-09-04T16:00:00Z,,,,,skipped_existing,destination JPEG already exists
2017/09/04/HMI.m2017.09.04_17.00.00.jpg,2017-09-04T17:00:00Z,,,,,skipped_existing,destination JPEG already exists
2017/09/04/HMI.m2017.09.04_19.00.00.jpg,2017-09-04T19:00:00Z,,,,,skipped_existing,destination JPEG already exists
2017/09/04/HMI.m2017.09.04_20.00.00.jpg,2017-09-04T20:00:00Z,,,,,skipped_existing,destination JPEG already exists
2017/09/04/HMI.m2017.09.04_22.00.00.jpg,2017-09-04T22:00:00Z,,,,,skipped_existing,destination JPEG already exists
2017/09/04/HMI.m2017.09.04_23.00.00.jpg,2017-09-04T23:00:00Z,,,,,skipped_existing,destination JPEG already exists
2017/09/05/HMI.m2017.09.05_00.00.00.jpg,2017-09-05T00:00:00Z,,,,,skipped_existing,destination JPEG already exists
2017/09/05/HMI.m2017.09.05_01.00.00.jpg,2017-09-05T01:00:00Z,2017-09-04 23:59:50Z,3610,106230593,,skipped_unavailable,Closest HMI observation is 3610s from 2017-09-05T01:00:00Z
2017/09/05/HMI.m2017.09.05_03.00.00.jpg,2017-09-05T03:00:00Z,2017-09-04 23:59:50Z,10810,106230593,,skipped_unavailable,Closest HMI observation is 10810s from 2017-09-05T03:00:00Z
2017/09/05/HMI.m2017.09.05_05.00.00.jpg,2017-09-05T05:00:00Z,2017-09-04 23:59:50Z,18010,106230593,,skipped_unavailable,Closest HMI observation is 18010s from 2017-09-05T05:00:00Z
2017/09/05/HMI.m2017.09.05_06.00.00.jpg,2017-09-05T06:00:00Z,2017-09-04 23:59:50Z,21610,106230593,,skipped_unavailable,Closest HMI observation is 21610s from 2017-09-05T06:00:00Z
2017/09/05/HMI.m2017.09.05_08.00.00.jpg,2017-09-05T08:00:00Z,2017-09-04 23:59:50Z,28810,106230593,,skipped_unavailable,Closest HMI observation is 28810s from 2017-09-05T08:00:00Z
2017/09/05/HMI.m2017.09.05_09.00.00.jpg,2017-09-05T09:00:00Z,2017-09-04 23:59:50Z,32410,106230593,,skipped_unavailable,Closest HMI observation is 32410s from 2017-09-05T09:00:00Z
2017/09/05/HMI.m2017.09.05_10.00.00.jpg,2017-09-05T10:00:00Z,2017-09-04 23:59:50Z,36010,106230593,,skipped_unavailable,Closest HMI observation is 36010s from 2017-09-05T10:00:00Z
2017/09/05/HMI.m2017.09.05_12.00.00.jpg,2017-09-05T12:00:00Z,2017-09-04 23:59:50Z,43210,106230593,,skipped_unavailable,Closest HMI observation is 43210s from 2017-09-05T12:00:00Z
2017/09/05/HMI.m2017.09.05_13.00.00.jpg,2017-09-05T13:00:00Z,2017-09-06 00:00:35Z,39635,106232357,,skipped_unavailable,Closest HMI observation is 39635s from 2017-09-05T13:00:00Z
2017/09/05/HMI.m2017.09.05_14.00.00.jpg,2017-09-05T14:00:00Z,2017-09-06 00:00:35Z,36035,106232357,,skipped_unavailable,Closest HMI observation is 36035s from 2017-09-05T14:00:00Z
2017/09/05/HMI.m2017.09.05_16.00.00.jpg,2017-09-05T16:00:00Z,2017-09-06 00:00:35Z,28835,106232357,,skipped_unavailable,Closest HMI observation is 28835s from 2017-09-05T16:00:00Z
2017/09/05/HMI.m2017.09.05_17.00.00.jpg,2017-09-05T17:00:00Z,2017-09-06 00:00:35Z,25235,106232357,,skipped_unavailable,Closest HMI observation is 25235s from 2017-09-05T17:00:00Z
2017/09/05/HMI.m2017.09.05_18.00.00.jpg,2017-09-05T18:00:00Z,2017-09-06 00:00:35Z,21635,106232357,,skipped_unavailable,Closest HMI observation is 21635s from 2017-09-05T18:00:00Z
2017/09/05/HMI.m2017.09.05_19.00.00.jpg,2017-09-05T19:00:00Z,2017-09-06 00:00:35Z,18035,106232357,,skipped_unavailable,Closest HMI observation is 18035s from 2017-09-05T19:00:00Z
2017/09/05/HMI.m2017.09.05_21.00.00.jpg,2017-09-05T21:00:00Z,2017-09-06 00:00:35Z,10835,106232357,,skipped_unavailable,Closest HMI observation is 10835s from 2017-09-05T21:00:00Z
2017/09/05/HMI.m2017.09.05_22.00.00.jpg,2017-09-05T22:00:00Z,2017-09-06 00:00:35Z,7235,106232357,,skipped_unavailable,Closest HMI observation is 7235s from 2017-09-05T22:00:00Z
2017/09/06/HMI.m2017.09.06_00.00.00.jpg,2017-09-06T00:00:00Z,,,,,skipped_existing,destination JPEG already exists
2017/09/06/HMI.m2017.09.06_01.00.00.jpg,2017-09-06T01:00:00Z,,,,,skipped_existing,destination JPEG already exists
2017/09/06/HMI.m2017.09.06_02.00.00.jpg,2017-09-06T02:00:00Z,,,,,skipped_existing,destination JPEG already exists
2017/09/06/HMI.m2017.09.06_06.00.00.jpg,2017-09-06T06:00:00Z,,,,,skipped_existing,destination JPEG already exists
2017/09/06/HMI.m2017.09.06_09.00.00.jpg,2017-09-06T09:00:00Z,,,,,skipped_existing,destination JPEG already exists
2017/09/06/HMI.m2017.09.06_11.00.00.jpg,2017-09-06T11:00:00Z,,,,,skipped_existing,destination JPEG already exists
2017/09/06/HMI.m2017.09.06_14.00.00.jpg,2017-09-06T14:00:00Z,,,,,skipped_existing,destination JPEG already exists
2017/09/06/HMI.m2017.09.06_15.00.00.jpg,2017-09-06T15:00:00Z,,,,,skipped_existing,destination JPEG already exists
2017/09/06/HMI.m2017.09.06_16.00.00.jpg,2017-09-06T16:00:00Z,,,,,skipped_existing,destination JPEG already exists
2017/09/06/HMI.m2017.09.06_17.00.00.jpg,2017-09-06T17:00:00Z,,,,,skipped_existing,destination JPEG already exists
2017/09/06/HMI.m2017.09.06_18.00.00.jpg,2017-09-06T18:00:00Z,,,,,skipped_existing,destination JPEG already exists
2017/09/06/HMI.m2017.09.06_19.00.00.jpg,2017-09-06T19:00:00Z,,,,,skipped_existing,destination JPEG already exists
2017/09/06/HMI.m2017.09.06_20.00.00.jpg,2017-09-06T20:00:00Z,,,,,skipped_existing,destination JPEG already exists
2017/09/06/HMI.m2017.09.06_21.00.00.jpg,2017-09-06T21:00:00Z,,,,,skipped_existing,destination JPEG already exists
2017/09/07/HMI.m2017.09.07_00.00.00.jpg,2017-09-07T00:00:00Z,,,,,skipped_existing,destination JPEG already exists
2017/09/07/HMI.m2017.09.07_02.00.00.jpg,2017-09-07T02:00:00Z,,,,,skipped_existing,destination JPEG already exists
2017/09/07/HMI.m2017.09.07_03.00.00.jpg,2017-09-07T03:00:00Z,,,,,skipped_existing,destination JPEG already exists
2017/09/07/HMI.m2017.09.07_04.00.00.jpg,2017-09-07T04:00:00Z,,,,,skipped_existing,destination JPEG already exists
2017/09/07/HMI.m2017.09.07_05.00.00.jpg,2017-09-07T05:00:00Z,,,,,skipped_existing,destination JPEG already exists
2017/09/07/HMI.m2017.09.07_06.00.00.jpg,2017-09-07T06:00:00Z,,,,,skipped_existing,destination JPEG already exists
2017/09/07/HMI.m2017.09.07_08.00.00.jpg,2017-09-07T08:00:00Z,,,,,skipped_existing,destination JPEG already exists
2017/09/07/HMI.m2017.09.07_09.00.00.jpg,2017-09-07T09:00:00Z,,,,,skipped_existing,destination JPEG already exists
2017/09/07/HMI.m2017.09.07_10.00.00.jpg,2017-09-07T10:00:00Z,,,,,skipped_existing,destination JPEG already exists
2017/09/07/HMI.m2017.09.07_11.00.00.jpg,2017-09-07T11:00:00Z,,,,,skipped_existing,destination JPEG already exists
2017/09/07/HMI.m2017.09.07_14.00.00.jpg,2017-09-07T14:00:00Z,,,,,skipped_existing,destination JPEG already exists
2017/09/07/HMI.m2017.09.07_15.00.00.jpg,2017-09-07T15:00:00Z,,,,,skipped_existing,destination JPEG already exists
2017/09/07/HMI.m2017.09.07_18.00.00.jpg,2017-09-07T18:00:00Z,,,,,skipped_existing,destination JPEG already exists
2017/09/07/HMI.m2017.09.07_20.00.00.jpg,2017-09-07T20:00:00Z,,,,,skipped_existing,destination JPEG already exists
2017/09/07/HMI.m2017.09.07_21.00.00.jpg,2017-09-07T21:00:00Z,,,,,skipped_existing,destination JPEG already exists
2017/09/07/HMI.m2017.09.07_22.00.00.jpg,2017-09-07T22:00:00Z,,,,,skipped_existing,destination JPEG already exists
2017/09/07/HMI.m2017.09.07_23.00.00.jpg,2017-09-07T23:00:00Z,,,,,skipped_existing,destination JPEG already exists
2017/09/08/HMI.m2017.09.08_00.00.00.jpg,2017-09-08T00:00:00Z,,,,,skipped_existing,destination JPEG already exists
2017/09/08/HMI.m2017.09.08_01.00.00.jpg,2017-09-08T01:00:00Z,,,,,skipped_existing,destination JPEG already exists
2017/09/08/HMI.m2017.09.08_02.00.00.jpg,2017-09-08T02:00:00Z,,,,,skipped_existing,destination JPEG already exists
2017/09/08/HMI.m2017.09.08_03.00.00.jpg,2017-09-08T03:00:00Z,,,,,skipped_existing,destination JPEG already exists
2017/09/08/HMI.m2017.09.08_04.00.00.jpg,2017-09-08T04:00:00Z,,,,,skipped_existing,destination JPEG already exists
2017/09/08/HMI.m2017.09.08_05.00.00.jpg,2017-09-08T05:00:00Z,,,,,skipped_existing,destination JPEG already exists
2017/09/08/HMI.m2017.09.08_06.00.00.jpg,2017-09-08T06:00:00Z,,,,,skipped_existing,destination JPEG already exists
2017/09/08/HMI.m2017.09.08_08.00.00.jpg,2017-09-08T08:00:00Z,,,,,skipped_existing,destination JPEG already exists
2017/09/08/HMI.m2017.09.08_10.00.00.jpg,2017-09-08T10:00:00Z,,,,,skipped_existing,destination JPEG already exists
2017/09/08/HMI.m2017.09.08_11.00.00.jpg,2017-09-08T11:00:00Z,,,,,skipped_existing,destination JPEG already exists
2017/09/08/HMI.m2017.09.08_13.00.00.jpg,2017-09-08T13:00:00Z,,,,,skipped_existing,destination JPEG already exists
2017/09/08/HMI.m2017.09.08_14.00.00.jpg,2017-09-08T14:00:00Z,,,,,skipped_existing,destination JPEG already exists
2017/09/08/HMI.m2017.09.08_16.00.00.jpg,2017-09-08T16:00:00Z,,,,,skipped_existing,destination JPEG already exists
2017/09/08/HMI.m2017.09.08_17.00.00.jpg,2017-09-08T17:00:00Z,,,,,skipped_existing,destination JPEG already exists
2017/09/08/HMI.m2017.09.08_19.00.00.jpg,2017-09-08T19:00:00Z,,,,,skipped_existing,destination JPEG already exists
2017/09/08/HMI.m2017.09.08_20.00.00.jpg,2017-09-08T20:00:00Z,,,,,skipped_existing,destination JPEG already exists
2017/09/08/HMI.m2017.09.08_22.00.00.jpg,2017-09-08T22:00:00Z,,,,,skipped_existing,destination JPEG already exists
2017/09/08/HMI.m2017.09.08_23.00.00.jpg,2017-09-08T23:00:00Z,,,,,skipped_existing,destination JPEG already exists
2017/09/09/HMI.m2017.09.09_00.00.00.jpg,2017-09-09T00:00:00Z,,,,,skipped_existing,destination JPEG already exists
2017/09/09/HMI.m2017.09.09_01.00.00.jpg,2017-09-09T01:00:00Z,,,,,skipped_existing,destination JPEG already exists
2017/09/09/HMI.m2017.09.09_02.00.00.jpg,2017-09-09T02:00:00Z,,,,,skipped_existing,destination JPEG already exists
2017/09/09/HMI.m2017.09.09_04.00.00.jpg,2017-09-09T04:00:00Z,,,,,skipped_existing,destination JPEG already exists
2017/09/09/HMI.m2017.09.09_05.00.00.jpg,2017-09-09T05:00:00Z,,,,,skipped_existing,destination JPEG already exists
2017/09/09/HMI.m2017.09.09_06.00.00.jpg,2017-09-09T06:00:00Z,,,,,skipped_existing,destination JPEG already exists
2017/09/09/HMI.m2017.09.09_07.00.00.jpg,2017-09-09T07:00:00Z,,,,,skipped_existing,destination JPEG already exists
2017/09/09/HMI.m2017.09.09_08.00.00.jpg,2017-09-09T08:00:00Z,,,,,skipped_existing,destination JPEG already exists
2017/09/09/HMI.m2017.09.09_09.00.00.jpg,2017-09-09T09:00:00Z,,,,,skipped_existing,destination JPEG already exists
2017/09/09/HMI.m2017.09.09_10.00.00.jpg,2017-09-09T10:00:00Z,,,,,skipped_existing,destination JPEG already exists
2017/09/09/HMI.m2017.09.09_11.00.00.jpg,2017-09-09T11:00:00Z,,,,,skipped_existing,destination JPEG already exists
2017/09/09/HMI.m2017.09.09_13.00.00.jpg,2017-09-09T13:00:00Z,,,,,skipped_existing,destination JPEG already exists
2017/09/09/HMI.m2017.09.09_14.00.00.jpg,2017-09-09T14:00:00Z,,,,,skipped_existing,destination JPEG already exists
2017/09/09/HMI.m2017.09.09_15.00.00.jpg,2017-09-09T15:00:00Z,,,,,skipped_existing,destination JPEG already exists
2017/09/09/HMI.m2017.09.09_16.00.00.jpg,2017-09-09T16:00:00Z,,,,,skipped_existing,destination JPEG already exists
2017/09/09/HMI.m2017.09.09_17.00.00.jpg,2017-09-09T17:00:00Z,,,,,skipped_existing,destination JPEG already exists
2017/09/09/HMI.m2017.09.09_18.00.00.jpg,2017-09-09T18:00:00Z,,,,,skipped_existing,destination JPEG already exists
2017/09/09/HMI.m2017.09.09_21.00.00.jpg,2017-09-09T21:00:00Z,,,,,skipped_existing,destination JPEG already exists
2017/09/09/HMI.m2017.09.09_22.00.00.jpg,2017-09-09T22:00:00Z,,,,,skipped_existing,destination JPEG already exists
2017/09/10/HMI.m2017.09.10_00.00.00.jpg,2017-09-10T00:00:00Z,,,,,skipped_existing,destination JPEG already exists
2017/09/10/HMI.m2017.09.10_01.00.00.jpg,2017-09-10T01:00:00Z,,,,,skipped_existing,destination JPEG already exists
2017/09/10/HMI.m2017.09.10_02.00.00.jpg,2017-09-10T02:00:00Z,,,,,skipped_existing,destination JPEG already exists
2017/09/10/HMI.m2017.09.10_03.00.00.jpg,2017-09-10T03:00:00Z,2017-09-10 03:00:34Z,34,106247167,,skipped_corrupt,JP2 decoding failed after 3 attempts for 2017-09-10T03:00:00Z
2017/09/10/HMI.m2017.09.10_04.00.00.jpg,2017-09-10T04:00:00Z,2017-09-10 03:59:49Z,11,106247401,3f2fb73e8ff8061f8b99c8e309ba01391206694431cbd8a650a2ee5661d67a9a,downloaded,
2017/09/10/HMI.m2017.09.10_06.00.00.jpg,2017-09-10T06:00:00Z,2017-09-10 06:05:04Z,304,106247172,861a05afa42534292d398cca41d37047231add28517d48dcac5f4cc27621fe96,downloaded,
2017/09/10/HMI.m2017.09.10_07.00.00.jpg,2017-09-10T07:00:00Z,2017-09-10 06:53:04Z,416,106247174,dcd49057351a66ff4999cb9b3c685318e030ab3b4c5c663b07e14392b1f41e5f,downloaded,
2017/09/10/HMI.m2017.09.10_08.00.00.jpg,2017-09-10T08:00:00Z,2017-09-10 07:59:49Z,11,106247303,06778e735400ef9693476ae6bff1d883ce2512182fc6248acc7c3d885e97f081,downloaded,
2017/09/10/HMI.m2017.09.10_09.00.00.jpg,2017-09-10T09:00:00Z,2017-09-10 08:59:49Z,11,106247223,2b6afec2ea9ce9b6630e33a66d340f02a0ccbe7966d8febfba95bafdbb2fbe15,downloaded,
2017/09/10/HMI.m2017.09.10_10.00.00.jpg,2017-09-10T10:00:00Z,2017-09-10 09:59:49Z,11,106247985,4a14fd59f00b9decf5876b9636182b392a7c6c92fa538f6821282ab335238c4e,downloaded,
2017/09/10/HMI.m2017.09.10_11.00.00.jpg,2017-09-10T11:00:00Z,2017-09-10 10:59:49Z,11,106247905,7599a11fbb44f8be1a3ff33c7deef2b821d9b6ebe01ee949b14341738e89456b,downloaded,
2017/09/10/HMI.m2017.09.10_14.00.00.jpg,2017-09-10T14:00:00Z,2017-09-10 13:59:49Z,11,106247765,61c80e2cff6b702b94cd3897d3149e9e3fd2ea672369f642f7dc2270a6e7433e,downloaded,
2017/09/10/HMI.m2017.09.10_15.00.00.jpg,2017-09-10T15:00:00Z,2017-09-10 14:59:49Z,11,106247685,c92ba603df74eac36cb3de62277ffdb0889cd13f6587c6b841add6aa5d6d91b8,downloaded,
2017/09/10/HMI.m2017.09.10_22.00.00.jpg,2017-09-10T22:00:00Z,2017-09-10 21:52:19Z,461,106248021,2bf05f21649f01f469bf45c894c46911eed0e87660e6aae13688e7b7f0833098,downloaded,
2017/09/11/HMI.m2017.09.11_05.00.00.jpg,2017-09-11T05:00:00Z,2017-09-11 04:59:49Z,11,106250481,3f26eb4cba43016eb5c49517eac1bbaab9038b1453378c2a816cee673ff3a313,downloaded,
2017/09/11/HMI.m2017.09.11_06.00.00.jpg,2017-09-11T06:00:00Z,2017-09-11 05:59:49Z,11,106250439,4d36ea372061ef1ac76b709331f8e8805e16e7c41cc0a71ea4d3da305ca89094,downloaded,
2017/09/12/HMI.m2017.09.12_15.00.00.jpg,2017-09-12T15:00:00Z,2017-09-12 14:59:49Z,11,106254697,1e651a6277edd5af54001e7ec37eb39bbd32ba94310460f9459e951f3433b85c,downloaded,
2017/09/13/HMI.m2017.09.13_15.00.00.jpg,2017-09-13T15:00:00Z,2017-09-13 14:59:48Z,12,106258456,df2d41304a1f53153fdd80e6de362c3a9dbf76c3320c24af61fb0678e6852346,downloaded,
2017/09/14/HMI.m2017.09.14_23.00.00.jpg,2017-09-14T23:00:00Z,2017-09-14 22:59:48Z,12,106262940,8c5bda71a0ac1c3e83b03ab3832283a2e29b0ab01d5570e6a455dff05908f272,downloaded,
2017/09/15/HMI.m2017.09.15_02.00.00.jpg,2017-09-15T02:00:00Z,2017-09-15 01:59:48Z,12,106265091,c5f69c36f6f8cf46f9b22017e870189263e068396ad0bdc55c0049cdabb85f7a,downloaded,
2017/09/15/HMI.m2017.09.15_09.00.00.jpg,2017-09-15T09:00:00Z,2017-09-15 08:59:48Z,12,106265651,ebfcc4310effd3b6736c77c7e8c77afcb704988bf32beb45be8a6f460b786d55,downloaded,
2017/09/16/HMI.m2017.09.16_11.00.00.jpg,2017-09-16T11:00:00Z,2017-09-16 10:59:48Z,12,106269969,0fd863e483f0b39e12143afb3f3b7d6e8f3b93f4f20e661571e20c117a14371b,downloaded,
2017/09/18/HMI.m2017.09.18_01.00.00.jpg,2017-09-18T01:00:00Z,2017-09-18 00:59:48Z,12,106278242,d69634323e8e2930ebf2a710012ef0fbc731c0ba01e350efa1e028c4d1709e9a,downloaded,
2017/09/18/HMI.m2017.09.18_08.00.00.jpg,2017-09-18T08:00:00Z,2017-09-18 07:59:48Z,12,106277682,d35d9ebcf5a4264f06e05c92d869e878a5163c4f2c88a18a15167e754d64b1ee,downloaded,
2017/09/19/HMI.m2017.09.19_07.00.00.jpg,2017-09-19T07:00:00Z,2017-09-19 06:59:48Z,12,106281589,97f2c6b697124723a756ba2f0bab7c0129b21afd804186b183ba1666ff2b0eda,downloaded,
2017/09/21/HMI.m2017.09.21_18.00.00.jpg,2017-09-21T18:00:00Z,2017-09-21 17:59:47Z,13,106289318,8fa4064624d00a31bd7dded17b0afe22f5fb48f811fb56cdce8ef569c8263fdf,downloaded,
2017/09/23/HMI.m2017.09.23_15.00.00.jpg,2017-09-23T15:00:00Z,2017-09-23 14:59:47Z,13,106296744,f8bed28cce8a0e8e2af581c3c11231a38bf47cdfd99b9aa1efffe9ff4315a0fd,downloaded,
2017/09/26/HMI.m2017.09.26_07.00.00.jpg,2017-09-26T07:00:00Z,2017-09-26 06:59:47Z,13,106307584,9b457644f87db658f8f88b28ace332f70947a9e8c14beb5049770a6065478372,downloaded,
2017/09/28/HMI.m2017.09.28_03.00.00.jpg,2017-09-28T03:00:00Z,2017-09-28 02:59:47Z,13,106314859,18554a4e8dec699d24626d340885638b07c53ca64a142cfbf81b8990a560d97e,downloaded,
2017/09/29/HMI.m2017.09.29_05.00.00.jpg,2017-09-29T05:00:00Z,2017-09-29 04:59:47Z,13,106318291,d6692b1652aa912a51b77f412e28353aa2e613d48c0128f266f9a5197b454e72,downloaded,
2017/09/30/HMI.m2017.09.30_12.00.00.jpg,2017-09-30T12:00:00Z,2017-09-30 11:59:46Z,14,106320770,aa2d61408c4428a3defec10ac13166cc18cee62d534e5a6f1d4eae3b218f1faa,downloaded,
2017/09/30/HMI.m2017.09.30_18.00.00.jpg,2017-09-30T18:00:00Z,2017-09-30 17:59:46Z,14,106321250,a754a46f6a5e5dd8b94e1e199a1681da1a1672e36769fe771b75919bf10e72b0,downloaded,
2017/10/02/HMI.m2017.10.02_12.00.00.jpg,2017-10-02T12:00:00Z,2017-10-02 11:59:46Z,14,106328412,4cbdf6ea7780a09e704dc91824eabb0e85ee6efe7211998b5c6277ffb477d389,downloaded,
2017/10/03/HMI.m2017.10.03_22.00.00.jpg,2017-10-03T22:00:00Z,2017-10-03 21:59:46Z,14,106333189,6eb5f29b1bcc90fe40851b9f54db7783e714266a6179bb44569df7f6f9b54607,downloaded,
2017/10/05/HMI.m2017.10.05_02.00.00.jpg,2017-10-05T02:00:00Z,2017-10-04 23:59:46Z,7214,106336235,,skipped_unavailable,Closest HMI observation is 7214s from 2017-10-05T02:00:00Z
2017/10/05/HMI.m2017.10.05_04.00.00.jpg,2017-10-05T04:00:00Z,2017-10-04 23:59:46Z,14414,106336235,,skipped_unavailable,Closest HMI observation is 14414s from 2017-10-05T04:00:00Z
2017/10/06/HMI.m2017.10.06_17.00.00.jpg,2017-10-06T17:00:00Z,2017-10-06 16:59:45Z,15,106339352,c1a9f7f416b0a80dcf4bfd763e9776ffade70e67f3dbaefa3e1948c1f6e0843e,downloaded,
2017/10/06/HMI.m2017.10.06_21.00.00.jpg,2017-10-06T21:00:00Z,2017-10-06 20:59:45Z,15,106339678,975ea448a76b8d1a18f85085f340f8881bed65cd3e2dce9127bb12b904d44699,downloaded,
2017/10/07/HMI.m2017.10.07_09.00.00.jpg,2017-10-07T09:00:00Z,2017-10-07 08:59:45Z,15,106342537,7d5fad83595e2061f4315ba77aa5a586b65bcdff73a8a7b95d6e024e67b5183a,downloaded,
2017/10/09/HMI.m2017.10.09_15.00.00.jpg,2017-10-09T15:00:00Z,2017-10-09 14:59:45Z,15,106350683,45516bd0044d70349c51336dfa325a869d85e9c9ebece7841ddb0373834a6971,downloaded,
2017/10/09/HMI.m2017.10.09_23.00.00.jpg,2017-10-09T23:00:00Z,2017-10-09 22:59:45Z,15,106351286,ff7c4f9a47633835355f8bb2c56e693994e00f9f7066591238abf9ed23783a3d,downloaded,
2017/10/10/HMI.m2017.10.10_02.00.00.jpg,2017-10-10T02:00:00Z,2017-10-10 01:59:45Z,15,106353419,0d54437dbbc658b7ece28d9ce406ac017e461948091822e87c7a5d78068005d7,downloaded,
2017/10/10/HMI.m2017.10.10_10.00.00.jpg,2017-10-10T10:00:00Z,2017-10-10 09:59:45Z,15,106353992,a28e4cc22f82b1b8539139e61e05d2244eab8f37dc58a99030870b9ec7b37609,downloaded,
2017/10/13/HMI.m2017.10.13_10.00.00.jpg,2017-10-13T10:00:00Z,2017-10-13 09:59:44Z,16,106364551,cd0c02459a08833ac1916da048a66176b71dddcd57b6d02698ee5b9e05340ba4,downloaded,
2017/10/13/HMI.m2017.10.13_18.00.00.jpg,2017-10-13T18:00:00Z,2017-10-13 17:59:44Z,16,106365185,99b604ad3d303621b87fb72423ecafd2307ef599295e8eb76dace2266cfc02d9,downloaded,
2017/10/14/HMI.m2017.10.14_20.00.00.jpg,2017-10-14T20:00:00Z,2017-10-14 19:59:44Z,16,106367687,21da458e3bf64ca6bf9027d3407c2842d208dbad0f1192acd3c4831c364578aa,downloaded,
2017/10/16/HMI.m2017.10.16_16.00.00.jpg,2017-10-16T16:00:00Z,2017-10-16 15:59:44Z,16,106376467,cdfc4c7851c04c5b1792d4fe90625aae489dfe9f111a5ab3862a69fe88693d99,downloaded,
2017/10/17/HMI.m2017.10.17_03.00.00.jpg,2017-10-17T03:00:00Z,2017-10-17 02:59:44Z,16,106379246,2c2fa38543d8b1bcffebd3052bef158775d7a50af3a627907923fb2eb158bce3,downloaded,
2017/10/19/HMI.m2017.10.19_17.00.00.jpg,2017-10-19T17:00:00Z,2017-10-19 16:59:43Z,17,106387909,d4722662864fb31de8ceac845bbc7f9e63cf7c3eeaa7b1c52dad0005c5d5d373,downloaded,
2017/10/20/HMI.m2017.10.20_00.00.00.jpg,2017-10-20T00:00:00Z,2017-10-19 23:59:43Z,17,106388436,3b05ee60ebabc165a2dc902b719538d2fc0ab33a44c85d5f880e467898e2d7d6,downloaded,
2017/10/20/HMI.m2017.10.20_01.00.00.jpg,2017-10-20T01:00:00Z,2017-10-20 00:59:43Z,17,106390437,822f3e5a43d4a66728f0b768f82e95da1aa89f4d05c483caf59755178c7a47d4,downloaded,
2017/10/20/HMI.m2017.10.20_02.00.00.jpg,2017-10-20T02:00:00Z,2017-10-20 01:59:44Z,16,106390524,d0c5436ae90da0352e8d697626bc2e16e073a38ba71dd956aceb35356c8635a0,downloaded,
2017/10/20/HMI.m2017.10.20_03.00.00.jpg,2017-10-20T03:00:00Z,2017-10-20 02:59:44Z,16,106390604,cc3868189bf5c0b931592d84c0e1fa6b94da2e0d441d83ef79d1474e2320eec3,downloaded,
2017/10/20/HMI.m2017.10.20_04.00.00.jpg,2017-10-20T04:00:00Z,2017-10-20 03:59:44Z,16,106390692,d6a76a18f81d69003fc09a8c9b4adb279769a91c1f1b09903b492541c558d6fa,downloaded,
2017/10/20/HMI.m2017.10.20_05.00.00.jpg,2017-10-20T05:00:00Z,2017-10-20 04:59:44Z,16,106390772,2a6979c67ee1b48933b83d9ada699600e67e5d28c5db1ca58694ca9da94047f3,downloaded,
2017/10/20/HMI.m2017.10.20_06.00.00.jpg,2017-10-20T06:00:00Z,2017-10-20 05:59:44Z,16,106390846,132cb176b92eac6669f3e396884463b6274dcc87b1b7f589aa1d94bdb2d0d2ac,downloaded,
2017/10/20/HMI.m2017.10.20_07.00.00.jpg,2017-10-20T07:00:00Z,2017-10-20 06:59:44Z,16,106390925,1a0be97ea4270ea40648ba14ec89456eb8f0463ba4dda0358f450035fb383434,downloaded,
2017/10/20/HMI.m2017.10.20_08.00.00.jpg,2017-10-20T08:00:00Z,2017-10-20 07:59:44Z,16,106391004,062e5e25ecad4dce249831a48b1664fcf683b9edaf5b2e32798592dff9249f09,downloaded,
2017/10/20/HMI.m2017.10.20_09.00.00.jpg,2017-10-20T09:00:00Z,2017-10-20 08:59:43Z,17,106391084,42b845a7f2a195d00059f81c055986197e6e0109b70d7078ecfc8786085893f0,downloaded,
2017/10/20/HMI.m2017.10.20_10.00.00.jpg,2017-10-20T10:00:00Z,2017-10-20 09:59:43Z,17,106391164,4fba9e362bbc2d94d9352c6fc418726476b86340ef8eba39ac3e83164845d585,downloaded,
2017/10/20/HMI.m2017.10.20_11.00.00.jpg,2017-10-20T11:00:00Z,2017-10-20 10:59:43Z,17,106391241,9a3191c816c8e80dabcc9ae0d575d969cd2dbd2576a888b86c792b993af7f5e4,downloaded,
2017/10/20/HMI.m2017.10.20_12.00.00.jpg,2017-10-20T12:00:00Z,2017-10-20 11:59:43Z,17,106391329,318c2e0417dcda0c66798bd8b3860c05878a04fb432fc65943d9b0d1c09f4daf,downloaded,
2017/10/20/HMI.m2017.10.20_13.00.00.jpg,2017-10-20T13:00:00Z,2017-10-20 12:59:43Z,17,106391404,3041ea18a3e5f559e0b5efbdaed791aa3c1c4e9676cefdb27bd4aa76802f35c9,downloaded,
2017/10/20/HMI.m2017.10.20_14.00.00.jpg,2017-10-20T14:00:00Z,2017-10-20 13:59:43Z,17,106391484,55da0ba0c3f982ef2da925416e947e62bda783456475753450d999cd05dc4c9b,downloaded,
2017/10/20/HMI.m2017.10.20_15.00.00.jpg,2017-10-20T15:00:00Z,2017-10-20 14:59:43Z,17,106391568,c5178540197b0a911525c145619e5e77b9d32f7105a2315b71a6d3360ca1ca66,downloaded,
2017/10/20/HMI.m2017.10.20_16.00.00.jpg,2017-10-20T16:00:00Z,2017-10-20 15:59:43Z,17,106391652,53ee2899b31e2e32a4e80d97f5b8f31acf1c0eb7f5e28a1e79f367768a7b6392,downloaded,
2017/10/20/HMI.m2017.10.20_17.00.00.jpg,2017-10-20T17:00:00Z,2017-10-20 16:59:43Z,17,106391732,fe56a29a71040cb084da33156bedfd0c2355f6a839fe721e5a13a7c6adbff8e5,downloaded,
2017/10/20/HMI.m2017.10.20_18.00.00.jpg,2017-10-20T18:00:00Z,2017-10-20 17:59:43Z,17,106391811,69105bb593496ed2a02b56d753205c4fa884d2db146c67b41fcc9debc6cb4942,downloaded,
2017/10/20/HMI.m2017.10.20_19.00.00.jpg,2017-10-20T19:00:00Z,2017-10-20 18:59:43Z,17,106391884,73809e9e8c04f3eb10ab9f127380c53a5b3b71be1132f564ee38e5364c81cb7c,downloaded,
2017/10/20/HMI.m2017.10.20_20.00.00.jpg,2017-10-20T20:00:00Z,2017-10-20 19:59:43Z,17,106391971,aaa971f172685b8fea537a68e8b0118c236c9792461fbafefc335ff86d67e0f7,downloaded,
2017/10/20/HMI.m2017.10.20_21.00.00.jpg,2017-10-20T21:00:00Z,2017-10-20 20:59:43Z,17,106392052,f5bd4c50fc5be347254018aeb6ff96f7532f167d964cfcac8b1b3dd086c8dc46,downloaded,
2017/10/20/HMI.m2017.10.20_22.00.00.jpg,2017-10-20T22:00:00Z,2017-10-20 21:59:43Z,17,106392126,4701736b447a08022eb1de2559ae2879288aa946e5c657aa856fc4aa91455046,downloaded,
2017/10/20/HMI.m2017.10.20_23.00.00.jpg,2017-10-20T23:00:00Z,2017-10-20 22:59:43Z,17,106392197,97ae8c9675a872f0210d52b32c6bbeef248760bdb52d3aaf113038ac1f3e171e,downloaded,
2017/10/21/HMI.m2017.10.21_20.00.00.jpg,2017-10-21T20:00:00Z,2017-10-21 19:59:43Z,17,106395800,1faf5bc26eed34a9e008ed02e0bc28a5f33d178970dc2dcccf8dfba5182cd230,downloaded,
2017/10/22/HMI.m2017.10.22_15.00.00.jpg,2017-10-22T15:00:00Z,2017-10-22 14:59:43Z,17,106399236,dbe7cc8e6cef3e5d59690b8b2d39365dab1130f6c4c6b8ea5c4cb990672dfa0c,downloaded,
2017/10/23/HMI.m2017.10.23_14.00.00.jpg,2017-10-23T14:00:00Z,2017-10-23 13:59:43Z,17,106402998,0324cbce64c788770b5585dde8e80bab11c4590a9f11d57694eb644f1f8073b6,downloaded,
2017/10/25/HMI.m2017.10.25_23.00.00.jpg,2017-10-25T23:00:00Z,2017-10-25 22:59:43Z,17,106411359,0476204d9fe2307258312c415b0105f78e305e38b4cd042374e6b16102f5d623,downloaded,
2017/10/27/HMI.m2017.10.27_05.00.00.jpg,2017-10-27T05:00:00Z,2017-10-27 04:59:43Z,17,106417473,1167efbfa8c7942d087bd7da302aa0e71ad7d8c7eaf4d6a967616c3d9d97da0e,downloaded,
2017/10/28/HMI.m2017.10.28_23.00.00.jpg,2017-10-28T23:00:00Z,2017-10-28 22:59:42Z,18,106422742,6a058f6418972ed273ae1bae926bd0255af3b35002feffb33ace5243a3782a3e,downloaded,
2017/10/30/HMI.m2017.10.30_23.00.00.jpg,2017-10-30T23:00:00Z,2017-10-30 22:59:42Z,18,106430275,2e0bd0f39b1f255adc4b4248a9f4fd0a619d957c50dc2cdb19019d7a9b80f3d5,downloaded,
2017/10/31/HMI.m2017.10.31_02.00.00.jpg,2017-10-31T02:00:00Z,2017-10-31 01:59:42Z,18,106432413,75738e0dde4254cb48629a92a9a1b7e2690990c8a92b29d13dd32aa057f4f351,downloaded,
2017/11/01/HMI.m2017.11.01_12.00.00.jpg,2017-11-01T12:00:00Z,2017-11-01 11:59:42Z,18,106437019,175d6d28a4b6207b6f27bb8356fbff18cc50ac83cc0f881146257235c7536bda,downloaded,
2017/11/04/HMI.m2017.11.04_05.00.00.jpg,2017-11-04T05:00:00Z,2017-11-04 04:59:42Z,18,106447925,42a7f03eb5fad0a3c5de3b142c477bd5627e2815871ef9fee83115cf65b8fb31,downloaded,
2017/11/06/HMI.m2017.11.06_09.00.00.jpg,2017-11-06T09:00:00Z,2017-11-06 08:59:41Z,19,106455907,b2a650db87fe807fe97db674f80cbf76e92b68dcb45e373fd1f8f9e0075bf510,downloaded,
2017/11/07/HMI.m2017.11.07_20.00.00.jpg,2017-11-07T20:00:00Z,2017-11-07 19:59:41Z,19,106460613,ba189394ef4953d43a757dc350ef5f08727f502d13ad12c289b7d88f3178cd35,downloaded,
2017/11/08/HMI.m2017.11.08_09.00.00.jpg,2017-11-08T09:00:00Z,2017-11-08 08:59:41Z,19,106463529,abe029d6b8dfec5ac778ce665a516a0085f9ff51c4bf7be9bb78e6e54d7c781a,downloaded,
2017/11/08/HMI.m2017.11.08_20.00.00.jpg,2017-11-08T20:00:00Z,2017-11-08 19:59:41Z,19,106464388,0763c02be039b77f4131d5e4844a19897f4df2318f971e9936ce1c29223771fb,downloaded,
2017/11/09/HMI.m2017.11.09_05.00.00.jpg,2017-11-09T05:00:00Z,2017-11-09 04:59:41Z,19,106467004,7b59eb08e9df5ac3a03373febfe9abe26061b9e6a3a45df2d157ad59e64fe6ef,downloaded,
2017/11/10/HMI.m2017.11.10_12.00.00.jpg,2017-11-10T12:00:00Z,2017-11-10 11:59:41Z,19,106471408,2c9611db4a0ce1bc20b5ef92683f4d54b1bcd7b5485e3d40bc422c29e7f3c2b6,downloaded,
2017/11/10/HMI.m2017.11.10_15.00.00.jpg,2017-11-10T15:00:00Z,2017-11-10 14:59:41Z,19,106471638,315eea17492e2295f355883e4ceca80db437cbecb7e1e701209c0906557bc6a0,downloaded,
2017/11/10/HMI.m2017.11.10_17.00.00.jpg,2017-11-10T17:00:00Z,2017-11-10 16:59:41Z,19,106471798,392cb804981fdaf170961c20e528e04c5492f23888e25d9e418f02d34f8ee11e,downloaded,
2017/11/10/HMI.m2017.11.10_23.00.00.jpg,2017-11-10T23:00:00Z,2017-11-10 22:59:41Z,19,106472292,fa645dfad3298011e96507be73af900ac419fddbafa5f423e6d79484e352c134,downloaded,
2017/11/11/HMI.m2017.11.11_10.00.00.jpg,2017-11-11T10:00:00Z,2017-11-11 09:59:41Z,19,106475062,2bce73727511565f1375c9f784d8a85a725e14e30c0b4199ccb462c9981b8a85,downloaded,
2017/11/14/HMI.m2017.11.14_05.00.00.jpg,2017-11-14T05:00:00Z,2017-11-14 04:59:40Z,20,106485585,fe624fab0794d4c6fa656f3ce027c909f450e4e7b4f39fb2fdc893654bf19bca,downloaded,
2017/11/16/HMI.m2017.11.16_07.00.00.jpg,2017-11-16T07:00:00Z,2017-11-16 06:59:40Z,20,106492236,8c3088511a8054b174b665652e4ad27b0a8d7cd74d27268efd07ffd8cf90d9ad,downloaded,
2017/11/16/HMI.m2017.11.16_15.00.00.jpg,2017-11-16T15:00:00Z,2017-11-16 14:59:40Z,20,106492874,b5c0309c2fb4f60a48291ab7363c0dbc9963bc46146fe914b0650f0c30acbee2,downloaded,
2017/11/18/HMI.m2017.11.18_01.00.00.jpg,2017-11-18T01:00:00Z,2017-11-18 00:59:40Z,20,106499438,aad5457450fc74a2c774fe67517c711d162f1642c97d2a67a8330e3eb3168945,downloaded,
2017/11/18/HMI.m2017.11.18_05.00.00.jpg,2017-11-18T05:00:00Z,2017-11-18 04:59:40Z,20,106499749,65e9ab4720f0dc247474e2941c4af45ec7a5f4083aec15aadaa12ae868e197fe,downloaded,
2017/11/18/HMI.m2017.11.18_12.00.00.jpg,2017-11-18T12:00:00Z,2017-11-18 11:59:40Z,20,106500307,9b531a5e49d994f27084adc05a19c2f82b7f94e21e3e932313c0efd53cf7ddca,downloaded,
2017/11/21/HMI.m2017.11.21_16.00.00.jpg,2017-11-21T16:00:00Z,2017-11-21 15:59:39Z,21,106512021,28ad25ee9e1c7d52f168beade73b06d48c9577fdff6f4a6c6a5e5b96c5c52906,downloaded,
2017/11/29/HMI.m2017.11.29_03.00.00.jpg,2017-11-29T03:00:00Z,2017-11-29 02:59:39Z,21,106525632,82f8b36016987a22bca54c5311d74dbcc396b56dfe065323a0d4a80826310c95,downloaded,
2017/11/30/HMI.m2017.11.30_15.00.00.jpg,2017-11-30T15:00:00Z,2017-11-30 14:59:39Z,21,106530417,79abbc8edf707fb19a239134997f85510ed3b5dbb270bb3d8b9fe9d765fe7628,downloaded,
2017/12/03/HMI.m2017.12.03_10.00.00.jpg,2017-12-03T10:00:00Z,2017-12-03 09:59:38Z,22,106541513,c75bbe4b594766c9cd8760043e213c3fdc44ab08b50c2549759bff41557bea9a,downloaded,
2017/12/03/HMI.m2017.12.03_21.00.00.jpg,2017-12-03T21:00:00Z,2017-12-03 20:59:38Z,22,106542381,d98def05acb436af94fc474e19df4ac2d124a1d2fbc480e7893b9433ba61fb46,downloaded,
2017/12/05/HMI.m2017.12.05_03.00.00.jpg,2017-12-05T03:00:00Z,2017-12-05 02:59:38Z,22,106548607,19eaac988c4f069053127fccfca318bfc050122db8ebb801e961d989ac99370b,downloaded,
2017/12/06/HMI.m2017.12.06_03.00.00.jpg,2017-12-06T03:00:00Z,2017-12-06 02:59:38Z,22,106552425,f63c0aa100106e054adecffa0ff4ed00943eb51794ca716155eaeb2d9ee211c4,downloaded,
2017/12/08/HMI.m2017.12.08_14.00.00.jpg,2017-12-08T14:00:00Z,2017-12-08 13:59:38Z,22,106560982,465a4e288e18cd009671625435857908ce432468bb030e0222ecfafb819ba295,downloaded,
2017/12/09/HMI.m2017.12.09_23.00.00.jpg,2017-12-09T23:00:00Z,2017-12-09 22:59:38Z,22,106565533,ea08d90bb4326197a72cb6752f79721cd2c790f026f236b927066934b9e3bd84,downloaded,
2017/12/11/HMI.m2017.12.11_08.00.00.jpg,2017-12-11T08:00:00Z,2017-12-11 07:59:38Z,22,106572007,c338fe72478376e5044b5b67128d199bab24abd6b0333980e6e2dd628caabd58,downloaded,
2017/12/11/HMI.m2017.12.11_16.00.00.jpg,2017-12-11T16:00:00Z,2017-12-11 15:59:38Z,22,106572646,4beff2de52d50f2018f389b2627fec501ba3b4fe7dd526c33237aebc912586cb,downloaded,
2017/12/13/HMI.m2017.12.13_21.00.00.jpg,2017-12-13T21:00:00Z,2017-12-13 20:59:38Z,22,106580801,5a76d7a18669e20829b833eb13d265bee4c7b07c309218da0d07b3bc794502e5,downloaded,
2017/12/14/HMI.m2017.12.14_10.00.00.jpg,2017-12-14T10:00:00Z,2017-12-14 09:59:38Z,22,106583641,9f643580ad6a6fd43aad08669926fc998115f57b2e90630f4fd1ddf2024b13ce,downloaded,
2017/12/15/HMI.m2017.12.15_05.00.00.jpg,2017-12-15T05:00:00Z,2017-12-15 04:59:38Z,22,106587000,f94ea373b615950584bc89d1f6fc91ce91db993e3a4198e240674c481d4d0631,downloaded,
2017/12/15/HMI.m2017.12.15_13.00.00.jpg,2017-12-15T13:00:00Z,2017-12-15 12:59:38Z,22,106587632,af2a3f92a88438033627b492ab602d67324b10ada2df87fa31f98531d77285c3,downloaded,
2017/12/16/HMI.m2017.12.16_03.00.00.jpg,2017-12-16T03:00:00Z,2017-12-16 02:59:38Z,22,106590623,be17cef243b4aeae989bb95cb2276cc82d980a34bf0655dd3342e3997e27769f,downloaded,
2017/12/19/HMI.m2017.12.19_16.00.00.jpg,2017-12-19T16:00:00Z,2017-12-19 16:00:22Z,22,106602987,c5c22359a4c65a543883bb4d1d707af436ae773045ba5cc93120572313855ba3,downloaded,
2017/12/20/HMI.m2017.12.20_12.00.00.jpg,2017-12-20T12:00:00Z,2017-12-20 11:59:38Z,22,106606461,6e8735bf9fa19e1c3d9ea0a8f2156a39058f5bbd9d5d3518c104b0dac4136450,downloaded,
2017/12/20/HMI.m2017.12.20_16.00.00.jpg,2017-12-20T16:00:00Z,2017-12-20 16:00:22Z,22,106606782,14e5a16ee6b506a3c40223717730c3ee57e3a0decdf8388362b8923043c5c1d3,downloaded,
2017/12/22/HMI.m2017.12.22_04.00.00.jpg,2017-12-22T04:00:00Z,2017-12-22 04:00:22Z,22,106613486,622b3c9b0da9c91f17880ceec55c722ea16fa11ece8932b7145cf11cc86d28aa,downloaded,
2017/12/23/HMI.m2017.12.23_06.00.00.jpg,2017-12-23T06:00:00Z,2017-12-23 06:00:22Z,22,106617477,c37a44edd6aa5197fa540624cae4cf2b6224f829a67640593350d473012c73b3,downloaded,
2017/12/24/HMI.m2017.12.24_10.00.00.jpg,2017-12-24T10:00:00Z,2017-12-24 10:00:22Z,22,106621615,0b81ab820d4f6e799c6aea0a45eb3461e5da17fc106ce8fcc4ee116caa8139f9,downloaded,
2017/12/24/HMI.m2017.12.24_20.00.00.jpg,2017-12-24T20:00:00Z,2017-12-24 20:00:22Z,22,106622434,7c0c15b5d89b890375282735ae2bcc70667c6cc5f364ab32c34e118fd51e6fa9,downloaded,
2017/12/25/HMI.m2017.12.25_20.00.00.jpg,2017-12-25T20:00:00Z,2017-12-25 20:00:22Z,22,106626267,bc719038437b27b9552063503beb3147553c954c2378d6eca3a4f497ad09cf98,downloaded,
2017/12/29/HMI.m2017.12.29_13.00.00.jpg,2017-12-29T13:00:00Z,2017-12-29 13:00:22Z,22,106641025,3315afda03d80fcac44d9c16b6394afaccb143e33adaa268eb8b424584fba79e,downloaded,
2017/12/30/HMI.m2017.12.30_16.00.00.jpg,2017-12-30T16:00:00Z,2017-12-30 16:00:22Z,22,106645057,889a0d01c1c02ec22e15aac73f9ca8facc76496fcd05436d742ba07798700199,downloaded,
2018/01/02/HMI.m2018.01.02_04.00.00.jpg,2018-01-02T04:00:00Z,2018-01-02 04:00:22Z,22,106655541,1a53888439d9aa1473746cd9b0043e7ad3a04b8cee35b45326294841fa141b71,downloaded,
2018/01/02/HMI.m2018.01.02_09.00.00.jpg,2018-01-02T09:00:00Z,2018-01-02 09:00:22Z,22,106655941,2ce5e0d36d0c36c5e116834d04b9fec29894cd6ab7c2c37448326f4df91dbd69,downloaded,
2018/01/04/HMI.m2018.01.04_20.00.00.jpg,2018-01-04T20:00:00Z,2018-01-04 20:00:22Z,22,106664475,6ff969f877f6853102e661210cb094804cca067c404b9195db44f6d9ccb80982,downloaded,
2018/01/05/HMI.m2018.01.05_02.00.00.jpg,2018-01-05T02:00:00Z,2018-01-05 02:00:22Z,22,106666878,61f52d3966ba069ff9e776da7ae4f6e70d7b3192514bc87377e480b9be43e0bc,downloaded,
2018/01/05/HMI.m2018.01.05_14.00.00.jpg,2018-01-05T14:00:00Z,2018-01-05 14:00:22Z,22,106667813,38984b7be8a9df1c9082da13bb357e105ca32caeb9790a6b5228f5c1fb5f33be,downloaded,
2018/01/05/HMI.m2018.01.05_17.00.00.jpg,2018-01-05T17:00:00Z,2018-01-05 17:00:22Z,22,106668081,80a36ea6eaa3841a57b72a5a70678c8ecf80e1cb1558e902086b151569ce5b4a,downloaded,
2018/01/06/HMI.m2018.01.06_16.00.00.jpg,2018-01-06T16:00:00Z,2018-01-06 16:00:22Z,22,106671832,e1d02f2d7394933ffa404503170409e4e481202d73db45362ed666a496edca0e,downloaded,
2018/01/08/HMI.m2018.01.08_02.00.00.jpg,2018-01-08T02:00:00Z,2018-01-08 02:00:22Z,22,106678393,f515b3852846414b2219091cfa5a61e0c6fed08b3b3a9fa86119877627b1201d,downloaded,
2018/01/10/HMI.m2018.01.10_08.00.00.jpg,2018-01-10T08:00:00Z,2018-01-10 08:00:22Z,22,106686054,9c4d8ebe89737bb4c2f321dc1c03280363cee9c9faed62589db423dfb5ee8794,downloaded,
2018/01/11/HMI.m2018.01.11_15.00.00.jpg,2018-01-11T15:00:00Z,2018-01-11 15:00:22Z,22,106690017,4c47af9c9e86c4165cb89b48334ff78abaa21a4a3dcd2e0429d0d5f394f18308,downloaded,
2018/01/11/HMI.m2018.01.11_23.00.00.jpg,2018-01-11T23:00:00Z,2018-01-11 23:00:22Z,22,106690642,f6ab5af8afab31a67185c56f9413618df8a306f67012e08d48edff5abf5c755f,downloaded,
2018/01/12/HMI.m2018.01.12_18.00.00.jpg,2018-01-12T18:00:00Z,2018-01-12 18:00:22Z,22,106694086,f8194f6e77363dab889d3f7fa1f9a292d5e9d2a156fcc2c2c94ca40373ff321a,downloaded,
2018/01/15/HMI.m2018.01.15_05.00.00.jpg,2018-01-15T05:00:00Z,2018-01-15 04:59:38Z,22,106704523,a5b346e450421f13623ad758320a3663ea94c201e4a37dd5d930cf3deafa8f08,downloaded,
2018/01/15/HMI.m2018.01.15_20.00.00.jpg,2018-01-15T20:00:00Z,2018-01-15 20:00:22Z,22,106705770,9efe0043296a49ab1f2ede0963ffe1860330ce6af2189658bdf19d0f2b40d2df,downloaded,
2018/01/16/HMI.m2018.01.16_07.00.00.jpg,2018-01-16T07:00:00Z,2018-01-16 06:59:38Z,22,106708454,31fd8d1676b1e82bc34089c76e58668489e70b7905b24f9ac7f11c1bf1aae78a,downloaded,
2018/01/16/HMI.m2018.01.16_08.00.00.jpg,2018-01-16T08:00:00Z,2018-01-16 07:59:38Z,22,106708534,6f70c73232ef131cf3756c22b25f2005c9fbeeec6037fd496c0b11c88fcf4c35,downloaded,
2018/01/18/HMI.m2018.01.18_11.00.00.jpg,2018-01-18T11:00:00Z,2018-01-18 10:59:38Z,22,106715291,74cc80322e5e17ec9d926f8e0d5e2c366955aa8ae42a164d5c0d30fafca2e114,downloaded,
2018/01/19/HMI.m2018.01.19_07.00.00.jpg,2018-01-19T07:00:00Z,2018-01-19 06:59:38Z,22,106718815,c2c3609291ce98f87657206f6c63446019e029d650476f0088617a630bf1f929,downloaded,
2018/01/19/HMI.m2018.01.19_08.00.00.jpg,2018-01-19T08:00:00Z,2018-01-19 07:59:38Z,22,106718895,a076576cb1d0f08542ae53e411e455b403872a60375b258fba3202cda8e2f3c1,downloaded,
2018/01/20/HMI.m2018.01.20_00.00.00.jpg,2018-01-20T00:00:00Z,2018-01-19 23:59:38Z,22,106720161,11148ab9462cf2f808e256330b9e193653db7e73e90523f2ae2f185eb4eb564c,downloaded,
2018/01/20/HMI.m2018.01.20_05.00.00.jpg,2018-01-20T05:00:00Z,2018-01-20 04:59:38Z,22,106722457,ee735cfe6a215c9f8055bfc9766753c575c229b134a2fc828493f845e0c86e42,downloaded,
2018/01/20/HMI.m2018.01.20_06.00.00.jpg,2018-01-20T06:00:00Z,2018-01-20 05:59:38Z,22,106722537,fe8320d4d6b00d2809ea41e9fab05ae3cc9b91166b099e1cc6e20e0bb7e0ab5b,downloaded,
2018/01/21/HMI.m2018.01.21_03.00.00.jpg,2018-01-21T03:00:00Z,2018-01-21 02:59:38Z,22,106726126,f345db75cbf9536c1c89b562f56896bc216ba44f5cb075516b993225ec41cea2,downloaded,
2018/01/21/HMI.m2018.01.21_11.00.00.jpg,2018-01-21T11:00:00Z,2018-01-21 10:59:38Z,22,106726737,fe14ea2c80322d5a84a07109103d8c6d1a7fb36df90b9d244f9875c81f8033dd,downloaded,
2018/01/23/HMI.m2018.01.23_12.00.00.jpg,2018-01-23T12:00:00Z,2018-01-23 11:59:38Z,22,106734429,84a9614b23b26ba7af53fd10750722e538bed329fdffafaa6b70d176cc92cd7d,downloaded,
2018/01/24/HMI.m2018.01.24_12.00.00.jpg,2018-01-24T12:00:00Z,2018-01-24 11:59:38Z,22,106737919,02790066f0b28696574a054ffef4bc2f0ed8785eadceff6c3413993e6d93aa15,downloaded,
2018/01/25/HMI.m2018.01.25_04.00.00.jpg,2018-01-25T04:00:00Z,2018-01-25 03:59:38Z,22,106741014,87e4482fbf6b71bcfdce16f00b6e4f7b53e595fbcbaeb0f822848f84b15571ca,downloaded,
2018/01/27/HMI.m2018.01.27_02.00.00.jpg,2018-01-27T02:00:00Z,2018-01-27 01:59:38Z,22,106748420,64e063db640d59fc26aaaf8faa71b2d9a8a97225d3f5a66954431c357ba563d4,downloaded,
2018/01/27/HMI.m2018.01.27_14.00.00.jpg,2018-01-27T14:00:00Z,2018-01-27 13:59:38Z,22,106749380,6aa2cb873cf04088a8e10c3195308b63b5d86c971c733ba26c45dbb959518076,downloaded,
2018/01/29/HMI.m2018.01.29_18.00.00.jpg,2018-01-29T18:00:00Z,2018-01-29 17:59:38Z,22,106757283,574ed239e797189ca4e44b68db9bb41ca7c4b44526c2c1d9303efa148c267dba,downloaded,
2018/01/29/HMI.m2018.01.29_22.00.00.jpg,2018-01-29T22:00:00Z,2018-01-29 21:59:38Z,22,106757553,729eea1b9bd85d4dcd392c635da5d3fe0b7dfffffad2aec8f12d76e4eb5d12d8,downloaded,
2018/01/30/HMI.m2018.01.30_17.00.00.jpg,2018-01-30T17:00:00Z,2018-01-30 16:59:38Z,22,106760906,2136a8f4b7ee9bdac29c4d0b29b1338b2eb688b2d9f5ad480c2ab6449377f23f,downloaded,
2018/01/31/HMI.m2018.01.31_11.00.00.jpg,2018-01-31T11:00:00Z,2018-01-31 10:59:38Z,22,106764202,1afeb7fd2486a68a38ead58fe4b7c7f4a478734a3c3098ec7abf82f4e6bb09b5,downloaded,
2018/01/31/HMI.m2018.01.31_14.00.00.jpg,2018-01-31T14:00:00Z,2018-01-31 13:59:38Z,22,106764413,48c12cd596d66419f9b9fa61a845a6b685c277df9f886e33089ac911fc7c4c71,downloaded,
2018/02/01/HMI.m2018.02.01_06.00.00.jpg,2018-02-01T06:00:00Z,2018-02-01 05:59:38Z,22,106767476,a0df58aa2958f39fc170fd2b45859ac4211ec3c765cbb21653f5351b8bf31fdc,downloaded,
2018/02/01/HMI.m2018.02.01_22.00.00.jpg,2018-02-01T22:00:00Z,2018-02-01 21:59:38Z,22,106768757,a85a3c02551c6263b55721fa4f00b2c48547a52efdf372cea8c4961175cacefb,downloaded,
2018/02/03/HMI.m2018.02.03_06.00.00.jpg,2018-02-03T06:00:00Z,2018-02-02 23:59:38Z,21622,106772713,,skipped_unavailable,Closest HMI observation is 21622s from 2018-02-03T06:00:00Z
2018/02/03/HMI.m2018.02.03_12.00.00.jpg,2018-02-03T12:00:00Z,2018-02-02 23:59:38Z,43222,106772713,,skipped_unavailable,Closest HMI observation is 43222s from 2018-02-03T12:00:00Z
2018/02/04/HMI.m2018.02.04_12.00.00.jpg,2018-02-04T12:00:00Z,2018-02-04 11:59:39Z,21,106775592,9980273e1df83703b41db23dc5e54fd75813381188938a566f352e22bb1192f5,downloaded,
2018/02/05/HMI.m2018.02.05_10.00.00.jpg,2018-02-05T10:00:00Z,2018-02-05 09:59:39Z,21,106779585,4a0e14cbc7740e3661fe7cafffd9bc7e7120a711ea164f3ebb25a1fb49a550c1,downloaded,
2018/02/07/HMI.m2018.02.07_10.00.00.jpg,2018-02-07T10:00:00Z,2018-02-07 09:59:39Z,21,106786918,5f18f353cce3b4702e2aa3088c08b2d895c7ce9c11997126cdb825c6fac981f4,downloaded,
2018/02/07/HMI.m2018.02.07_17.00.00.jpg,2018-02-07T17:00:00Z,2018-02-07 16:59:39Z,21,106787478,cfbc502a4d6a167b88d493b5b3ff3e7c46f97e34e0635a4743eb7f0047e9b4dc,downloaded,
2018/02/08/HMI.m2018.02.08_16.00.00.jpg,2018-02-08T16:00:00Z,2018-02-08 15:59:39Z,21,106791185,8305726f2b9e33ebfc7478e5cb6b5ee65b5ffc25d8d2c77e492a78893517d333,downloaded,
2018/02/08/HMI.m2018.02.08_19.00.00.jpg,2018-02-08T19:00:00Z,2018-02-08 18:59:39Z,21,106791223,b05d85f74a5aa742c66755c8a5b75ffa1b13356909790e7a513f8e5974f4c95a,downloaded,
2018/02/10/HMI.m2018.02.10_15.00.00.jpg,2018-02-10T15:00:00Z,2018-02-10 14:59:39Z,21,106798531,208dcbea876cee314cd479afe8824d1cc6181196165a10786403e608f9cd26e1,downloaded,
2018/02/10/HMI.m2018.02.10_18.00.00.jpg,2018-02-10T18:00:00Z,2018-02-10 17:59:39Z,21,106798771,1e8c3742e2c5889db36bb22f8cce1840e58aaf8f5b64d3a312ce2ef5383fd8fd,downloaded,
2018/02/11/HMI.m2018.02.11_05.00.00.jpg,2018-02-11T05:00:00Z,2018-02-11 04:59:39Z,21,106801010,644caa8a74728b15bffea0d90d984e50f9fbc90a29a54228e90339a9b6953112,downloaded,
2018/02/11/HMI.m2018.02.11_17.00.00.jpg,2018-02-11T17:00:00Z,2018-02-11 16:59:39Z,21,106801756,cabd2ae99ed33abd869c75447ec96363b7a62c514378930ed0f95b4e9cbbfbbe,downloaded,
2018/02/13/HMI.m2018.02.13_14.00.00.jpg,2018-02-13T14:00:00Z,2018-02-13 13:59:39Z,21,106806712,7a49b6101e494c0a95e53eb1133a46a8bbfb224350fcb9d731c29dcaa1188ccc,downloaded,
2018/02/13/HMI.m2018.02.13_20.00.00.jpg,2018-02-13T20:00:00Z,2018-02-13 19:59:39Z,21,106806247,249458e8cedfb8b99fbee7b08eb3d1e0c40a3c8557df07493412cb0dc4be9067,downloaded,
2018/02/16/HMI.m2018.02.16_10.00.00.jpg,2018-02-16T10:00:00Z,2018-02-16 10:01:55Z,115,106813249,29561e4b6e326a89d70be32066678a96940441e1620f3fdbefbd15318cb67e6f,downloaded,
2018/02/16/HMI.m2018.02.16_20.00.00.jpg,2018-02-16T20:00:00Z,2018-02-16 19:59:39Z,21,106814081,edbd292e9e5ae24bbe000893930b2468dc4eec27064c7d70d59aea51027802f1,downloaded,
2018/02/17/HMI.m2018.02.17_04.00.00.jpg,2018-02-17T04:00:00Z,2018-02-17 03:59:40Z,20,106816436,cd98c75a7dbccc20b67247cd84880608c7cc1fdad63b8e422ee90d332d065a71,downloaded,
2018/02/18/HMI.m2018.02.18_05.00.00.jpg,2018-02-18T05:00:00Z,2018-02-18 04:59:40Z,20,106820023,aca64706ecda12d682452d33f7c1ec9df2efe3d45d33c6d64034938fc6cfd20b,downloaded,
2018/02/23/HMI.m2018.02.23_13.00.00.jpg,2018-02-23T13:00:00Z,2018-02-23 12:59:40Z,20,106838109,29b4c1865db7cc40825629df1f848eb5dd3d1252663e8eb4eecd21cfd59a7c0d,downloaded,
2018/02/24/HMI.m2018.02.24_12.00.00.jpg,2018-02-24T12:00:00Z,2018-02-24 11:59:40Z,20,106841547,87d18aeec56e8b5ff533ea15d60aeb358f32818c292535ef31dbc7d3a5c01b96,downloaded,
2018/02/24/HMI.m2018.02.24_21.00.00.jpg,2018-02-24T21:00:00Z,2018-02-24 20:59:40Z,20,106842259,a8f96bc54d91b58396b82f76ca963fd3537a5a9c95f4bbb9d694975bc984874b,downloaded,
2018/02/25/HMI.m2018.02.25_11.00.00.jpg,2018-02-25T11:00:00Z,2018-02-25 10:59:41Z,19,106844997,e09e3bba514ecdd5a2473c7c0c6d810d46208923245e4587b5be94ddea7a4a75,downloaded,
2018/02/25/HMI.m2018.02.25_15.00.00.jpg,2018-02-25T15:00:00Z,2018-02-25 14:59:40Z,20,106845315,c401a335ff2d4f915cb9d23f3c19625f9ca4cb42b41b4e71c60a2a4c4d0778b0,downloaded,
2018/02/26/HMI.m2018.02.26_05.00.00.jpg,2018-02-26T05:00:00Z,2018-02-26 04:59:41Z,19,106848181,826a0d824018d25772198426a8121ead626752e13742dd09a480053fbb96c643,downloaded,
2018/02/28/HMI.m2018.02.28_02.00.00.jpg,2018-02-28T02:00:00Z,2018-02-28 01:59:41Z,19,106854985,6d447a2afde6aba04c5a5fbaf6595ba21604b28cd195ea549cff55ba9c0959c2,downloaded,
2018/03/01/HMI.m2018.03.01_18.00.00.jpg,2018-03-01T18:00:00Z,2018-03-01 18:00:26Z,26,106859690,cd9f6841c0e9b0cda5b6ad502a99e51fc455c7dd6202e1698421cd0c79d6b8cb,downloaded,
2018/03/01/HMI.m2018.03.01_21.00.00.jpg,2018-03-01T21:00:00Z,2018-03-01 20:59:41Z,19,106860144,37fb92670bf546f8ec34e55f823007354a2466dad3b0f60804eb5413d2891462,downloaded,
2018/03/02/HMI.m2018.03.02_13.00.00.jpg,2018-03-02T13:00:00Z,2018-03-02 12:59:41Z,19,106862882,0f19f0f12b7d334e52161adf07a7a32ef740c5992beb06d2685a18ceadf36dfb,downloaded,
2018/03/02/HMI.m2018.03.02_22.00.00.jpg,2018-03-02T22:00:00Z,2018-03-02 21:59:41Z,19,106863599,148b266298ff2651b10853c31146fe70ba56ecd628dc5ed891958005ee71166a,downloaded,
2018/03/04/HMI.m2018.03.04_08.00.00.jpg,2018-03-04T08:00:00Z,2018-03-04 07:59:41Z,19,106869920,9e61fc2d889072a1780f06c66e71f2bb7b4985ecca831ccd88ce358091436ad5,downloaded,
2018/03/05/HMI.m2018.03.05_12.00.00.jpg,2018-03-05T12:00:00Z,2018-03-05 11:59:42Z,18,106873780,bb14824a919ee3a4f7bdfc6bc0ca478dfbe7e3270a9b506b6576bb8c1932d73e,downloaded,
2018/03/06/HMI.m2018.03.06_08.00.00.jpg,2018-03-06T08:00:00Z,2018-03-05 23:59:42Z,28818,106874737,,skipped_unavailable,Closest HMI observation is 28818s from 2018-03-06T08:00:00Z
2018/03/07/HMI.m2018.03.07_02.00.00.jpg,2018-03-07T02:00:00Z,2018-03-07 01:59:42Z,18,106876826,c0c762befea33a5c1319d0c6cf8ea1be5ee90bd70ac46bb336ebebe0529c51cf,downloaded,
2018/03/07/HMI.m2018.03.07_07.00.00.jpg,2018-03-07T07:00:00Z,2018-03-07 06:59:42Z,18,106877197,f660501390b47d51202971a3ce3d722de81d1993d08164a75178b923cf1408a4,downloaded,
2018/03/09/HMI.m2018.03.09_07.00.00.jpg,2018-03-09T07:00:00Z,2018-03-09 06:59:42Z,18,106884890,d8c2d2be0e9fd5515d1fc03ba84d471fa8d4366a652c0a58258951f3f44f54d6,downloaded,
2018/03/10/HMI.m2018.03.10_11.00.00.jpg,2018-03-10T11:00:00Z,2018-03-10 10:59:42Z,18,106889051,b7e8df53ca1fa757a07d1d4032aff7d381ebf1e923c134ade746eefd2bd6f669,downloaded,
2018/03/11/HMI.m2018.03.11_13.00.00.jpg,2018-03-11T13:00:00Z,2018-03-11 12:59:42Z,18,106893045,ae27c23f2d560820f5f798e67840d7b492d7fc6663a115ddd07d427cdd5a2437,downloaded,
2018/03/11/HMI.m2018.03.11_21.00.00.jpg,2018-03-11T21:00:00Z,2018-03-11 20:59:42Z,18,106893684,30ae6cd436706f4ee8c712874614882aeb05967098f306f9433d4004377599ea,downloaded,
2018/03/12/HMI.m2018.03.12_07.00.00.jpg,2018-03-12T07:00:00Z,2018-03-12 06:59:43Z,17,106896388,50a4b21e8ee8f88a7e5561b764515e8d274c065f3fcb3873c3dcdaf570fa0833,downloaded,
2018/03/12/HMI.m2018.03.12_09.00.00.jpg,2018-03-12T09:00:00Z,2018-03-12 08:59:43Z,17,106896551,82eb1765e7eb55c7885fb20941d82ed1cf579562f60edd03acb6c50abafb23af,downloaded,
2018/03/14/HMI.m2018.03.14_04.00.00.jpg,2018-03-14T04:00:00Z,2018-03-14 03:59:43Z,17,106903777,8ba4f1dac841e86f5fe4ea706708558ffbad8da65fb041f91f9ee8efb7bc531d,downloaded,
2018/03/14/HMI.m2018.03.14_06.00.00.jpg,2018-03-14T06:00:00Z,2018-03-14 05:59:43Z,17,106903950,38f23b37f31c3d3ba4dd68d7f3fb138339a249b8ec41c960b010677bec1ea2e1,downloaded,
2018/03/14/HMI.m2018.03.14_23.00.00.jpg,2018-03-14T23:00:00Z,2018-03-14 22:59:43Z,17,106905300,59c097a3f5db1ce2cc8fea024b66af690fea9546012532dc4aa925e41459cfe6,downloaded,
2018/03/16/HMI.m2018.03.16_03.00.00.jpg,2018-03-16T03:00:00Z,2018-03-16 02:59:43Z,17,106911372,1c97959c6c029d98a473ff7033becbd280390f4bb6ea61fb95498afec5d31eb8,downloaded,
2018/03/16/HMI.m2018.03.16_15.00.00.jpg,2018-03-16T15:00:00Z,2018-03-16 14:59:43Z,17,106912330,42789f48acdbf3ec781f99d3b26f2f4413a80e3e5442248801b5b68220048ccd,downloaded,
2018/03/17/HMI.m2018.03.17_14.00.00.jpg,2018-03-17T14:00:00Z,2018-03-17 13:59:43Z,17,106916022,0c5b6476d074c7a11fd6bd25b31e4a5acbfbc1cae757d2b6d1080cb7b55f1a1d,downloaded,
2018/03/18/HMI.m2018.03.18_06.00.00.jpg,2018-03-18T06:00:00Z,2018-03-18 05:59:43Z,17,106919030,7b58b21299475213abff764a792ac2d943d091942f2d6fddf9c0620d05370801,downloaded,
2018/03/18/HMI.m2018.03.18_19.00.00.jpg,2018-03-18T19:00:00Z,2018-03-18 18:59:43Z,17,106920013,05bfdd41a6285cba621c6423a964b6510765ba44555cc349fa29557044c56abe,downloaded,
2018/03/18/HMI.m2018.03.18_21.00.00.jpg,2018-03-18T21:00:00Z,2018-03-18 20:59:43Z,17,106920169,305f3223a647983bb4290a18ff813d9007033f2dfd67ae54317712274821feae,downloaded,
2018/03/19/HMI.m2018.03.19_11.00.00.jpg,2018-03-19T11:00:00Z,2018-03-19 10:59:43Z,17,106923195,20e99f83633a65f30e9b8cb4272b9dcdad4f4a49758f86746fd12b8ed24c79cf,downloaded,
2018/03/20/HMI.m2018.03.20_11.00.00.jpg,2018-03-20T11:00:00Z,2018-03-20 10:59:44Z,16,106927018,e35d71385c3d8dd0d7337e054cddb7b2bc29504f9d69ad5f70e8c4775dfd3974,downloaded,
2018/03/21/HMI.m2018.03.21_23.00.00.jpg,2018-03-21T23:00:00Z,2018-03-21 22:59:44Z,16,106931754,db0f18f363830838fc55a87ae1e24f2410168cf2c09808a75233c6cce758c7f0,downloaded,
2018/03/22/HMI.m2018.03.22_02.00.00.jpg,2018-03-22T02:00:00Z,2018-03-22 01:59:44Z,16,106933856,2e5d9903250298d66855ae55406e31949516d580250b3ace12eda9923b4cf3c5,downloaded,
2018/03/22/HMI.m2018.03.22_08.00.00.jpg,2018-03-22T08:00:00Z,2018-03-22 07:59:44Z,16,106934338,2b92281c1fa1f58df0d45e406ee046d4a301561f89d0477e36e8a55ffa05c630,downloaded,
2018/03/23/HMI.m2018.03.23_01.00.00.jpg,2018-03-23T01:00:00Z,2018-03-23 00:59:44Z,16,106936405,efc669a02dcc22bf2d70f4afb8ca39716f3f135ae9a0dfb5bc165ab9e5e0a6a7,downloaded,
2018/03/23/HMI.m2018.03.23_02.00.00.jpg,2018-03-23T02:00:00Z,2018-03-23 01:59:44Z,16,106936479,f83389193a5a8ea4633f19d18b267da5be3e2745beb64272afb8e16934f2fa03,downloaded,
2018/03/25/HMI.m2018.03.25_00.00.00.jpg,2018-03-25T00:00:00Z,2018-03-24 23:59:44Z,16,106940857,d6bec55469c29c765428d1e92e02145cf3296bcdca9302d86ced1ceaa182593c,downloaded,
2018/03/27/HMI.m2018.03.27_20.00.00.jpg,2018-03-27T20:00:00Z,2018-03-27 19:59:44Z,16,106952025,7963811140fc08410787bed41168e27dc2ee9f8566c496a899b5be1f49cf2df8,downloaded,
2018/03/28/HMI.m2018.03.28_04.00.00.jpg,2018-03-28T04:00:00Z,2018-03-28 03:59:45Z,15,106954487,d7f5aac77a79375ac9b6e0b23e2068ad92aab8da428bfff4476f5d4838334811,downloaded,
2018/03/28/HMI.m2018.03.28_07.00.00.jpg,2018-03-28T07:00:00Z,2018-03-28 06:59:45Z,15,106954740,5bff679bfac567963e66a98502cf62164734187e492e647bd6154000b39a5bcb,downloaded,
2018/03/30/HMI.m2018.03.30_17.00.00.jpg,2018-03-30T17:00:00Z,2018-03-30 16:59:45Z,15,106962706,6a0a3b0b5263d221f67069a6b922e371cc4d76dbcb98fb414056effb08d85520,downloaded,
2018/03/30/HMI.m2018.03.30_19.00.00.jpg,2018-03-30T19:00:00Z,2018-03-30 18:59:45Z,15,106962865,4bba8ecb84e582c54f83a3c4c24405779df510c0f0f68c71247834ef4a671e49,downloaded,
2018/03/31/HMI.m2018.03.31_05.00.00.jpg,2018-03-31T05:00:00Z,2018-03-31 04:59:45Z,15,106965553,990cab1995b458ba436a052132cbf6cfff1c099316ac2110345bb29cfe437c06,downloaded,
2018/03/31/HMI.m2018.03.31_13.00.00.jpg,2018-03-31T13:00:00Z,2018-03-31 12:59:45Z,15,106966193,beb430a7bff7ff176fc18daf98a057150655d1ad8f7413b96afaf4233349d64b,downloaded,
2018/04/01/HMI.m2018.04.01_04.00.00.jpg,2018-04-01T04:00:00Z,2018-04-01 03:59:45Z,15,106969293,10baf50ed4744e9b753888aba40f569520bdbd70a555abc27880d3fa4ef09910,downloaded,
2018/04/02/HMI.m2018.04.02_04.00.00.jpg,2018-04-02T04:00:00Z,2018-04-01 23:59:45Z,14415,106970622,,skipped_unavailable,Closest HMI observation is 14415s from 2018-04-02T04:00:00Z
2018/04/03/HMI.m2018.04.03_03.00.00.jpg,2018-04-03T03:00:00Z,2018-04-03 02:59:45Z,15,106973055,faefc1d9256e07733ad83f6456f125175a5acd39dd14019c99e7ea39d9b917d0,downloaded,
2018/04/04/HMI.m2018.04.04_03.00.00.jpg,2018-04-04T03:00:00Z,2018-04-04 02:59:46Z,14,106976771,cbbc67b62b02df4f4eb2aac1defe3cc235d93a9892d1e60341e5606a5358314e,downloaded,
2018/04/05/HMI.m2018.04.05_01.00.00.jpg,2018-04-05T01:00:00Z,2018-04-05 00:59:46Z,14,106980382,6e943250c1ae8b85d9d61b55652d2f0ed3a33059cef3c5bf03dd06c72b03b946,downloaded,
2018/04/05/HMI.m2018.04.05_12.00.00.jpg,2018-04-05T12:00:00Z,2018-04-05 11:59:46Z,14,106981260,938c5d5cf43ec4f977875675305ae08819bad12a324efa53d315001b3d6e0397,downloaded,
2018/04/07/HMI.m2018.04.07_17.00.00.jpg,2018-04-07T17:00:00Z,2018-04-07 16:59:46Z,14,106989329,4df726226ebdd05bfc00184cfec699fa5cd9bdd0baca1956a70f710fc916fdfc,downloaded,
2018/04/11/HMI.m2018.04.11_01.00.00.jpg,2018-04-11T01:00:00Z,2018-04-11 00:59:47Z,13,107002744,c7415460b1230f98b26b98084fb21da775f0a2d841f4e38038023361391f3d1f,downloaded,
2018/04/11/HMI.m2018.04.11_02.00.00.jpg,2018-04-11T02:00:00Z,2018-04-11 01:59:47Z,13,107002825,4187528115219c3738467425bee2c15d5d777455f6a472773d12301ef2e40d61,downloaded,
2018/04/12/HMI.m2018.04.12_18.00.00.jpg,2018-04-12T18:00:00Z,2018-04-12 17:59:47Z,13,107007363,f6a22f0d60287b997b84bcb43b7c7a03484ff1e89707675c5e0d203d3bb5cd6d,downloaded,
2018/04/13/HMI.m2018.04.13_01.00.00.jpg,2018-04-13T01:00:00Z,2018-04-13 00:59:47Z,13,107009834,1e178be8c616a8cf560ecb7355d85241c8cae73063d6f41948228e3ff4fec562,downloaded,
2018/04/14/HMI.m2018.04.14_12.00.00.jpg,2018-04-14T12:00:00Z,2018-04-14 11:59:47Z,13,107014462,e77f973854b42545fa3e07b6b0b358c8d2534006c1b539e3893e52ab00280ba0,downloaded,
2018/04/15/HMI.m2018.04.15_11.00.00.jpg,2018-04-15T11:00:00Z,2018-04-15 10:59:47Z,13,107017811,ad73c82d93f66ee7f1e55e168d01553b649f06ec58eca8cb4b4ff5a02a239b0b,downloaded,
2018/04/17/HMI.m2018.04.17_15.00.00.jpg,2018-04-17T15:00:00Z,2018-04-17 14:59:47Z,13,107025685,67694f25f04d8695dfff3c36d5b2f038ecbb051c565bc53021ac7a22545084e2,downloaded,
2018/04/18/HMI.m2018.04.18_17.00.00.jpg,2018-04-18T17:00:00Z,2018-04-18 17:08:48Z,528,107028988,a8a496bb49f845df1ee2381c40668b2e5f9f101f4cf9d56d13c9d4cf79201e01,downloaded,
2018/04/19/HMI.m2018.04.19_06.00.00.jpg,2018-04-19T06:00:00Z,2018-04-19 05:59:48Z,12,107031346,fd0a6088577dd91904ebb67cb5107e3dc71bcc4545a6b047f4c24b65172c5926,downloaded,
2018/04/19/HMI.m2018.04.19_08.00.00.jpg,2018-04-19T08:00:00Z,2018-04-19 07:59:48Z,12,107031526,50dad0b0c28754ed46e8cd203fdfdd504c963a24ca21e3bf2ae34946247f719f,downloaded,
2018/04/19/HMI.m2018.04.19_09.00.00.jpg,2018-04-19T09:00:00Z,2018-04-19 08:59:48Z,12,107031570,1c98ee71463aaf67cde906632780c6eb362a3954c54cac47c38ded4036f290a9,downloaded,
2018/04/20/HMI.m2018.04.20_02.00.00.jpg,2018-04-20T02:00:00Z,2018-04-20 01:59:48Z,12,107034137,d25dd89d27184844998f65c5817754cf0c14b2c3d26199ee27660a9e250ce9ad,downloaded,
2018/04/21/HMI.m2018.04.21_14.00.00.jpg,2018-04-21T14:00:00Z,2018-04-21 13:59:48Z,12,107038576,54941ee368e47b3a6ec509394a361b8d89552c2cfdfc345366d112240894e0de,downloaded,
2018/04/23/HMI.m2018.04.23_16.00.00.jpg,2018-04-23T16:00:00Z,2018-04-23 15:59:48Z,12,107046392,2934e1a2100633fa30ed9f2c2318e9ca7a0c78295fc316cb78089ba2660c247c,downloaded,
2018/04/24/HMI.m2018.04.24_06.00.00.jpg,2018-04-24T06:00:00Z,2018-04-24 05:59:48Z,12,107049425,8acf79e8ff6f78cf27a91b83b130bf9b02d3edc9e7b7d9d34474c7ed2873498f,downloaded,
2018/04/27/HMI.m2018.04.27_08.00.00.jpg,2018-04-27T08:00:00Z,2018-04-27 07:59:49Z,11,107060810,dacbf3d606436ccafafdfb95377335f247a94429e2673487e0f662ceaf31f36a,downloaded,
2018/04/28/HMI.m2018.04.28_03.00.00.jpg,2018-04-28T03:00:00Z,2018-04-28 02:59:49Z,11,107064212,fdd399c597fdae3e92ef5ed4ffd4b5218007a24649876488fc09ebc55f8758b9,downloaded,
2018/04/29/HMI.m2018.04.29_21.00.00.jpg,2018-04-29T21:00:00Z,2018-04-29 20:59:49Z,11,107069514,29193a622e13b96408f0f95e57e549e4741551d35724a2e8b0063771bda5d3f3,downloaded,
2018/05/01/HMI.m2018.05.01_01.00.00.jpg,2018-05-01T01:00:00Z,2018-05-01 00:59:49Z,11,107075563,3de53d7ba908ae27f8489caf66bb1816b28d9314acadd1457611d1d4e7a2c01c,downloaded,
2018/05/01/HMI.m2018.05.01_03.00.00.jpg,2018-05-01T03:00:00Z,2018-05-01 02:59:49Z,11,107075723,da4536334c65d68f4bbc06ffa3d26621d94216af3c663e3a8966e275fea1901b,downloaded,
2018/05/01/HMI.m2018.05.01_06.00.00.jpg,2018-05-01T06:00:00Z,2018-05-01 05:59:49Z,11,107075963,b92ae6e4d67d6d96deea6544080ba39e17f5ed5885a9d07ded6b2e21927fbcf4,downloaded,
2018/05/01/HMI.m2018.05.01_10.00.00.jpg,2018-05-01T10:00:00Z,2018-05-01 09:59:49Z,11,107076285,be85f39ce93127520488f1b52cd5ade3e1802fe0d38f402ba8f9160d910d0a8a,downloaded,
2018/05/01/HMI.m2018.05.01_21.00.00.jpg,2018-05-01T21:00:00Z,2018-05-01 20:59:49Z,11,107077164,2bc0065480b03d98ff91db7f5be060f833b51995efc185c5bc9fba50988efcd8,downloaded,
2018/05/03/HMI.m2018.05.03_12.00.00.jpg,2018-05-03T12:00:00Z,2018-05-03 11:59:50Z,10,107084087,55f4162bebc3f4a1b1107124fd4128a1e0fc7b8bdcb7b5dccc0e9e4f7014cb5e,downloaded,
2018/05/03/HMI.m2018.05.03_18.00.00.jpg,2018-05-03T18:00:00Z,2018-05-03 17:59:50Z,10,107084567,5678f2378714d2eb9539df412a4adfbf740d903dfa04a53ed2d1529e4174206e,downloaded,
2018/05/04/HMI.m2018.05.04_08.00.00.jpg,2018-05-04T08:00:00Z,2018-05-04 07:59:50Z,10,107087597,d42088fe6304dbeaf8566727b6b1ad761531e1c60740493ca26597276dfa01e1,downloaded,
2018/05/04/HMI.m2018.05.04_19.00.00.jpg,2018-05-04T19:00:00Z,2018-05-04 18:59:50Z,10,107088476,fa4d8015941972bf80237ecd4a6418654b99e67ef11812a8b6ff7c54f33a1a1e,downloaded,
2018/05/06/HMI.m2018.05.06_18.00.00.jpg,2018-05-06T18:00:00Z,2018-05-06 17:59:50Z,10,107096054,49554698f5c20de2b8cb498765a82123aa9bba77a496d302106bcfb6f2c75fc1,downloaded,
2018/05/07/HMI.m2018.05.07_14.00.00.jpg,2018-05-07T14:00:00Z,2018-05-07 13:59:50Z,10,107099573,7a884949c15aed7cee7fcf2fd74c32ccc2c54eb7de32847b3fe683d936f7ec8d,downloaded,
2018/05/07/HMI.m2018.05.07_15.00.00.jpg,2018-05-07T15:00:00Z,2018-05-07 14:59:50Z,10,107099653,f15a5b791c15d7d1cba307cb212ad8f6d0a46ae1b631575f3e3f205d31b06fe6,downloaded,
2018/05/09/HMI.m2018.05.09_22.00.00.jpg,2018-05-09T22:00:00Z,2018-05-09 21:59:50Z,10,107107820,3601212e97b041399ded3d91d45d680d48f6fb746d29a8607fabff0e9c46387a,downloaded,
2018/05/10/HMI.m2018.05.10_10.00.00.jpg,2018-05-10T10:00:00Z,2018-05-10 09:59:50Z,10,107110660,2280820581e7075fcf34a855cd1aed95b0eaa58cc41cd67f879a97ddf9e6a944,downloaded,
2018/05/12/HMI.m2018.05.12_05.00.00.jpg,2018-05-12T05:00:00Z,2018-05-12 04:59:51Z,9,107117941,cbf92adabd5be5ab0dfe47f2444914032b4c84502788b6af5766a65bcfa3270b,downloaded,
2018/05/12/HMI.m2018.05.12_20.00.00.jpg,2018-05-12T20:00:00Z,2018-05-12 19:59:51Z,9,107119166,6028a53679863febfdda460ed56d479824dbfb4a2b26b7ac30fed764b8bd2cf4,downloaded,
2018/05/14/HMI.m2018.05.14_04.00.00.jpg,2018-05-14T04:00:00Z,2018-05-14 03:59:51Z,9,107125508,b9f760fe985b181b5d6d18fe20c115d2695fad8c78c668e0169a65cb71dc3c7e,downloaded,
2018/05/14/HMI.m2018.05.14_06.00.00.jpg,2018-05-14T06:00:00Z,2018-05-14 05:59:51Z,9,107125675,80f16983d60a7beae97470f4569c58d6529c8f0f012c0e1958c9c26cfd7ae1e1,downloaded,
2018/05/17/HMI.m2018.05.17_06.00.00.jpg,2018-05-17T06:00:00Z,2018-05-17 05:59:51Z,9,107137111,1674cf9d4e150159c44f3ebd88321678b1cfe5e1098c3eca616afa45258157e6,downloaded,
2018/05/17/HMI.m2018.05.17_07.00.00.jpg,2018-05-17T07:00:00Z,2018-05-17 06:59:51Z,9,107137191,aa1006d93f3d48a9f321c10709743f2b082adf226e80f8a55ac9001f872b25f4,downloaded,
2018/05/17/HMI.m2018.05.17_22.00.00.jpg,2018-05-17T22:00:00Z,2018-05-17 21:59:51Z,9,107138359,20166de4443c4cf85dd3ec61715cb6f13acfc10d0426c4276310a0ef0540d34a,downloaded,
2018/05/19/HMI.m2018.05.19_04.00.00.jpg,2018-05-19T04:00:00Z,2018-05-19 03:59:51Z,9,107144616,9084558681b2123459ab6c4dd4074ae21de36ff33500700c72ec6b023f6aabce,downloaded,
2018/05/22/HMI.m2018.05.22_04.00.00.jpg,2018-05-22T04:00:00Z,2018-05-22 03:59:52Z,8,107156117,6feb21824d68b891e26b301cf613c784e4802e17b04171577da858d1cd434a7b,downloaded,
2018/05/23/HMI.m2018.05.23_21.00.00.jpg,2018-05-23T21:00:00Z,2018-05-23 20:59:52Z,8,107161289,31fbfdee128ecb7f630a28b11eacfed66360d6410c1b87fc49cb989d9b847c37,downloaded,
2018/05/24/HMI.m2018.05.24_08.00.00.jpg,2018-05-24T08:00:00Z,2018-05-24 07:59:52Z,8,107164084,644001ee91c5fe58e0a130ad9e9568f3a02df930b0585d3aed80e141cc607d5a,downloaded,
2018/05/24/HMI.m2018.05.24_09.00.00.jpg,2018-05-24T09:00:00Z,2018-05-24 08:59:52Z,8,107164133,969549c72dbba843c6adcb6dcacb2cfa8cd6fd0332bcd37bf9afee44b929d209,downloaded,
2018/05/24/HMI.m2018.05.24_15.00.00.jpg,2018-05-24T15:00:00Z,2018-05-24 14:59:52Z,8,107164649,b51b45b761cc805ff8d122aa70aa354ae81af18f1f0321f018a7137156967d16,downloaded,
2018/05/26/HMI.m2018.05.26_03.00.00.jpg,2018-05-26T03:00:00Z,2018-05-26 02:59:52Z,8,107171368,43e36d4623d554e525a97f4d5c2a88a72eead693e27f5a67594a0f1cc617613c,downloaded,
2018/05/26/HMI.m2018.05.26_09.00.00.jpg,2018-05-26T09:00:00Z,2018-05-26 08:59:52Z,8,107171848,f4ce46793be3572e76e8b7967bf0ffd0ead7a0a1e8d68b34af748d9fe3d09624,downloaded,
2018/05/27/HMI.m2018.05.27_03.00.00.jpg,2018-05-27T03:00:00Z,2018-05-27 02:59:52Z,8,107175165,61e80ec9d1db5708c3f5a26fb76dfb6dea9fc0bd1a5dd57ed24f1aa2e1e9e743,downloaded,
2018/05/28/HMI.m2018.05.28_00.00.00.jpg,2018-05-28T00:00:00Z,2018-05-27 23:59:52Z,8,107176798,2217c77596f2520d83b1afbc6ea3034082eec1337a8fa94a17dc13c67ab88394,downloaded,
2018/05/28/HMI.m2018.05.28_17.00.00.jpg,2018-05-28T17:00:00Z,2018-05-28 16:59:52Z,8,107180051,05221e64c0f8716c38be096ed216cb62d22fe5138ded6f7730129ce733f7bc40,downloaded,
2018/05/29/HMI.m2018.05.29_02.00.00.jpg,2018-05-29T02:00:00Z,2018-05-29 01:59:52Z,8,107182688,0a27c192afd579726f1a3e492126f8045d896126bdc5df5714919d237c4e0376,downloaded,
2018/05/30/HMI.m2018.05.30_08.00.00.jpg,2018-05-30T08:00:00Z,2018-05-30 07:59:52Z,8,107186940,a85f91ff792afcfe02778b1af927c95e981434ef9d331f1372bcc562aff818e5,downloaded,
2018/06/01/HMI.m2018.06.01_00.00.00.jpg,2018-06-01T00:00:00Z,2018-05-31 23:59:52Z,8,107192056,8bea14cfa0fd766c01baaacdd31535260222f4349522cc59bf50192d59f691a4,downloaded,
2018/06/03/HMI.m2018.06.03_05.00.00.jpg,2018-06-03T05:00:00Z,2018-06-03 04:59:53Z,7,107201982,0fa8f5a5799c660f6a279fdc5e87c02be890828695548e7da2298f010c930320,downloaded,
2018/06/04/HMI.m2018.06.04_17.00.00.jpg,2018-06-04T17:00:00Z,2018-06-04 16:59:53Z,7,107206583,35f67fc1916dfa4d233fc849e5ab999e8aca633f3cf14c9ce2611422255c62e1,downloaded,
2018/06/05/HMI.m2018.06.05_18.00.00.jpg,2018-06-05T18:00:00Z,2018-06-05 17:59:53Z,7,107210453,d4e17fbba965705e7d7ec9616697a62ffe0b38e49e62205748e92f819b551dd9,downloaded,
2018/06/08/HMI.m2018.06.08_19.00.00.jpg,2018-06-08T19:00:00Z,2018-06-08 18:59:53Z,7,107222013,364031319de23c09e403828a413c3f1935381f74d3a9c50ab6c478ec0a3785fd,downloaded,
2018/06/09/HMI.m2018.06.09_11.00.00.jpg,2018-06-09T11:00:00Z,2018-06-09 10:59:53Z,7,107225216,402d077229c06c2c8d954df85fd46b4491d4602a56d2f006213063c28e78acac,downloaded,
2018/06/12/HMI.m2018.06.12_21.00.00.jpg,2018-06-12T21:00:00Z,2018-06-12 20:59:53Z,7,107237515,5d396f7043d92461f51cd1e0b93879efa29d52578ad4896e456c175f71d544e9,downloaded,
2018/06/14/HMI.m2018.06.14_07.00.00.jpg,2018-06-14T07:00:00Z,2018-06-14 06:59:53Z,7,107243974,99df15a7c14e0cc1a2d581b194435c2fd656d8f5919fe57378d6e8df131467ee,downloaded,
2018/06/14/HMI.m2018.06.14_09.00.00.jpg,2018-06-14T09:00:00Z,2018-06-14 08:59:53Z,7,107244133,6807f25a46d6b88b214b782ac8a1e42a2845101362b3bb9f85d33a30ce9301be,downloaded,
2018/06/17/HMI.m2018.06.17_01.00.00.jpg,2018-06-17T01:00:00Z,2018-06-17 00:59:53Z,7,107255044,9f986d91b03d0888aec80d789b1abd92aadd6152704e6e9bb887fb27e15cad02,downloaded,
2018/06/17/HMI.m2018.06.17_03.00.00.jpg,2018-06-17T03:00:00Z,2018-06-17 02:59:54Z,6,107255204,52965f016ceee97d036e8167a6b40617335fd91668f65a1a8fe4da7fcc471892,downloaded,
2018/06/17/HMI.m2018.06.17_07.00.00.jpg,2018-06-17T07:00:00Z,2018-06-17 06:59:54Z,6,107255492,09d115f3be9a0e980c16592e633ea04801a67be5667299ae4a7cbd7a67bff982,downloaded,
2018/06/17/HMI.m2018.06.17_17.00.00.jpg,2018-06-17T17:00:00Z,2018-06-17 16:59:53Z,7,107256324,edee73159052d3d5902f74e85240b62f209656889cd4fca0d8b77f0bde08ffc8,downloaded,
2018/06/20/HMI.m2018.06.20_03.00.00.jpg,2018-06-20T03:00:00Z,2018-06-20 02:59:54Z,6,107266674,6b093fb1be75bef17c2fd243e9eb2e8dbe43be305ece8a274465c227036f8f39,downloaded,
2018/06/21/HMI.m2018.06.21_22.00.00.jpg,2018-06-21T22:00:00Z,2018-06-21 21:59:54Z,6,107271075,544f391d46a50e7a1891fbd9d049f621c941d8c3bd40433c006f813199fbb35b,downloaded,
2018/06/22/HMI.m2018.06.22_09.00.00.jpg,2018-06-22T09:00:00Z,2018-06-22 08:59:54Z,6,107272842,35d163ec238ef9fb77af3762486369bb35a5c67b8061b20a56cc20e21c2c9c52,downloaded,
2018/06/23/HMI.m2018.06.23_04.00.00.jpg,2018-06-23T04:00:00Z,2018-06-23 03:59:54Z,6,107276337,2ff5136e0d90c6ac055580ed7e9efc13017809001bc31ab1a2c9c4e762ff607a,downloaded,
2018/06/23/HMI.m2018.06.23_07.00.00.jpg,2018-06-23T07:00:00Z,2018-06-23 06:59:54Z,6,107276593,239f4b5e1a564abacc951d88adadd4bb12e26f72c8316931ddb3e317274cd1e8,downloaded,
2018/06/23/HMI.m2018.06.23_19.00.00.jpg,2018-06-23T19:00:00Z,2018-06-23 18:59:54Z,6,107277530,9a8ba7f37e95fb656423ad327d0db1fbd700445307309f91622d083cbc25c680,downloaded,
2018/06/26/HMI.m2018.06.26_16.00.00.jpg,2018-06-26T16:00:00Z,2018-06-26 15:59:54Z,6,107288694,8fe154c3e382e2087e2eb722d9bc0e12e15bb9a95a53e5b61393dd9c630dc70f,downloaded,
2018/06/28/HMI.m2018.06.28_03.00.00.jpg,2018-06-28T03:00:00Z,2018-06-28 02:58:24Z,96,107293000,d7b48ef05db06e5bfa374675eb8af21ea2515d14daaaec399776336e293a00a1,downloaded,
2018/06/29/HMI.m2018.06.29_03.00.00.jpg,2018-06-29T03:00:00Z,2018-06-29 02:59:54Z,6,107295965,153030143e47840ec5bb110c442c141a23037f2d0392df5eab3420e3878a8cd7,downloaded,
2018/07/01/HMI.m2018.07.01_23.00.00.jpg,2018-07-01T23:00:00Z,2018-07-01 22:59:54Z,6,107305167,b7406dc49f386337fed43dbb8dec3f293c839a1c7e9b3650f8430fcd9779a9b7,downloaded,
2018/07/02/HMI.m2018.07.02_03.00.00.jpg,2018-07-02T03:00:00Z,2018-07-02 02:59:54Z,6,107307392,4adc6558ca0454a45fbc79e4b69f31276e5064a8f4766f58c22a0f1272cbd074,downloaded,
2018/07/03/HMI.m2018.07.03_06.00.00.jpg,2018-07-03T06:00:00Z,2018-07-03 05:59:54Z,6,107311457,67a6f84b958e50af1c56f680766106eb7dfc3ea18f2d6b8c2aad0fe2df1adff9,downloaded,
2018/07/03/HMI.m2018.07.03_16.00.00.jpg,2018-07-03T16:00:00Z,2018-07-03 15:59:54Z,6,107312215,43ad9338d0c1d28180d2e893a4f43ad9621ffd7c34e13f65244c728e2d9cc636,downloaded,
2018/07/03/HMI.m2018.07.03_17.00.00.jpg,2018-07-03T17:00:00Z,2018-07-03 16:59:54Z,6,107312327,7b9b18a920937f5ee188fc7d510961d231104457e574cc6c691152a4ec2eac46,downloaded,
2018/07/04/HMI.m2018.07.04_15.00.00.jpg,2018-07-04T15:00:00Z,2018-07-04 14:59:54Z,6,107315952,174d6ba453cbea4b8b9ae582df4107969a91aaaacd1f0ed1780f48be40870c5c,downloaded,
2018/07/05/HMI.m2018.07.05_09.00.00.jpg,2018-07-05T09:00:00Z,2018-07-05 08:59:54Z,6,107319324,09b288ad88a662cbe975cb132d82ee400fdabb26ed181b3227fa8012b72843da,downloaded,
2018/07/05/HMI.m2018.07.05_22.00.00.jpg,2018-07-05T22:00:00Z,2018-07-05 21:59:54Z,6,107320356,d6d7c4bb531772f57cd017e0ff42dc012750d4471dbde0892d33ec095e916bdf,downloaded,
2018/07/07/HMI.m2018.07.07_13.00.00.jpg,2018-07-07T13:00:00Z,2018-07-07 12:59:54Z,6,107327197,aa5c1f129a5643d1d62dfbfd4617f75c555bf9e31122c7e2ba25d239086d6bf0,downloaded,
2018/07/07/HMI.m2018.07.07_16.00.00.jpg,2018-07-07T16:00:00Z,2018-07-07 15:59:54Z,6,107327421,d6a3a226228c787a39285c248ab78153ac28f115d5937355dc640d8034615674,downloaded,
2018/07/09/HMI.m2018.07.09_18.00.00.jpg,2018-07-09T18:00:00Z,2018-07-09 17:59:54Z,6,107335280,20f5c4a394bff5804ff56a6dfd16cbce7f0a47546308faacfa5e8bc20a2a5c6d,downloaded,
2018/07/10/HMI.m2018.07.10_06.00.00.jpg,2018-07-10T06:00:00Z,2018-07-10 05:59:54Z,6,107338115,57daf1c7a1ca0f590f757e76afe75775af912c85294557489ff4f2d3ffef97a0,downloaded,
2018/07/10/HMI.m2018.07.10_12.00.00.jpg,2018-07-10T12:00:00Z,2018-07-10 11:59:54Z,6,107338593,629515d6e63cb75b099766b88eb211c836d2cc39056b21328aeef772dfe77ea5,downloaded,
2018/07/12/HMI.m2018.07.12_12.00.00.jpg,2018-07-12T12:00:00Z,2018-07-12 11:59:54Z,6,107345820,dac615a9d04d2ee528efc354b16552c703d2db86b4dea0948246935e20bc94c6,downloaded,
2018/07/13/HMI.m2018.07.13_07.00.00.jpg,2018-07-13T07:00:00Z,2018-07-13 06:59:54Z,6,107349219,2fcd957cf774592e6beed8f596bba40200a4fb0e5165e6cbc0e3ab51634f4a3b,downloaded,
2018/07/13/HMI.m2018.07.13_15.00.00.jpg,2018-07-13T15:00:00Z,2018-07-13 14:59:54Z,6,107349859,f8812d54f42e1bea3d1243ad20b1b10a69a97fd0a93fcd9ae46acc51daadc41d,downloaded,
2018/07/16/HMI.m2018.07.16_06.00.00.jpg,2018-07-16T06:00:00Z,2018-07-16 05:59:54Z,6,107360512,69f01e65afa958746b480f761b7b493f4036a53b6327b8634bfd70038d160ed6,downloaded,
2018/07/17/HMI.m2018.07.17_15.00.00.jpg,2018-07-17T15:00:00Z,2018-07-17 14:59:54Z,6,107365026,9286ec78381342ce91f7c34694252a3568900d3a38264148b6e1b8ee77d9699c,downloaded,
2018/07/17/HMI.m2018.07.17_21.00.00.jpg,2018-07-17T21:00:00Z,2018-07-17 20:59:54Z,6,107365508,86072479673ca93e61d56d018b6eb348fe2c5004fedcc605fedefcc69b69519c,downloaded,
2018/07/19/HMI.m2018.07.19_03.00.00.jpg,2018-07-19T03:00:00Z,2018-07-19 02:59:54Z,6,107371710,3bfa0a52b4c8a4300ae1d84fdd1a105dfd11b0ac26b456dd3b5be14033d626e0,downloaded,
2018/07/20/HMI.m2018.07.20_05.00.00.jpg,2018-07-20T05:00:00Z,2018-07-20 04:59:54Z,6,107375714,705bfa6aadecf4d14bc8943bb9ffe0cad433a369a6e2c7d290d43f7fab23ebf7,downloaded,
2018/07/20/HMI.m2018.07.20_06.00.00.jpg,2018-07-20T06:00:00Z,2018-07-20 05:59:54Z,6,107375789,57ded1a6c8e5a8dc0adc184bab22d3361275453e36bacb75a8328419f7c556f6,downloaded,
2018/07/21/HMI.m2018.07.21_12.00.00.jpg,2018-07-21T12:00:00Z,2018-07-21 11:59:54Z,6,107380087,9c1eff7a93f1a4a8895746fede71039b8b1b9b65f768b58b00edd8e3fc8f6188,downloaded,
2018/07/23/HMI.m2018.07.23_04.00.00.jpg,2018-07-23T04:00:00Z,2018-07-23 03:59:54Z,6,107387123,7d057e793303eeba24b9717d1042293b8226ba8db9f36357d55215f7c040bec2,downloaded,
2018/07/23/HMI.m2018.07.23_15.00.00.jpg,2018-07-23T15:00:00Z,2018-07-23 14:59:53Z,7,107387982,7e684006a8daab6b6db8d92c8a1181a1e4eda71bc5379b829c3025ee85d0897a,downloaded,
2018/07/23/HMI.m2018.07.23_21.00.00.jpg,2018-07-23T21:00:00Z,2018-07-23 20:59:53Z,7,107388478,6564589ac7b0884c0daec4603bca55f6a986615cd982a89b86999538323337f0,downloaded,
2018/07/24/HMI.m2018.07.24_05.00.00.jpg,2018-07-24T05:00:00Z,2018-07-24 04:59:54Z,6,107391003,ad47d508ade7c680a92121425931b68db74a133e9a54bba4e80098e8cf878738,downloaded,
2018/07/24/HMI.m2018.07.24_14.00.00.jpg,2018-07-24T14:00:00Z,2018-07-24 13:59:53Z,7,107391755,fcc682f6ee3b9144f23f4ba98219bfaaec989735a0522108ef562818bb02a26d,downloaded,
2018/07/25/HMI.m2018.07.25_00.00.00.jpg,2018-07-25T00:00:00Z,2018-07-24 23:59:53Z,7,107392548,74a0382f8d98949ca06c526a09bd0250a9f9cec153fb4c2443508a6e5fa1d751,downloaded,
2018/07/26/HMI.m2018.07.26_02.00.00.jpg,2018-07-26T02:00:00Z,2018-07-26 01:59:53Z,7,107397669,f2616c05a15ca82258d23aba0787d387aff8bc2f0c043d5850177f7a99201fd9,downloaded,
2018/07/28/HMI.m2018.07.28_13.00.00.jpg,2018-07-28T13:00:00Z,2018-07-28 12:59:53Z,7,107405810,d0e9a40085e4eb95a97f0f0e103de2cf7f577108219381e564f5c02f75bdb282,downloaded,
2018/07/29/HMI.m2018.07.29_06.00.00.jpg,2018-07-29T06:00:00Z,2018-07-29 05:59:53Z,7,107409100,b303da6f02cd6f69531f46821f9773475f9a6cb85a3456b5b82fabe3ec590d90,downloaded,
2018/07/30/HMI.m2018.07.30_05.00.00.jpg,2018-07-30T05:00:00Z,2018-07-30 04:59:53Z,7,107412842,10fabe50dc350d2b3f104bd9fd765cab283ce6ba33931f0c1a2a6ffbb77efe8a,downloaded,
2018/07/31/HMI.m2018.07.31_22.00.00.jpg,2018-07-31T22:00:00Z,2018-07-31 21:59:53Z,7,107418021,97078c0bd2cc95acaf6c290933bf2456dce4f1eee51f08f5db5c87205a43d4bc,downloaded,
2018/08/01/HMI.m2018.08.01_05.00.00.jpg,2018-08-01T05:00:00Z,2018-08-01 04:59:53Z,7,107420477,1347306c5e3d8cba949aef8c84daddf7453f9b11292a43224014fc9d40b15202,downloaded,
2018/08/01/HMI.m2018.08.01_16.00.00.jpg,2018-08-01T16:00:00Z,2018-08-01 15:59:53Z,7,107421302,124c4eaa11fb659415bba66fe4200748ca3a2a32d5e5ffa5cf6d5ffdd1580d2e,downloaded,
2018/08/02/HMI.m2018.08.02_10.00.00.jpg,2018-08-02T10:00:00Z,2018-08-02 09:59:53Z,7,107424680,0f010b8e8eaee4ffb81c3344f945d0ec779a0c23f201e8bbd113a74549f3115c,downloaded,
2018/08/04/HMI.m2018.08.04_00.00.00.jpg,2018-08-04T00:00:00Z,2018-08-03 23:59:53Z,7,107429627,751045c062a35fbb7e0f275c7ee87ccd61b209b3becd1dbd6173bb01a0472568,downloaded,
2018/08/06/HMI.m2018.08.06_13.00.00.jpg,2018-08-06T13:00:00Z,2018-08-06 12:59:53Z,7,107438751,f9a3bb4f0f31806db4048b62955c23f1a3ed5d6d9461b4c300abf1f79370932e,downloaded,
2018/08/07/HMI.m2018.08.07_16.00.00.jpg,2018-08-07T16:00:00Z,2018-08-07 15:59:53Z,7,107442577,7176db83aee26ac1c59a9fac45e38a9fc899d263c99aed52ea03ecc075eb9a3b,downloaded,
2018/08/08/HMI.m2018.08.08_12.00.00.jpg,2018-08-08T12:00:00Z,2018-08-08 11:59:53Z,7,107446435,5910b864ce480bc48f526ff79c2a1a5eb692dd58616db0315752838cb47a6f51,downloaded,
2018/08/08/HMI.m2018.08.08_19.00.00.jpg,2018-08-08T19:00:00Z,2018-08-08 18:59:52Z,8,107446966,f7a25947f468bda919657cdcb9c39f81c6a3bff5efc471b8c696a1eeb79f013b,downloaded,
2018/08/10/HMI.m2018.08.10_00.00.00.jpg,2018-08-10T00:00:00Z,2018-08-09 23:59:52Z,8,107451127,56496d3bf9f96335feaa7d74a6310e2d88fa4d1f86da192e91a33c7c3101f210,downloaded,
2018/08/10/HMI.m2018.08.10_03.00.00.jpg,2018-08-10T03:00:00Z,2018-08-10 02:59:52Z,8,107453290,1a8c8a07f50d049316355b8dd0f66c455ff08f100b16df87aef06d3e181ef46b,downloaded,
2018/08/10/HMI.m2018.08.10_16.00.00.jpg,2018-08-10T16:00:00Z,2018-08-10 15:59:52Z,8,107454233,1e315d557fde5047a8f792beb71e80abe1cc5961c4fb107ac84c85da72bb59cc,downloaded,
2018/08/11/HMI.m2018.08.11_15.00.00.jpg,2018-08-11T15:00:00Z,2018-08-11 14:59:52Z,8,107458039,b0d30944dc04b29dfd29ae0ca1594d17a694666b8d4b56c3bef126d348599438,downloaded,
2018/08/11/HMI.m2018.08.11_18.00.00.jpg,2018-08-11T18:00:00Z,2018-08-11 17:59:52Z,8,107458303,6828d011a402f71936c3d3ca3927d7abe2016f8ce0e8f8b04cd299a108cb112d,downloaded,
2018/08/11/HMI.m2018.08.11_19.00.00.jpg,2018-08-11T19:00:00Z,2018-08-11 18:59:52Z,8,107458390,6e700cc1f6f6718488bece3cec65f245df8ccd4d14a69e0358a33ff903a3bc4c,downloaded,
2018/08/11/HMI.m2018.08.11_21.00.00.jpg,2018-08-11T21:00:00Z,2018-08-11 20:59:52Z,8,107458546,823ebd8592975e0646dda56f874cebc0f40271949a1e83e674a4f53ccc6cdcb8,downloaded,
2018/08/13/HMI.m2018.08.13_02.00.00.jpg,2018-08-13T02:00:00Z,2018-08-13 01:59:52Z,8,107464476,f40414fcce6d00b23e247720aa824737dcf6f8826fef8c8fe3a4aea62df95801,downloaded,
2018/08/13/HMI.m2018.08.13_12.00.00.jpg,2018-08-13T12:00:00Z,2018-08-13 11:59:52Z,8,107465180,bf722313796d63c3effd42d0a244b594ee26b35ffd66ad7f9cae76855826f887,downloaded,
2018/08/13/HMI.m2018.08.13_17.00.00.jpg,2018-08-13T17:00:00Z,2018-08-13 16:59:52Z,8,107465581,9b2eaa28b51147bf24ba2f873a005d077fd88f2f022f1c44adbc9671d8ed14b7,downloaded,
2018/08/15/HMI.m2018.08.15_06.00.00.jpg,2018-08-15T06:00:00Z,2018-08-15 05:59:52Z,8,107471949,90ec511854ea1f9f2c7215fc612f81605af575079bbda11fbc5cc617e7afa105,downloaded,
2018/08/15/HMI.m2018.08.15_14.00.00.jpg,2018-08-15T14:00:00Z,2018-08-15 13:59:52Z,8,107472485,4525be0da327d925dd628961ed613e14aacd5363c9166c28183a1e948eccbc9a,downloaded,
2018/08/16/HMI.m2018.08.16_05.00.00.jpg,2018-08-16T05:00:00Z,2018-08-16 04:59:52Z,8,107475413,113442494502a509941bacdaea7a3867f01037ab484f178a556cada217aec634,downloaded,
2018/08/16/HMI.m2018.08.16_11.00.00.jpg,2018-08-16T11:00:00Z,2018-08-16 10:59:52Z,8,107475802,b3cc72fec90894702269ecdfe2b91f1f0ffabc6f8c5e56fb5d5bb4247136b9a2,downloaded,
2018/08/16/HMI.m2018.08.16_13.00.00.jpg,2018-08-16T13:00:00Z,2018-08-16 12:59:52Z,8,107475962,32878b7cd8935e82c5a90b4d7aac15033c6052dd085dbdd6366b6c026b507b1c,downloaded,
2018/08/16/HMI.m2018.08.16_17.00.00.jpg,2018-08-16T17:00:00Z,2018-08-16 16:59:52Z,8,107476282,58553dcd273f7c45bf66dd58c4c6ad90d7bc6ca067ed36be0874839f303cd2cf,downloaded,
2018/08/17/HMI.m2018.08.17_00.00.00.jpg,2018-08-17T00:00:00Z,2018-08-16 23:59:52Z,8,107476825,cf9d9dd7f57bec00b91e51e1870ed59bf61a1f9ab0746e85d116310af9d444f1,downloaded,
2018/08/17/HMI.m2018.08.17_04.00.00.jpg,2018-08-17T04:00:00Z,2018-08-17 03:59:52Z,8,107478907,cc7df9be3a8289ffbaa84c3876eb3cb0b9df1ed23b8ecc6b618df06585f283cb,downloaded,
2018/08/18/HMI.m2018.08.18_05.00.00.jpg,2018-08-18T05:00:00Z,2018-08-17 23:59:52Z,18008,107480393,,skipped_unavailable,Closest HMI observation is 18008s from 2018-08-18T05:00:00Z
2018/08/19/HMI.m2018.08.19_12.00.00.jpg,2018-08-19T12:00:00Z,2018-08-19 11:59:52Z,8,107482988,81750b32fc299fc8a253e79881a686667a54b23305f5343950fe4f40ea62e07f,downloaded,
2018/08/19/HMI.m2018.08.19_19.00.00.jpg,2018-08-19T19:00:00Z,2018-08-19 18:59:51Z,9,107483549,9d5c2bd8981d4096c3bd3c39a8fc5231561479a325adca4cfeb1bb72b30da1bd,downloaded,
2018/08/20/HMI.m2018.08.20_18.00.00.jpg,2018-08-20T18:00:00Z,2018-08-20 17:59:51Z,9,107487020,d6115ecb164e63036fcd10afbeb42fef2d725a808821a63cfe6df5eb5bc03d67,downloaded,
2018/08/21/HMI.m2018.08.21_20.00.00.jpg,2018-08-21T20:00:00Z,2018-08-21 19:59:51Z,9,107490739,fc595e53f85cedd07bbd5a5d1ad72a239037fd3aa6e07b79e0d4a4000773be41,downloaded,
2018/08/22/HMI.m2018.08.22_03.00.00.jpg,2018-08-22T03:00:00Z,2018-08-22 02:59:51Z,9,107492977,7fac1f62c65eda3c309cdb94c56e185f93eeafad77b7a2283e2891a0db9f5f56,downloaded,
2018/08/23/HMI.m2018.08.23_06.00.00.jpg,2018-08-23T06:00:00Z,2018-08-23 05:59:51Z,9,107496721,09421f32d17de206c7eb54b62d230cd563359215c5a99beb2ee4e9345ae05a4c,downloaded,
2018/08/24/HMI.m2018.08.24_03.00.00.jpg,2018-08-24T03:00:00Z,2018-08-24 02:59:51Z,9,107499907,b5ea47e4446af86569b4a8a100e35e4303e78d0732c35782aa5bd6ebe2609f7f,downloaded,
2018/08/24/HMI.m2018.08.24_22.00.00.jpg,2018-08-24T22:00:00Z,2018-08-24 21:59:51Z,9,107500890,e8f648dbc327765faa7750f7e9b1ac2f2995497e4c8e31f740cf1dc96c0d5696,downloaded,
2018/08/25/HMI.m2018.08.25_20.00.00.jpg,2018-08-25T20:00:00Z,2018-08-25 19:59:51Z,9,107503494,d24dbd95cf4775ba92d65cd34ded899027276d75e20a64b07e33b43165f8ceec,downloaded,
2018/08/27/HMI.m2018.08.27_15.00.00.jpg,2018-08-27T15:00:00Z,2018-08-27 14:59:51Z,9,107511281,de18a70b0c3022a20e80a3bfdab3c66c5e71a717b6b8f72f8e849ad5e6938c0c,downloaded,
2018/08/27/HMI.m2018.08.27_23.00.00.jpg,2018-08-27T23:00:00Z,2018-08-27 22:59:51Z,9,107511950,d620b8c5c5154136428c6e27717824cb7a97473aeb0204ed1a7b260441c7bc41,downloaded,
2018/08/30/HMI.m2018.08.30_08.00.00.jpg,2018-08-30T08:00:00Z,2018-08-30 07:59:51Z,9,107520402,739281362d1c9ab9b29b324341d2fb3fd84bbfe3991249c880964612f8ad9a65,downloaded,
2018/09/01/HMI.m2018.09.01_18.00.00.jpg,2018-09-01T18:00:00Z,2018-09-01 17:59:50Z,10,107527088,7f34a9d9fed7c4aeb9239e98be756afc674bcebe0999776bc7d2c7dc220790fd,downloaded,
2018/09/03/HMI.m2018.09.03_00.00.00.jpg,2018-09-03T00:00:00Z,2018-09-02 23:59:50Z,10,107530191,7ade417fab921508fbb1afd3215c4dea4c45a64abcc6f14ed198f555615ac90c,downloaded,
2018/09/03/HMI.m2018.09.03_10.00.00.jpg,2018-09-03T10:00:00Z,2018-09-03 09:59:50Z,10,107534149,e26a3d00340b4ea9380dc95e3f99db8f5f4d05158e94a29084ce403925188b17,downloaded,
2018/09/03/HMI.m2018.09.03_21.00.00.jpg,2018-09-03T21:00:00Z,2018-09-03 20:59:50Z,10,107534978,9b35dd4aa0152e4d1076c395467713bc1ab8e96c0a0f90255cffb71850383322,downloaded,
2018/09/03/HMI.m2018.09.03_23.00.00.jpg,2018-09-03T23:00:00Z,2018-09-03 22:59:50Z,10,107535580,96554b5307bbc5eda39fd0f935495fde9618797f1f9b4a1a7a60cd87b8abefc8,downloaded,
2018/09/04/HMI.m2018.09.04_01.00.00.jpg,2018-09-04T01:00:00Z,2018-09-04 00:59:50Z,10,107537385,ec5cab8d4fe8ad16333e6a53b8516c81dc3979c374a754db18c578c642b6e80c,downloaded,
2018/09/04/HMI.m2018.09.04_06.00.00.jpg,2018-09-04T06:00:00Z,2018-09-04 05:59:50Z,10,107538186,0610f9ad7ecdc2e60fc2f0a38bec3f72ade669ea8fb6d394ecbd22a58157f884,downloaded,
2018/09/05/HMI.m2018.09.05_08.00.00.jpg,2018-09-05T08:00:00Z,2018-09-05 07:59:50Z,10,107542250,60a6b8788bc44c5d296e27af410a2b94d985fb8a4d3e9cb9300343fe0c88e1a8,downloaded,
2018/09/05/HMI.m2018.09.05_09.00.00.jpg,2018-09-05T09:00:00Z,2018-09-05 08:59:50Z,10,107542170,e19832f28af1d2074bcc79ec8006df79993d61e56994cd40dfd670bfd02041af,downloaded,
2018/09/05/HMI.m2018.09.05_23.00.00.jpg,2018-09-05T23:00:00Z,2018-09-05 22:59:50Z,10,107541062,2f311c373d37e1c9c7cb565548c9936463d56668151eae4fae61928816174b25,downloaded,
2018/09/06/HMI.m2018.09.06_05.00.00.jpg,2018-09-06T05:00:00Z,2018-09-06 04:59:50Z,10,107546304,3c617ddf5caa578e34391268ae725450e01912effcfb2cfa0324527ab50ba87b,downloaded,
2018/09/06/HMI.m2018.09.06_17.00.00.jpg,2018-09-06T17:00:00Z,2018-09-06 16:59:49Z,11,107545344,73e2e19deb677ebf4522035cf4edb24e0ef4a290a03509aeef2a8308bf77b1ae,downloaded,
2018/09/08/HMI.m2018.09.08_10.00.00.jpg,2018-09-08T10:00:00Z,2018-09-08 09:59:49Z,11,107553565,c5074c26c8eefb94e806cfa9ad170661cfebd828e7e52cb828f07979b7b81cc0,downloaded,
2018/09/09/HMI.m2018.09.09_10.00.00.jpg,2018-09-09T10:00:00Z,2018-09-09 09:59:49Z,11,107557196,c61106b216d38144865713c10a5ef75471d0a6cbb8d940f52ec317ff4861cfce,downloaded,
2018/09/10/HMI.m2018.09.10_15.00.00.jpg,2018-09-10T15:00:00Z,2018-09-10 14:59:49Z,11,107560805,ac6aeded65e6b82be17ba1ce403df70c3343196b195464d389ba8fb7817b5698,downloaded,
2018/09/10/HMI.m2018.09.10_23.00.00.jpg,2018-09-10T23:00:00Z,2018-09-10 22:59:49Z,11,107561488,3f5970f33bce2d592c7784846139e284bc7a47557ff0c7731265334a178a10ea,downloaded,
2018/09/12/HMI.m2018.09.12_06.00.00.jpg,2018-09-12T06:00:00Z,2018-09-12 05:59:49Z,11,107567365,c3e12ac8b18eb61ec204515590ee68856053fbd387e7cd25d8f83163a804fd8d,downloaded,
2018/09/13/HMI.m2018.09.13_15.00.00.jpg,2018-09-13T15:00:00Z,2018-09-13 14:59:49Z,11,107571431,50646cf080a4bafda49e298cec81d93d5fb3cd4bef5df51c75d801bbce314f6d,downloaded,
2018/09/14/HMI.m2018.09.14_15.00.00.jpg,2018-09-14T15:00:00Z,2018-09-14 14:59:48Z,12,107575297,85e149c7b109ca6b4de695d2733fcaa90e94d156b47a5899621f504b50b79e09,downloaded,
2018/09/14/HMI.m2018.09.14_21.00.00.jpg,2018-09-14T21:00:00Z,2018-09-14 20:59:48Z,12,107575740,31afdd08ef3d631e05cd001f4cd7b0cd77f92f791dd0af54cc56734acd78ef2b,downloaded,
2018/09/15/HMI.m2018.09.15_01.00.00.jpg,2018-09-15T01:00:00Z,2018-09-15 00:59:48Z,12,107578001,fa3b02fb14796cd10b845d36e5e59dcde57dbb0571215357150907222ef79e0c,downloaded,
2018/09/17/HMI.m2018.09.17_02.00.00.jpg,2018-09-17T02:00:00Z,2018-09-17 01:59:48Z,12,107585740,a4ce408ff05e75aa724b46a44805ce182e3f7e2ab3d8420e92b30bb1bf95efc1,downloaded,
2018/09/17/HMI.m2018.09.17_18.00.00.jpg,2018-09-17T18:00:00Z,2018-09-17 17:59:48Z,12,107587033,cbfb238395f03de82219502e3dc4a876b5d42c0a0a77ace679805556fd42c734,downloaded,
2018/09/21/HMI.m2018.09.21_01.00.00.jpg,2018-09-21T01:00:00Z,2018-09-20 23:59:48Z,3612,107598961,,skipped_unavailable,Closest HMI observation is 3612s from 2018-09-21T01:00:00Z
2018/09/21/HMI.m2018.09.21_09.00.00.jpg,2018-09-21T09:00:00Z,2018-09-20 23:59:48Z,32412,107598961,,skipped_unavailable,Closest HMI observation is 32412s from 2018-09-21T09:00:00Z
2018/09/21/HMI.m2018.09.21_18.00.00.jpg,2018-09-21T18:00:00Z,2018-09-20 23:59:48Z,64812,107598961,,skipped_unavailable,Closest HMI observation is 64812s from 2018-09-21T18:00:00Z
2018/09/22/HMI.m2018.09.22_00.00.00.jpg,2018-09-22T00:00:00Z,2018-09-20 23:59:48Z,86412,107598961,,skipped_unavailable,Closest HMI observation is 86412s from 2018-09-22T00:00:00Z
2018/09/22/HMI.m2018.09.22_02.00.00.jpg,2018-09-22T02:00:00Z,2018-09-23 00:00:32Z,79232,107600910,,skipped_unavailable,Closest HMI observation is 79232s from 2018-09-22T02:00:00Z
2018/09/22/HMI.m2018.09.22_18.00.00.jpg,2018-09-22T18:00:00Z,2018-09-23 00:00:32Z,21632,107600910,,skipped_unavailable,Closest HMI observation is 21632s from 2018-09-22T18:00:00Z
2018/09/23/HMI.m2018.09.23_19.00.00.jpg,2018-09-23T19:00:00Z,2018-09-23 18:59:47Z,13,107602430,8d7464c6578c9862f8752fadeec34d84fc5da4c9217b1fadafcfdf1ce3c559fa,downloaded,
2018/09/25/HMI.m2018.09.25_03.00.00.jpg,2018-09-25T03:00:00Z,2018-09-25 02:59:47Z,13,107608806,55c25f5c4f22aed983ead25c330acda4351b9992598055bf9bc08c921d39ab41,downloaded,
2018/09/25/HMI.m2018.09.25_06.00.00.jpg,2018-09-25T06:00:00Z,2018-09-25 05:59:47Z,13,107609110,4a449485c2562ce6cfe52e569306bac0b23e2117ebb25db20a81a71faad352c7,downloaded,
2018/09/26/HMI.m2018.09.26_05.00.00.jpg,2018-09-26T05:00:00Z,2018-09-26 04:59:47Z,13,107612845,578ec3135a86df2a6614244408e67372fb5566679f01d5a470263844f647573b,downloaded,
2018/09/27/HMI.m2018.09.27_21.00.00.jpg,2018-09-27T21:00:00Z,2018-09-27 20:59:47Z,13,107617902,6114ae773e9f0f9fa025a4abe02308583b6c2cb63e1526ac7f347957cc776591,downloaded,
2018/09/28/HMI.m2018.09.28_07.00.00.jpg,2018-09-28T07:00:00Z,2018-09-28 06:59:47Z,13,107620601,83d52448c5b0a3781a06da526418cad7069b1bba2483ef545f5aceefbb35f5c2,downloaded,
2018/09/28/HMI.m2018.09.28_18.00.00.jpg,2018-09-28T18:00:00Z,2018-09-28 17:59:46Z,14,107621513,3494e168b9f37658d2c90f92cafc97e49c6b61e46783f11c1b13a90798af0551,downloaded,
2018/09/28/HMI.m2018.09.28_19.00.00.jpg,2018-09-28T19:00:00Z,2018-09-28 18:59:46Z,14,107621584,2fea036bf461bc688c2947c2fc5d968d787fe75805907ef3a87c646399e8379b,downloaded,
2018/09/29/HMI.m2018.09.29_04.00.00.jpg,2018-09-29T04:00:00Z,2018-09-29 03:59:47Z,13,107624193,b830b875cd693373821a6d12cc2f02aaca72d03c482738d6af5fd9349837809e,downloaded,
2018/09/29/HMI.m2018.09.29_10.00.00.jpg,2018-09-29T10:00:00Z,2018-09-29 09:59:46Z,14,107624673,0a164ca476b3aab91ee1ad12c7bec4dae8c2e0185394f5037665d9d32ec69f06,downloaded,
2018/09/29/HMI.m2018.09.29_22.00.00.jpg,2018-09-29T22:00:00Z,2018-09-29 21:59:46Z,14,107625659,60168d33becf2ad65266aae0f6655b97e1da8f685cf38455d621c74545e37f7a,downloaded,
2018/09/30/HMI.m2018.09.30_03.00.00.jpg,2018-09-30T03:00:00Z,2018-09-30 02:59:46Z,14,107627947,37e69535e80ca8d8efae2615b5ef43dcce7cae8e8c89534f7a145904354852da,downloaded,
2018/09/30/HMI.m2018.09.30_16.00.00.jpg,2018-09-30T16:00:00Z,2018-09-30 15:59:46Z,14,107629010,b7df00bb162b5dec4d1b0c9ea53357e96d8f6369fc714bfcddf3ffe22b8546f5,downloaded,
2018/10/02/HMI.m2018.10.02_08.00.00.jpg,2018-10-02T08:00:00Z,2018-10-02 07:59:46Z,14,107636019,815bfda7c51d7230aab810f96aa37fd0b623d79ff3242ae79e47678a0848e51c,downloaded,
2018/10/02/HMI.m2018.10.02_14.00.00.jpg,2018-10-02T14:00:00Z,2018-10-02 13:59:46Z,14,107636500,fc62b1923f39453084d88d8c27d33061c17fb2d5263dd3942bf3123c6c27bb60,downloaded,
2018/10/03/HMI.m2018.10.03_15.00.00.jpg,2018-10-03T15:00:00Z,2018-10-03 14:59:46Z,14,107639887,207b2ea1840926ae4e3357bfa248a0f45c6b93f1bb67979d84a16cd030c76cb2,downloaded,
2018/10/06/HMI.m2018.10.06_00.00.00.jpg,2018-10-06T00:00:00Z,2018-10-05 23:59:45Z,15,107647953,d3717282e0cdd29bb43ab3109771b357536a1f2b1078352428516412ae6aaad8,downloaded,
2018/10/07/HMI.m2018.10.07_22.00.00.jpg,2018-10-07T22:00:00Z,2018-10-07 21:59:45Z,15,107655504,a522e14374675ee7ca58c6895f541d08e3e762cfe4b2cf77feef4999c64ed7fb,downloaded,
2018/10/08/HMI.m2018.10.08_20.00.00.jpg,2018-10-08T20:00:00Z,2018-10-09 00:00:30Z,14430,107657574,,skipped_unavailable,Closest HMI observation is 14430s from 2018-10-08T20:00:00Z
2018/10/09/HMI.m2018.10.09_06.00.00.jpg,2018-10-09T06:00:00Z,2018-10-09 05:59:45Z,15,107658051,5a76b15936516bf067bcbac5e49dd3b71c5c3ca48305b410f8b00bc283a2abe7,downloaded,
2018/10/09/HMI.m2018.10.09_22.00.00.jpg,2018-10-09T22:00:00Z,2018-10-09 21:59:45Z,15,107659333,cf01a774abb48a4c264092a200226cde4248cd03affbe7dad6cfbddb30b4ba4f,downloaded,
2018/10/12/HMI.m2018.10.12_07.00.00.jpg,2018-10-12T07:00:00Z,2018-10-12 06:59:45Z,15,107669348,de5fb47dff1b016595814b302988bd7bb7659e9872747c0000e7c1f073daf1f9,downloaded,
2018/10/13/HMI.m2018.10.13_18.00.00.jpg,2018-10-13T18:00:00Z,2018-10-13 17:59:44Z,16,107671954,22153c323339ecf3782264b4226fecf9d5932b79de689c323d9410e1d32ff7b7,downloaded,
2018/10/14/HMI.m2018.10.14_09.00.00.jpg,2018-10-14T09:00:00Z,2018-10-14 08:59:44Z,16,107675050,2e8c05d3de7f140e154d8f61d24c2ac3f771bd036eb0014fa78243dd427c1530,downloaded,
2018/10/14/HMI.m2018.10.14_15.00.00.jpg,2018-10-14T15:00:00Z,2018-10-14 14:59:44Z,16,107675513,1604fdb97fc7b267ffdd6fc2cbbc92359692468070e336c503339888b8df51e4,downloaded,
2018/10/16/HMI.m2018.10.16_22.00.00.jpg,2018-10-16T22:00:00Z,2018-10-16 21:59:44Z,16,107681836,186212195ae5bf34929b2ddb96310b927e2cb5c4ef345c522d77ed25f4277358,downloaded,
2018/10/17/HMI.m2018.10.17_04.00.00.jpg,2018-10-17T04:00:00Z,2018-10-17 03:59:44Z,16,107684125,821666ac1102307a02b60dd512f1c82e043c71f81e6e1d12975941af3e64add4,downloaded,
2018/10/17/HMI.m2018.10.17_12.00.00.jpg,2018-10-17T12:00:00Z,2018-10-17 11:59:44Z,16,107684765,c68903c5d622561c1dd555ea161a7208c89312ceb7ea6f98dc78f482fea27938,downloaded,
2018/10/17/HMI.m2018.10.17_17.00.00.jpg,2018-10-17T17:00:00Z,2018-10-17 16:59:44Z,16,107685163,a8710500453b157a3f0a290433aa3993ae763216edab5cf92357df42cfb285a3,downloaded,
2018/10/20/HMI.m2018.10.20_17.00.00.jpg,2018-10-20T17:00:00Z,2018-10-20 16:59:43Z,17,107695772,25d47db7e9a20be3d21e00c7937cc97263123b5cfac140fc2a180bf573ce706a,downloaded,
2018/10/23/HMI.m2018.10.23_00.00.00.jpg,2018-10-23T00:00:00Z,2018-10-22 23:59:43Z,17,107703677,c6c2feda7c641c28d3ba44e14e29e6b6aad271792113426b393919fa04a32272,downloaded,
2018/10/23/HMI.m2018.10.23_09.00.00.jpg,2018-10-23T09:00:00Z,2018-10-23 08:59:43Z,17,107706274,0d870b79cb82a25b9d4130acbedaadc990bae0bf647d005e1e79b40edfcb8a6c,downloaded,
2018/10/24/HMI.m2018.10.24_00.00.00.jpg,2018-10-24T00:00:00Z,2018-10-23 23:59:43Z,17,107707430,eba4bc917d3a96a5e512869f97dabc6c6a0e765835e1f76b7a3082316e88fd3f,downloaded,
2018/10/25/HMI.m2018.10.25_22.00.00.jpg,2018-10-25T22:00:00Z,2018-10-25 21:59:43Z,17,107714909,da996c4014fef41a7ea399c1aa637061dfdb2ab8dda2d72fb728df5aeaede97c,downloaded,
2018/10/26/HMI.m2018.10.26_03.00.00.jpg,2018-10-26T03:00:00Z,2018-10-26 02:59:43Z,17,107717208,b46977c6df83817edc66ed6f48a59dc12822423576eea47cc431fa670d7d060f,downloaded,
2018/10/26/HMI.m2018.10.26_14.00.00.jpg,2018-10-26T14:00:00Z,2018-10-26 13:59:43Z,17,107718097,b25e36dec27d13f17ebda33b00da6ab1da8519f6122279f156675e366701128e,downloaded,
2018/10/27/HMI.m2018.10.27_12.00.00.jpg,2018-10-27T12:00:00Z,2018-10-27 11:59:42Z,18,107721764,490e1e3097e4acda3f88e30cd3298d150cd3e3ace9e3797fe2b23e55ca472e4f,downloaded,
2018/10/28/HMI.m2018.10.28_09.00.00.jpg,2018-10-28T09:00:00Z,2018-10-28 08:59:42Z,18,107725360,1e5b8c6ad3d720b69a435990136d9a4ad063ad40a5ef8ac9d4704c4f15fd3290,downloaded,
2018/10/29/HMI.m2018.10.29_08.00.00.jpg,2018-10-29T08:00:00Z,2018-10-29 07:59:42Z,18,107729119,da3ed2e2a8d453a6284122551003fa9a1856a8831153f4112be3b5f5a7bcae67,downloaded,
2018/10/29/HMI.m2018.10.29_15.00.00.jpg,2018-10-29T15:00:00Z,2018-10-29 14:59:42Z,18,107729679,d7e3522d2bcdadb7fe9f36502d6d1ec904662112e9a5d0930231800bb290bdfc,downloaded,
2018/10/29/HMI.m2018.10.29_16.00.00.jpg,2018-10-29T16:00:00Z,2018-10-29 15:59:42Z,18,107729751,4d4db3ea564250c4d6a799930852fa6073c446575ba3e9af1cbdb04d90aea0d4,downloaded,
2018/10/30/HMI.m2018.10.30_05.00.00.jpg,2018-10-30T05:00:00Z,2018-10-30 04:59:42Z,18,107732703,dc4189613b4f8525284807d83cf98cc2b809de986f20b9fc14826b9ce72aa307,downloaded,
2018/10/31/HMI.m2018.10.31_18.00.00.jpg,2018-10-31T18:00:00Z,2018-10-31 17:59:42Z,18,107737545,975cdb78cdf5f41c648fd085d73fa1190e49ff2a57641cd426fa9bad2ed4bfcd,downloaded,
2018/11/01/HMI.m2018.11.01_09.00.00.jpg,2018-11-01T09:00:00Z,2018-11-01 08:59:42Z,18,107740577,23dca2e27cba038bcde751d6a94c3c682430fddedaf4b3145efe9c0491b27cf9,downloaded,
2018/11/01/HMI.m2018.11.01_17.00.00.jpg,2018-11-01T17:00:00Z,2018-11-01 16:59:42Z,18,107741227,eb7e69bd6480872f94ffcfa375121fe7de06e15467e2f851702364efa5fdbcb5,downloaded,
2018/11/02/HMI.m2018.11.02_01.00.00.jpg,2018-11-02T01:00:00Z,2018-11-02 00:59:42Z,18,107743737,9bdfd1b7b9327d23d4a229d3fa64ed2544b5991b2c0c04a2f580fdb0cdd23f07,downloaded,
2018/11/02/HMI.m2018.11.02_07.00.00.jpg,2018-11-02T07:00:00Z,2018-11-02 06:59:42Z,18,107744204,bc766d8bab997c1c3c0c4432ed89b370d510a8ca36b6a193568991e1ab2873b8,downloaded,
2018/11/05/HMI.m2018.11.05_18.00.00.jpg,2018-11-05T18:00:00Z,2018-11-05 17:59:41Z,19,107756580,a651f214296fc97ab45dc4a7dd73a77097e4914d0598a4b0ebd373945f85ebd6,downloaded,
2018/11/07/HMI.m2018.11.07_14.00.00.jpg,2018-11-07T14:00:00Z,2018-11-07 13:59:41Z,19,107763823,d804f88b5885150fd1825181909cf6b27a27aa5259f9ba5d4e116ca9d09a193d,downloaded,
2018/11/07/HMI.m2018.11.07_15.00.00.jpg,2018-11-07T15:00:00Z,2018-11-07 14:59:41Z,19,107763911,fe7a76a4ad9adfab57d573322e1fc17dd58de1b788357a4bcf240e1fa29c03b5,downloaded,
2018/11/07/HMI.m2018.11.07_17.00.00.jpg,2018-11-07T17:00:00Z,2018-11-07 16:59:41Z,19,107764070,d088c4bfcb0f90641587cff25510cf2cad10331ab0ca78124983d2f5f097548b,downloaded,
2018/11/09/HMI.m2018.11.09_14.00.00.jpg,2018-11-09T14:00:00Z,2018-11-09 13:59:41Z,19,107771407,9a8ac9969f710ce009591f8b01ac7feb4d03c6144d4966cecf34a71324629002,downloaded,
2018/11/11/HMI.m2018.11.11_09.00.00.jpg,2018-11-11T09:00:00Z,2018-11-11 08:59:41Z,19,107778479,f24f7d6752c614210c66611a610528777b380e4d121ee3f0fb0e36139e576aab,downloaded,
2018/11/13/HMI.m2018.11.13_02.00.00.jpg,2018-11-13T02:00:00Z,2018-11-13 01:59:40Z,20,107785052,fe0c8ef27f343046d031f5292d522f8f5989882af7eefea0548c663baa80dfdb,downloaded,
2018/11/13/HMI.m2018.11.13_11.00.00.jpg,2018-11-13T11:00:00Z,2018-11-13 10:59:40Z,20,107785764,b79209aec53e9332a2da3f7116b170c9c6b463afb69680ec1bad83cd722fc597,downloaded,
2018/11/14/HMI.m2018.11.14_14.00.00.jpg,2018-11-14T14:00:00Z,2018-11-14 13:59:40Z,20,107787037,98ad246aabd15574a8f79b66a23ff011836fb5619fb155457166f2795b41239f,downloaded,
2018/11/15/HMI.m2018.11.15_14.00.00.jpg,2018-11-15T14:00:00Z,2018-11-15 13:59:40Z,20,107790787,9c95a9a565c514081bb9f0fb3b7b7dcf575395a23a5bd4fbd16cadd4b51fec55,downloaded,
2018/11/18/HMI.m2018.11.18_10.00.00.jpg,2018-11-18T10:00:00Z,2018-11-18 09:59:40Z,20,107801292,41f8b72da4a60db3337fd1d40a99c3443ea257afc37b298eea7e876f89ad9fb1,downloaded,
2018/11/19/HMI.m2018.11.19_01.00.00.jpg,2018-11-19T01:00:00Z,2018-11-19 00:59:40Z,20,107805644,cbc1e1469e2ae16b899e6a04ade50da48dbfc2596c2af52e87479d9f49a9fb8e,downloaded,
2018/11/19/HMI.m2018.11.19_15.00.00.jpg,2018-11-19T15:00:00Z,2018-11-19 14:59:40Z,20,107804701,4d267abdbcace37e92bf48a0d19920efcb5788615cfc1bc4ab53355eb785a3ae,downloaded,
2018/11/20/HMI.m2018.11.20_06.00.00.jpg,2018-11-20T06:00:00Z,2018-11-20 05:59:40Z,20,107808652,72c8797983794cebad53ba5fe473e66fd9081548fbf600a08f94b1c020499add,downloaded,
2018/11/20/HMI.m2018.11.20_12.00.00.jpg,2018-11-20T12:00:00Z,2018-11-20 11:59:40Z,20,107808172,d83f7597abd38d89cdd2b9be46104f81af8a43a5020a65cc649289dd76947a61,downloaded,
2018/11/22/HMI.m2018.11.22_03.00.00.jpg,2018-11-22T03:00:00Z,2018-11-22 02:59:39Z,21,107815257,4945c83f0b55c90120493e2fe4a29a0712feb549a727a082752bb50a5dc27d22,downloaded,
2018/11/23/HMI.m2018.11.23_03.00.00.jpg,2018-11-23T03:00:00Z,2018-11-23 02:59:39Z,21,107819297,a0bf07336d87f693ec08c46f4c8754abc4e6b224b0609e66eb3adbfe6d7d6413,downloaded,
2018/11/23/HMI.m2018.11.23_10.00.00.jpg,2018-11-23T10:00:00Z,2018-11-23 09:59:39Z,21,107819857,32302b0eb80b07adb1c9d9cf93082edc6a816db7dbc470c5b67270e1199d04a3,downloaded,
2018/11/25/HMI.m2018.11.25_23.00.00.jpg,2018-11-25T23:00:00Z,2018-11-25 22:59:39Z,21,107828586,c4e14b88c8deb138d9330a673c9f0b89c3013344ca3545071fad04500d836f80,downloaded,
2018/11/26/HMI.m2018.11.26_08.00.00.jpg,2018-11-26T08:00:00Z,2018-11-26 07:59:39Z,21,107831191,f1f2ec5478ca56580effe920d578efec88b7802858674367e89b592f5917cbbe,downloaded,
2018/11/27/HMI.m2018.11.27_16.00.00.jpg,2018-11-27T16:00:00Z,2018-11-27 15:59:39Z,21,107835623,c17bd4d89d6202796d587dd95ba4dc2acbb10b841fdbfd276f83dbde9999e0b8,downloaded,
2018/11/27/HMI.m2018.11.27_19.00.00.jpg,2018-11-27T19:00:00Z,2018-11-27 18:59:39Z,21,107835855,0e20fe89fe36db695d592f4f07a5f463ac9bb55ff15aeb34279e1aa9d031f7d7,downloaded,
2018/11/28/HMI.m2018.11.28_08.00.00.jpg,2018-11-28T08:00:00Z,2018-11-28 07:59:39Z,21,107838770,0e4905ac76578ae59b7572e96fe61d045fede261e6b011d525d02d6b667a97b4,downloaded,
2018/11/30/HMI.m2018.11.30_06.00.00.jpg,2018-11-30T06:00:00Z,2018-11-30 05:59:39Z,21,107846229,dfa074758d0d177147a6fe35a767973f206ca2fe229c19cacfce14f17b60e47b,downloaded,
2018/12/02/HMI.m2018.12.02_01.00.00.jpg,2018-12-02T01:00:00Z,2018-12-02 00:59:39Z,21,107855249,43c3fbf605c96cce5f48060493218fa0ec970b2ca01b6f7bd52dd56802118b48,downloaded,
2018/12/02/HMI.m2018.12.02_10.00.00.jpg,2018-12-02T10:00:00Z,2018-12-02 09:59:39Z,21,107854530,b7101150d5d02617ed411cd8b2fcfeb2ddfd6c0421bb25328db7b6a2e463035a,downloaded,
2018/12/02/HMI.m2018.12.02_12.00.00.jpg,2018-12-02T12:00:00Z,2018-12-02 11:59:39Z,21,107854370,c3a6bf4a533d27cc692125866bb67b6701118dd4cab22509c9d1da45e9971558,downloaded,
2018/12/03/HMI.m2018.12.03_01.00.00.jpg,2018-12-03T01:00:00Z,2018-12-03 00:59:38Z,22,107859089,6413941c27631c59ea23a6724ee0f489c11c5b10477f56b9ee77617b189d2b81,downloaded,
2018/12/03/HMI.m2018.12.03_16.00.00.jpg,2018-12-03T16:00:00Z,2018-12-03 15:59:38Z,22,107858036,d5ab1481f80170026199d8a6dc92b5a6e4eed98f8182ec69c0e1c76cd14a04f4,downloaded,
2018/12/03/HMI.m2018.12.03_18.00.00.jpg,2018-12-03T18:00:00Z,2018-12-03 17:59:38Z,22,107857876,e4fa0a10e1df080ce5a53a29889b881089c1da2a7a857509ef729fe62bb5be93,downloaded,
2018/12/03/HMI.m2018.12.03_20.00.00.jpg,2018-12-03T20:00:00Z,2018-12-03 19:59:38Z,22,107857716,a9d5d3f88e6850d66146923bc2446fba13870198505435ce5405dcfc45c32ea6,downloaded,
2018/12/06/HMI.m2018.12.06_13.00.00.jpg,2018-12-06T13:00:00Z,2018-12-06 12:59:38Z,22,107869977,f2004f73d056651d8ca4d35969357ac0b3cb7c4cc92a44df4f7c824fdaed8f07,downloaded,
2018/12/07/HMI.m2018.12.07_12.00.00.jpg,2018-12-07T12:00:00Z,2018-12-07 11:59:38Z,22,107873464,cb3956135a859320d3cc2f344a3caeea59be91c3cf5ca8ea155ed8a65638fd28,downloaded,
2018/12/07/HMI.m2018.12.07_15.00.00.jpg,2018-12-07T15:00:00Z,2018-12-07 14:59:38Z,22,107873693,33019f2ab28f0a3327978fb48e78da7de382c3084a59f9e66b588d166ac1bc7a,downloaded,
2018/12/13/HMI.m2018.12.13_07.00.00.jpg,2018-12-13T07:00:00Z,2018-12-13 06:59:38Z,22,107895993,fec13737b8c0379cd7994a106f4e93cace0f67444c48d680d45742c1bfa5c6d6,downloaded,
2018/12/13/HMI.m2018.12.13_22.00.00.jpg,2018-12-13T22:00:00Z,2018-12-13 21:59:38Z,22,107897228,e9e4643c2373e2534a14ef4030fa41646910b9f2b98c1ea1dcbfca8ca88c6530,downloaded,
2018/12/15/HMI.m2018.12.15_13.00.00.jpg,2018-12-15T13:00:00Z,2018-12-15 12:59:38Z,22,107904147,42a09623ea2d5de5500cad75459f2f1e503dceada4369cce22e120e4ea7f91f3,downloaded,
2018/12/15/HMI.m2018.12.15_18.00.00.jpg,2018-12-15T18:00:00Z,2018-12-15 17:59:38Z,22,107904532,0b8e84d40c7ecf9c6ad6759d30aa0ed59c496be8983690e9fefdfd93c221886e,downloaded,
2018/12/16/HMI.m2018.12.16_18.00.00.jpg,2018-12-16T18:00:00Z,2018-12-16 17:59:38Z,22,107908378,af20cfa2fed3b7ec2342de02fabc4c397a1cc17bb3fe3b5e924436df64f3d345,downloaded,
2018/12/16/HMI.m2018.12.16_19.00.00.jpg,2018-12-16T19:00:00Z,2018-12-16 18:59:38Z,22,107908475,e6d6147ea82dcb217abe6eed2207f18ad5ecca550a88fcccd8b89965158c017d,downloaded,
2018/12/20/HMI.m2018.12.20_16.00.00.jpg,2018-12-20T16:00:00Z,2018-12-20 16:00:22Z,22,107923480,82a81fe17d6d53604a4db667ce24aab8628a0a7b013a5a15474de3d9a94549fe,downloaded,
2018/12/21/HMI.m2018.12.21_18.00.00.jpg,2018-12-21T18:00:00Z,2018-12-21 18:00:22Z,22,107927448,2e0100a686d19a276b210bdf952d594ec852696763b0236289763ae1d3637be5,downloaded,
2018/12/22/HMI.m2018.12.22_19.00.00.jpg,2018-12-22T19:00:00Z,2018-12-22 19:00:22Z,22,107931374,944db0392d4bfd13d15daf9891c9ddbc1c008c065f8bed18be0d193618f3e17c,downloaded,
2018/12/23/HMI.m2018.12.23_17.00.00.jpg,2018-12-23T17:00:00Z,2018-12-23 17:00:22Z,22,107935047,0346907ee844b6fba6d5d457498e209134d03c7275ad26683472f3ccc4a543bb,downloaded,
2018/12/23/HMI.m2018.12.23_20.00.00.jpg,2018-12-23T20:00:00Z,2018-12-23 20:00:22Z,22,107935296,d63f271fcf925824c5df0bb3a8b286a95c160c65e6d65ebc44c9198ba4b8d289,downloaded,
2018/12/24/HMI.m2018.12.24_01.00.00.jpg,2018-12-24T01:00:00Z,2018-12-24 01:00:22Z,22,107937604,85b7816725ad1de32cca048a6e0eadb3bd22d03f8068256b5cee73fe16e7ec7b,downloaded,
2018/12/24/HMI.m2018.12.24_13.00.00.jpg,2018-12-24T13:00:00Z,2018-12-24 13:00:22Z,22,107938559,e7333461c87da6b70e7c441089924580d714b8644d6e8fc6ebffb8cd8b177fe0,downloaded,
2018/12/25/HMI.m2018.12.25_03.00.00.jpg,2018-12-25T03:00:00Z,2018-12-25 03:00:22Z,22,107941592,313dca7d831b6db8c3156d343fa1d356d5cda92fe8b61ea97a06e7304da61401,downloaded,
2018/12/26/HMI.m2018.12.26_01.00.00.jpg,2018-12-26T01:00:00Z,2018-12-26 01:00:22Z,22,107945240,f43c93f3516d0d86a24c9ee8c77be689c92a7a43a2267a2fae949b03e799ed0c,downloaded,
2018/12/30/HMI.m2018.12.30_12.00.00.jpg,2018-12-30T12:00:00Z,2018-12-30 12:00:22Z,22,107961348,26418067e145c32809a07e0f0d039a0535ef389f37789af09e035d7d01f6218c,downloaded,
