relative_jpg,requested_utc,returned_utc,offset_seconds,helioviewer_id,jp2_sha256,status,reason
2015/01/02/HMI.m2015.01.02_13.00.00.jpg,2015-01-02T13:00:00Z,,,,,skipped_existing,destination JPEG already exists
2015/01/02/HMI.m2015.01.02_15.00.00.jpg,2015-01-02T15:00:00Z,,,,,skipped_existing,destination JPEG already exists
2015/01/02/HMI.m2015.01.02_21.00.00.jpg,2015-01-02T21:00:00Z,,,,,skipped_existing,destination JPEG already exists
2015/01/03/HMI.m2015.01.03_00.00.00.jpg,2015-01-03T00:00:00Z,,,,,skipped_existing,destination JPEG already exists
2015/01/03/HMI.m2015.01.03_02.00.00.jpg,2015-01-03T02:00:00Z,,,,,skipped_existing,destination JPEG already exists
2015/01/03/HMI.m2015.01.03_05.00.00.jpg,2015-01-03T05:00:00Z,,,,,skipped_existing,destination JPEG already exists
2015/01/03/HMI.m2015.01.03_08.00.00.jpg,2015-01-03T08:00:00Z,,,,,skipped_existing,destination JPEG already exists
2015/01/03/HMI.m2015.01.03_09.00.00.jpg,2015-01-03T09:00:00Z,,,,,skipped_existing,destination JPEG already exists
2015/01/03/HMI.m2015.01.03_11.00.00.jpg,2015-01-03T11:00:00Z,,,,,skipped_existing,destination JPEG already exists
2015/01/03/HMI.m2015.01.03_14.00.00.jpg,2015-01-03T14:00:00Z,,,,,skipped_existing,destination JPEG already exists
2015/01/03/HMI.m2015.01.03_17.00.00.jpg,2015-01-03T17:00:00Z,,,,,skipped_existing,destination JPEG already exists
2015/01/03/HMI.m2015.01.03_19.00.00.jpg,2015-01-03T19:00:00Z,,,,,skipped_existing,destination JPEG already exists
2015/01/03/HMI.m2015.01.03_21.00.00.jpg,2015-01-03T21:00:00Z,,,,,skipped_existing,destination JPEG already exists
2015/01/04/HMI.m2015.01.04_13.00.00.jpg,2015-01-04T13:00:00Z,,,,,skipped_existing,destination JPEG already exists
2015/01/04/HMI.m2015.01.04_14.00.00.jpg,2015-01-04T14:00:00Z,,,,,skipped_existing,destination JPEG already exists
2015/01/04/HMI.m2015.01.04_15.00.00.jpg,2015-01-04T15:00:00Z,,,,,skipped_existing,destination JPEG already exists
2015/01/05/HMI.m2015.01.05_02.00.00.jpg,2015-01-05T02:00:00Z,,,,,skipped_existing,destination JPEG already exists
2015/01/05/HMI.m2015.01.05_19.00.00.jpg,2015-01-05T19:00:00Z,,,,,skipped_existing,destination JPEG already exists
2015/01/07/HMI.m2015.01.07_14.00.00.jpg,2015-01-07T14:00:00Z,,,,,skipped_existing,destination JPEG already exists
2015/01/11/HMI.m2015.01.11_05.00.00.jpg,2015-01-11T05:00:00Z,,,,,skipped_existing,destination JPEG already exists
2015/01/12/HMI.m2015.01.12_09.00.00.jpg,2015-01-12T09:00:00Z,,,,,skipped_existing,destination JPEG already exists
2015/01/12/HMI.m2015.01.12_14.00.00.jpg,2015-01-12T14:00:00Z,,,,,skipped_existing,destination JPEG already exists
2015/01/12/HMI.m2015.01.12_19.00.00.jpg,2015-01-12T19:00:00Z,,,,,skipped_existing,destination JPEG already exists
2015/01/12/HMI.m2015.01.12_21.00.00.jpg,2015-01-12T21:00:00Z,,,,,skipped_existing,destination JPEG already exists
2015/01/13/HMI.m2015.01.13_00.00.00.jpg,2015-01-13T00:00:00Z,,,,,skipped_existing,destination JPEG already exists
2015/01/13/HMI.m2015.01.13_03.00.00.jpg,2015-01-13T03:00:00Z,,,,,skipped_existing,destination JPEG already exists
2015/01/13/HMI.m2015.01.13_04.00.00.jpg,2015-01-13T04:00:00Z,,,,,skipped_existing,destination JPEG already exists
2015/01/13/HMI.m2015.01.13_17.00.00.jpg,2015-01-13T17:00:00Z,,,,,skipped_existing,destination JPEG already exists
2015/01/13/HMI.m2015.01.13_18.00.00.jpg,2015-01-13T18:00:00Z,,,,,skipped_existing,destination JPEG already exists
2015/01/13/HMI.m2015.01.13_21.00.00.jpg,2015-01-13T21:00:00Z,,,,,skipped_existing,destination JPEG already exists
2015/01/14/HMI.m2015.01.14_06.00.00.jpg,2015-01-14T06:00:00Z,,,,,skipped_existing,destination JPEG already exists
2015/01/14/HMI.m2015.01.14_10.00.00.jpg,2015-01-14T10:00:00Z,,,,,skipped_existing,destination JPEG already exists
2015/01/18/HMI.m2015.01.18_17.00.00.jpg,2015-01-18T17:00:00Z,,,,,skipped_existing,destination JPEG already exists
2015/01/19/HMI.m2015.01.19_05.00.00.jpg,2015-01-19T05:00:00Z,,,,,skipped_existing,destination JPEG already exists
2015/01/19/HMI.m2015.01.19_18.00.00.jpg,2015-01-19T18:00:00Z,,,,,skipped_existing,destination JPEG already exists
2015/01/19/HMI.m2015.01.19_23.00.00.jpg,2015-01-19T23:00:00Z,,,,,skipped_existing,destination JPEG already exists
2015/01/20/HMI.m2015.01.20_12.00.00.jpg,2015-01-20T12:00:00Z,,,,,skipped_existing,destination JPEG already exists
2015/01/21/HMI.m2015.01.21_05.00.00.jpg,2015-01-21T05:00:00Z,,,,,skipped_existing,destination JPEG already exists
2015/01/21/HMI.m2015.01.21_11.00.00.jpg,2015-01-21T11:00:00Z,,,,,skipped_existing,destination JPEG already exists
2015/01/21/HMI.m2015.01.21_16.00.00.jpg,2015-01-21T16:00:00Z,,,,,skipped_existing,destination JPEG already exists
2015/01/21/HMI.m2015.01.21_18.00.00.jpg,2015-01-21T18:00:00Z,,,,,skipped_existing,destination JPEG already exists
2015/01/21/HMI.m2015.01.21_19.00.00.jpg,2015-01-21T19:00:00Z,,,,,skipped_existing,destination JPEG already exists
2015/01/21/HMI.m2015.01.21_21.00.00.jpg,2015-01-21T21:00:00Z,,,,,skipped_existing,destination JPEG already exists
2015/01/21/HMI.m2015.01.21_23.00.00.jpg,2015-01-21T23:00:00Z,,,,,skipped_existing,destination JPEG already exists
2015/01/22/HMI.m2015.01.22_00.00.00.jpg,2015-01-22T00:00:00Z,,,,,skipped_existing,destination JPEG already exists
2015/01/22/HMI.m2015.01.22_03.00.00.jpg,2015-01-22T03:00:00Z,,,,,skipped_existing,destination JPEG already exists
2015/01/22/HMI.m2015.01.22_07.00.00.jpg,2015-01-22T07:00:00Z,,,,,skipped_existing,destination JPEG already exists
2015/01/23/HMI.m2015.01.23_09.00.00.jpg,2015-01-23T09:00:00Z,,,,,skipped_existing,destination JPEG already exists
2015/01/23/HMI.m2015.01.23_22.00.00.jpg,2015-01-23T22:00:00Z,,,,,skipped_existing,destination JPEG already exists
2015/01/24/HMI.m2015.01.24_01.00.00.jpg,2015-01-24T01:00:00Z,,,,,skipped_existing,destination JPEG already exists
2015/01/25/HMI.m2015.01.25_18.00.00.jpg,2015-01-25T18:00:00Z,,,,,skipped_existing,destination JPEG already exists
2015/01/26/HMI.m2015.01.26_01.00.00.jpg,2015-01-26T01:00:00Z,,,,,skipped_existing,destination JPEG already exists
2015/01/26/HMI.m2015.01.26_06.00.00.jpg,2015-01-26T06:00:00Z,,,,,skipped_existing,destination JPEG already exists
2015/01/26/HMI.m2015.01.26_07.00.00.jpg,2015-01-26T07:00:00Z,,,,,skipped_existing,destination JPEG already exists
2015/01/26/HMI.m2015.01.26_09.00.00.jpg,2015-01-26T09:00:00Z,,,,,skipped_existing,destination JPEG already exists
2015/01/26/HMI.m2015.01.26_13.00.00.jpg,2015-01-26T13:00:00Z,,,,,skipped_existing,destination JPEG already exists
2015/01/26/HMI.m2015.01.26_16.00.00.jpg,2015-01-26T16:00:00Z,,,,,skipped_existing,destination JPEG already exists
2015/01/27/HMI.m2015.01.27_05.00.00.jpg,2015-01-27T05:00:00Z,,,,,skipped_existing,destination JPEG already exists
2015/01/27/HMI.m2015.01.27_06.00.00.jpg,2015-01-27T06:00:00Z,,,,,skipped_existing,destination JPEG already exists
2015/01/27/HMI.m2015.01.27_07.00.00.jpg,2015-01-27T07:00:00Z,,,,,skipped_existing,destination JPEG already exists
2015/01/27/HMI.m2015.01.27_08.00.00.jpg,2015-01-27T08:00:00Z,,,,,skipped_existing,destination JPEG already exists
2015/01/27/HMI.m2015.01.27_13.00.00.jpg,2015-01-27T13:00:00Z,,,,,skipped_existing,destination JPEG already exists
2015/01/27/HMI.m2015.01.27_14.00.00.jpg,2015-01-27T14:00:00Z,,,,,skipped_existing,destination JPEG already exists
2015/01/27/HMI.m2015.01.27_16.00.00.jpg,2015-01-27T16:00:00Z,,,,,skipped_existing,destination JPEG already exists
2015/01/27/HMI.m2015.01.27_19.00.00.jpg,2015-01-27T19:00:00Z,,,,,skipped_existing,destination JPEG already exists
2015/01/27/HMI.m2015.01.27_20.00.00.jpg,2015-01-27T20:00:00Z,,,,,skipped_existing,destination JPEG already exists
2015/01/28/HMI.m2015.01.28_01.00.00.jpg,2015-01-28T01:00:00Z,,,,,skipped_existing,destination JPEG already exists
2015/01/28/HMI.m2015.01.28_06.00.00.jpg,2015-01-28T06:00:00Z,,,,,skipped_existing,destination JPEG already exists
2015/01/28/HMI.m2015.01.28_09.00.00.jpg,2015-01-28T09:00:00Z,,,,,skipped_existing,destination JPEG already exists
2015/01/28/HMI.m2015.01.28_10.00.00.jpg,2015-01-28T10:00:00Z,,,,,skipped_existing,destination JPEG already exists
2015/01/28/HMI.m2015.01.28_11.00.00.jpg,2015-01-28T11:00:00Z,,,,,skipped_existing,destination JPEG already exists
2015/01/28/HMI.m2015.01.28_16.00.00.jpg,2015-01-28T16:00:00Z,,,,,skipped_existing,destination JPEG already exists
2015/01/28/HMI.m2015.01.28_23.00.00.jpg,2015-01-28T23:00:00Z,,,,,skipped_existing,destination JPEG already exists
2015/01/29/HMI.m2015.01.29_04.00.00.jpg,2015-01-29T04:00:00Z,,,,,skipped_existing,destination JPEG already exists
2015/01/29/HMI.m2015.01.29_06.00.00.jpg,2015-01-29T06:00:00Z,,,,,skipped_existing,destination JPEG already exists
2015/01/29/HMI.m2015.01.29_11.00.00.jpg,2015-01-29T11:00:00Z,,,,,skipped_existing,destination JPEG already exists
2015/01/29/HMI.m2015.01.29_16.00.00.jpg,2015-01-29T16:00:00Z,,,,,skipped_existing,destination JPEG already exists
2015/01/29/HMI.m2015.01.29_20.00.00.jpg,2015-01-29T20:00:00Z,,,,,skipped_existing,destination JPEG already exists
2015/01/30/HMI.m2015.01.30_01.00.00.jpg,2015-01-30T01:00:00Z,,,,,skipped_existing,destination JPEG already exists
2015/01/30/HMI.m2015.01.30_04.00.00.jpg,2015-01-30T04:00:00Z,,,,,skipped_existing,destination JPEG already exists
2015/01/30/HMI.m2015.01.30_06.00.00.jpg,2015-01-30T06:00:00Z,,,,,skipped_existing,destination JPEG already exists
2015/01/30/HMI.m2015.01.30_12.00.00.jpg,2015-01-30T12:00:00Z,,,,,skipped_existing,destination JPEG already exists
2015/01/30/HMI.m2015.01.30_22.00.00.jpg,2015-01-30T22:00:00Z,,,,,skipped_existing,destination JPEG already exists
2015/01/31/HMI.m2015.01.31_19.00.00.jpg,2015-01-31T19:00:00Z,,,,,skipped_existing,destination JPEG already exists
2015/02/01/HMI.m2015.02.01_09.00.00.jpg,2015-02-01T09:00:00Z,,,,,skipped_existing,destination JPEG already exists
2015/02/01/HMI.m2015.02.01_14.00.00.jpg,2015-02-01T14:00:00Z,,,,,skipped_existing,destination JPEG already exists
2015/02/02/HMI.m2015.02.02_01.00.00.jpg,2015-02-02T01:00:00Z,,,,,skipped_existing,destination JPEG already exists
2015/02/02/HMI.m2015.02.02_06.00.00.jpg,2015-02-02T06:00:00Z,,,,,skipped_existing,destination JPEG already exists
2015/02/03/HMI.m2015.02.03_03.00.00.jpg,2015-02-03T03:00:00Z,,,,,skipped_existing,destination JPEG already exists
2015/02/03/HMI.m2015.02.03_04.00.00.jpg,2015-02-03T04:00:00Z,,,,,skipped_existing,destination JPEG already exists
2015/02/03/HMI.m2015.02.03_05.00.00.jpg,2015-02-03T05:00:00Z,,,,,skipped_existing,destination JPEG already exists
2015/02/03/HMI.m2015.02.03_15.00.00.jpg,2015-02-03T15:00:00Z,,,,,skipped_existing,destination JPEG already exists
2015/02/03/HMI.m2015.02.03_16.00.00.jpg,2015-02-03T16:00:00Z,,,,,skipped_existing,destination JPEG already exists
2015/02/03/HMI.m2015.02.03_19.00.00.jpg,2015-02-03T19:00:00Z,,,,,skipped_existing,destination JPEG already exists
2015/02/03/HMI.m2015.02.03_21.00.00.jpg,2015-02-03T21:00:00Z,,,,,skipped_existing,destination JPEG already exists
2015/02/04/HMI.m2015.02.04_02.00.00.jpg,2015-02-04T02:00:00Z,,,,,skipped_existing,destination JPEG already exists
2015/02/04/HMI.m2015.02.04_11.00.00.jpg,2015-02-04T11:00:00Z,,,,,skipped_existing,destination JPEG already exists
2015/02/06/HMI.m2015.02.06_14.00.00.jpg,2015-02-06T14:00:00Z,,,,,skipped_existing,destination JPEG already exists
2015/02/06/HMI.m2015.02.06_21.00.00.jpg,2015-02-06T21:00:00Z,,,,,skipped_existing,destination JPEG already exists
2015/02/07/HMI.m2015.02.07_04.00.00.jpg,2015-02-07T04:00:00Z,,,,,skipped_existing,destination JPEG already exists
2015/02/08/HMI.m2015.02.08_05.00.00.jpg,2015-02-08T05:00:00Z,,,,,skipped_existing,destination JPEG already exists
2015/02/08/HMI.m2015.02.08_07.00.00.jpg,2015-02-08T07:00:00Z,,,,,skipped_existing,destination JPEG already exists
2015/02/08/HMI.m2015.02.08_23.00.00.jpg,2015-02-08T23:00:00Z,,,,,skipped_existing,destination JPEG already exists
2015/02/09/HMI.m2015.02.09_02.00.00.jpg,2015-02-09T02:00:00Z,,,,,skipped_existing,destination JPEG already exists
2015/02/09/HMI.m2015.02.09_10.00.00.jpg,2015-02-09T10:00:00Z,,,,,skipped_existing,destination JPEG already exists
2015/02/09/HMI.m2015.02.09_13.00.00.jpg,2015-02-09T13:00:00Z,,,,,skipped_existing,destination JPEG already exists
2015/02/09/HMI.m2015.02.09_14.00.00.jpg,2015-02-09T14:00:00Z,,,,,skipped_existing,destination JPEG already exists
2015/02/09/HMI.m2015.02.09_17.00.00.jpg,2015-02-09T17:00:00Z,,,,,skipped_existing,destination JPEG already exists
2015/02/09/HMI.m2015.02.09_22.00.00.jpg,2015-02-09T22:00:00Z,,,,,skipped_existing,destination JPEG already exists
2015/02/10/HMI.m2015.02.10_02.00.00.jpg,2015-02-10T02:00:00Z,,,,,skipped_existing,destination JPEG already exists
2015/02/10/HMI.m2015.02.10_15.00.00.jpg,2015-02-10T15:00:00Z,,,,,skipped_existing,destination JPEG already exists
2015/02/10/HMI.m2015.02.10_22.00.00.jpg,2015-02-10T22:00:00Z,,,,,skipped_existing,destination JPEG already exists
2015/02/11/HMI.m2015.02.11_05.00.00.jpg,2015-02-11T05:00:00Z,,,,,skipped_existing,destination JPEG already exists
2015/02/11/HMI.m2015.02.11_23.00.00.jpg,2015-02-11T23:00:00Z,,,,,skipped_existing,destination JPEG already exists
2015/02/13/HMI.m2015.02.13_06.00.00.jpg,2015-02-13T06:00:00Z,,,,,skipped_existing,destination JPEG already exists
2015/02/13/HMI.m2015.02.13_19.00.00.jpg,2015-02-13T19:00:00Z,,,,,skipped_existing,destination JPEG already exists
2015/02/14/HMI.m2015.02.14_10.00.00.jpg,2015-02-14T10:00:00Z,,,,,skipped_existing,destination JPEG already exists
2015/02/15/HMI.m2015.02.15_08.00.00.jpg,2015-02-15T08:00:00Z,,,,,skipped_existing,destination JPEG already exists
2015/02/16/HMI.m2015.02.16_01.00.00.jpg,2015-02-16T01:00:00Z,,,,,skipped_existing,destination JPEG already exists
2015/02/16/HMI.m2015.02.16_07.00.00.jpg,2015-02-16T07:00:00Z,,,,,skipped_existing,destination JPEG already exists
2015/02/16/HMI.m2015.02.16_13.00.00.jpg,2015-02-16T13:00:00Z,,,,,skipped_existing,destination JPEG already exists
2015/02/17/HMI.m2015.02.17_10.00.00.jpg,2015-02-17T10:00:00Z,,,,,skipped_existing,destination JPEG already exists
2015/02/18/HMI.m2015.02.18_23.00.00.jpg,2015-02-18T23:00:00Z,,,,,skipped_existing,destination JPEG already exists
2015/02/19/HMI.m2015.02.19_15.00.00.jpg,2015-02-19T15:00:00Z,,,,,skipped_existing,destination JPEG already exists
2015/02/21/HMI.m2015.02.21_23.00.00.jpg,2015-02-21T23:00:00Z,,,,,skipped_existing,destination JPEG already exists
2015/02/22/HMI.m2015.02.22_07.00.00.jpg,2015-02-22T07:00:00Z,,,,,skipped_existing,destination JPEG already exists
2015/02/23/HMI.m2015.02.23_20.00.00.jpg,2015-02-23T20:00:00Z,,,,,skipped_existing,destination JPEG already exists
2015/02/24/HMI.m2015.02.24_16.00.00.jpg,2015-02-24T16:00:00Z,,,,,skipped_existing,destination JPEG already exists
2015/02/25/HMI.m2015.02.25_08.00.00.jpg,2015-02-25T08:00:00Z,,,,,skipped_existing,destination JPEG already exists
2015/02/25/HMI.m2015.02.25_17.00.00.jpg,2015-02-25T17:00:00Z,,,,,skipped_existing,destination JPEG already exists
2015/02/26/HMI.m2015.02.26_03.00.00.jpg,2015-02-26T03:00:00Z,,,,,skipped_existing,destination JPEG already exists
2015/02/26/HMI.m2015.02.26_05.00.00.jpg,2015-02-26T05:00:00Z,,,,,skipped_existing,destination JPEG already exists
2015/02/26/HMI.m2015.02.26_15.00.00.jpg,2015-02-26T15:00:00Z,,,,,skipped_existing,destination JPEG already exists
2015/02/27/HMI.m2015.02.27_00.00.00.jpg,2015-02-27T00:00:00Z,,,,,skipped_existing,destination JPEG already exists
2015/02/27/HMI.m2015.02.27_02.00.00.jpg,2015-02-27T02:00:00Z,,,,,skipped_existing,destination JPEG already exists
2015/02/28/HMI.m2015.02.28_03.00.00.jpg,2015-02-28T03:00:00Z,,,,,skipped_existing,destination JPEG already exists
2015/02/28/HMI.m2015.02.28_11.00.00.jpg,2015-02-28T11:00:00Z,,,,,skipped_existing,destination JPEG already exists
2015/02/28/HMI.m2015.02.28_13.00.00.jpg,2015-02-28T13:00:00Z,,,,,skipped_existing,destination JPEG already exists
2015/03/01/HMI.m2015.03.01_02.00.00.jpg,2015-03-01T02:00:00Z,,,,,skipped_existing,destination JPEG already exists
2015/03/01/HMI.m2015.03.01_11.00.00.jpg,2015-03-01T11:00:00Z,,,,,skipped_existing,destination JPEG already exists
2015/03/01/HMI.m2015.03.01_12.00.00.jpg,2015-03-01T12:00:00Z,,,,,skipped_existing,destination JPEG already exists
2015/03/01/HMI.m2015.03.01_15.00.00.jpg,2015-03-01T15:00:00Z,,,,,skipped_existing,destination JPEG already exists
2015/03/01/HMI.m2015.03.01_20.00.00.jpg,2015-03-01T20:00:00Z,,,,,skipped_existing,destination JPEG already exists
2015/03/01/HMI.m2015.03.01_22.00.00.jpg,2015-03-01T22:00:00Z,,,,,skipped_existing,destination JPEG already exists
2015/03/02/HMI.m2015.03.02_02.00.00.jpg,2015-03-02T02:00:00Z,,,,,skipped_existing,destination JPEG already exists
2015/03/02/HMI.m2015.03.02_05.00.00.jpg,2015-03-02T05:00:00Z,,,,,skipped_existing,destination JPEG already exists
2015/03/02/HMI.m2015.03.02_06.00.00.jpg,2015-03-02T06:00:00Z,,,,,skipped_existing,destination JPEG already exists
2015/03/02/HMI.m2015.03.02_10.00.00.jpg,2015-03-02T10:00:00Z,,,,,skipped_existing,destination JPEG already exists
2015/03/02/HMI.m2015.03.02_13.00.00.jpg,2015-03-02T13:00:00Z,,,,,skipped_existing,destination JPEG already exists
2015/03/02/HMI.m2015.03.02_18.00.00.jpg,2015-03-02T18:00:00Z,,,,,skipped_existing,destination JPEG already exists
2015/03/02/HMI.m2015.03.02_22.00.00.jpg,2015-03-02T22:00:00Z,,,,,skipped_existing,destination JPEG already exists
2015/03/02/HMI.m2015.03.02_23.00.00.jpg,2015-03-02T23:00:00Z,,,,,skipped_existing,destination JPEG already exists
2015/03/03/HMI.m2015.03.03_23.00.00.jpg,2015-03-03T23:00:00Z,,,,,skipped_existing,destination JPEG already exists
2015/03/04/HMI.m2015.03.04_05.00.00.jpg,2015-03-04T05:00:00Z,,,,,skipped_existing,destination JPEG already exists
2015/03/04/HMI.m2015.03.04_18.00.00.jpg,2015-03-04T18:00:00Z,,,,,skipped_existing,destination JPEG already exists
2015/03/04/HMI.m2015.03.04_22.00.00.jpg,2015-03-04T22:00:00Z,,,,,skipped_existing,destination JPEG already exists
2015/03/04/HMI.m2015.03.04_23.00.00.jpg,2015-03-04T23:00:00Z,,,,,skipped_existing,destination JPEG already exists
2015/03/05/HMI.m2015.03.05_03.00.00.jpg,2015-03-05T03:00:00Z,,,,,skipped_existing,destination JPEG already exists
2015/03/05/HMI.m2015.03.05_06.00.00.jpg,2015-03-05T06:00:00Z,,,,,skipped_existing,destination JPEG already exists
2015/03/05/HMI.m2015.03.05_12.00.00.jpg,2015-03-05T12:00:00Z,,,,,skipped_existing,destination JPEG already exists
2015/03/05/HMI.m2015.03.05_16.00.00.jpg,2015-03-05T16:00:00Z,,,,,skipped_existing,destination JPEG already exists
2015/03/05/HMI.m2015.03.05_17.00.00.jpg,2015-03-05T17:00:00Z,,,,,skipped_existing,destination JPEG already exists
2015/03/05/HMI.m2015.03.05_18.00.00.jpg,2015-03-05T18:00:00Z,,,,,skipped_existing,destination JPEG already exists
2015/03/05/HMI.m2015.03.05_19.00.00.jpg,2015-03-05T19:00:00Z,,,,,skipped_existing,destination JPEG already exists
2015/03/05/HMI.m2015.03.05_20.00.00.jpg,2015-03-05T20:00:00Z,,,,,skipped_existing,destination JPEG already exists
2015/03/05/HMI.m2015.03.05_21.00.00.jpg,2015-03-05T21:00:00Z,,,,,skipped_existing,destination JPEG already exists
2015/03/05/HMI.m2015.03.05_22.00.00.jpg,2015-03-05T22:00:00Z,,,,,skipped_existing,destination JPEG already exists
2015/03/06/HMI.m2015.03.06_01.00.00.jpg,2015-03-06T01:00:00Z,,,,,skipped_existing,destination JPEG already exists
2015/03/06/HMI.m2015.03.06_05.00.00.jpg,2015-03-06T05:00:00Z,,,,,skipped_existing,destination JPEG already exists
2015/03/06/HMI.m2015.03.06_11.00.00.jpg,2015-03-06T11:00:00Z,,,,,skipped_existing,destination JPEG already exists
2015/03/06/HMI.m2015.03.06_23.00.00.jpg,2015-03-06T23:00:00Z,,,,,skipped_existing,destination JPEG already exists
2015/03/07/HMI.m2015.03.07_02.00.00.jpg,2015-03-07T02:00:00Z,,,,,skipped_existing,destination JPEG already exists
2015/03/07/HMI.m2015.03.07_04.00.00.jpg,2015-03-07T04:00:00Z,,,,,skipped_existing,destination JPEG already exists
2015/03/07/HMI.m2015.03.07_05.00.00.jpg,2015-03-07T05:00:00Z,,,,,skipped_existing,destination JPEG already exists
2015/03/07/HMI.m2015.03.07_06.00.00.jpg,2015-03-07T06:00:00Z,,,,,skipped_existing,destination JPEG already exists
2015/03/07/HMI.m2015.03.07_08.00.00.jpg,2015-03-07T08:00:00Z,,,,,skipped_existing,destination JPEG already exists
2015/03/07/HMI.m2015.03.07_09.00.00.jpg,2015-03-07T09:00:00Z,,,,,skipped_existing,destination JPEG already exists
2015/03/07/HMI.m2015.03.07_12.00.00.jpg,2015-03-07T12:00:00Z,,,,,skipped_existing,destination JPEG already exists
2015/03/07/HMI.m2015.03.07_14.00.00.jpg,2015-03-07T14:00:00Z,,,,,skipped_existing,destination JPEG already exists
2015/03/07/HMI.m2015.03.07_15.00.00.jpg,2015-03-07T15:00:00Z,,,,,skipped_existing,destination JPEG already exists
2015/03/07/HMI.m2015.03.07_17.00.00.jpg,2015-03-07T17:00:00Z,,,,,skipped_existing,destination JPEG already exists
2015/03/07/HMI.m2015.03.07_18.00.00.jpg,2015-03-07T18:00:00Z,,,,,skipped_existing,destination JPEG already exists
2015/03/07/HMI.m2015.03.07_19.00.00.jpg,2015-03-07T19:00:00Z,,,,,skipped_existing,destination JPEG already exists
2015/03/08/HMI.m2015.03.08_18.00.00.jpg,2015-03-08T18:00:00Z,,,,,skipped_existing,destination JPEG already exists
2015/03/08/HMI.m2015.03.08_19.00.00.jpg,2015-03-08T19:00:00Z,,,,,skipped_existing,destination JPEG already exists
2015/03/08/HMI.m2015.03.08_22.00.00.jpg,2015-03-08T22:00:00Z,,,,,skipped_existing,destination JPEG already exists
2015/03/08/HMI.m2015.03.08_23.00.00.jpg,2015-03-08T23:00:00Z,,,,,skipped_existing,destination JPEG already exists
2015/03/09/HMI.m2015.03.09_00.00.00.jpg,2015-03-09T00:00:00Z,,,,,skipped_existing,destination JPEG already exists
2015/03/09/HMI.m2015.03.09_01.00.00.jpg,2015-03-09T01:00:00Z,,,,,skipped_existing,destination JPEG already exists
2015/03/09/HMI.m2015.03.09_03.00.00.jpg,2015-03-09T03:00:00Z,,,,,skipped_existing,destination JPEG already exists
2015/03/09/HMI.m2015.03.09_04.00.00.jpg,2015-03-09T04:00:00Z,,,,,skipped_existing,destination JPEG already exists
2015/03/09/HMI.m2015.03.09_09.00.00.jpg,2015-03-09T09:00:00Z,,,,,skipped_existing,destination JPEG already exists
2015/03/09/HMI.m2015.03.09_10.00.00.jpg,2015-03-09T10:00:00Z,,,,,skipped_existing,destination JPEG already exists
2015/03/09/HMI.m2015.03.09_12.00.00.jpg,2015-03-09T12:00:00Z,,,,,skipped_existing,destination JPEG already exists
2015/03/09/HMI.m2015.03.09_15.00.00.jpg,2015-03-09T15:00:00Z,,,,,skipped_existing,destination JPEG already exists
2015/03/09/HMI.m2015.03.09_23.00.00.jpg,2015-03-09T23:00:00Z,,,,,skipped_existing,destination JPEG already exists
2015/03/10/HMI.m2015.03.10_01.00.00.jpg,2015-03-10T01:00:00Z,,,,,skipped_existing,destination JPEG already exists
2015/03/10/HMI.m2015.03.10_05.00.00.jpg,2015-03-10T05:00:00Z,,,,,skipped_existing,destination JPEG already exists
2015/03/10/HMI.m2015.03.10_06.00.00.jpg,2015-03-10T06:00:00Z,,,,,skipped_existing,destination JPEG already exists
2015/03/10/HMI.m2015.03.10_13.00.00.jpg,2015-03-10T13:00:00Z,,,,,skipped_existing,destination JPEG already exists
2015/03/10/HMI.m2015.03.10_14.00.00.jpg,2015-03-10T14:00:00Z,,,,,skipped_existing,destination JPEG already exists
2015/03/10/HMI.m2015.03.10_22.00.00.jpg,2015-03-10T22:00:00Z,,,,,skipped_existing,destination JPEG already exists
2015/03/11/HMI.m2015.03.11_00.00.00.jpg,2015-03-11T00:00:00Z,,,,,skipped_existing,destination JPEG already exists
2015/03/11/HMI.m2015.03.11_05.00.00.jpg,2015-03-11T05:00:00Z,,,,,skipped_existing,destination JPEG already exists
2015/03/11/HMI.m2015.03.11_06.00.00.jpg,2015-03-11T06:00:00Z,,,,,skipped_existing,destination JPEG already exists
2015/03/11/HMI.m2015.03.11_10.00.00.jpg,2015-03-11T10:00:00Z,,,,,skipped_existing,destination JPEG already exists
2015/03/11/HMI.m2015.03.11_20.00.00.jpg,2015-03-11T20:00:00Z,,,,,skipped_existing,destination JPEG already exists
2015/03/11/HMI.m2015.03.11_23.00.00.jpg,2015-03-11T23:00:00Z,,,,,skipped_existing,destination JPEG already exists
2015/03/12/HMI.m2015.03.12_01.00.00.jpg,2015-03-12T01:00:00Z,,,,,skipped_existing,destination JPEG already exists
2015/03/12/HMI.m2015.03.12_05.00.00.jpg,2015-03-12T05:00:00Z,,,,,skipped_existing,destination JPEG already exists
2015/03/12/HMI.m2015.03.12_08.00.00.jpg,2015-03-12T08:00:00Z,,,,,skipped_existing,destination JPEG already exists
2015/03/12/HMI.m2015.03.12_11.00.00.jpg,2015-03-12T11:00:00Z,,,,,skipped_existing,destination JPEG already exists
2015/03/12/HMI.m2015.03.12_13.00.00.jpg,2015-03-12T13:00:00Z,,,,,skipped_existing,destination JPEG already exists
2015/03/12/HMI.m2015.03.12_16.00.00.jpg,2015-03-12T16:00:00Z,,,,,skipped_existing,destination JPEG already exists
2015/03/12/HMI.m2015.03.12_18.00.00.jpg,2015-03-12T18:00:00Z,,,,,skipped_existing,destination JPEG already exists
2015/03/12/HMI.m2015.03.12_22.00.00.jpg,2015-03-12T22:00:00Z,,,,,skipped_existing,destination JPEG already exists
2015/03/13/HMI.m2015.03.13_00.00.00.jpg,2015-03-13T00:00:00Z,,,,,skipped_existing,destination JPEG already exists
2015/03/13/HMI.m2015.03.13_01.00.00.jpg,2015-03-13T01:00:00Z,,,,,skipped_existing,destination JPEG already exists
2015/03/13/HMI.m2015.03.13_03.00.00.jpg,2015-03-13T03:00:00Z,,,,,skipped_existing,destination JPEG already exists
2015/03/13/HMI.m2015.03.13_04.00.00.jpg,2015-03-13T04:00:00Z,,,,,skipped_existing,destination JPEG already exists
2015/03/13/HMI.m2015.03.13_05.00.00.jpg,2015-03-13T05:00:00Z,,,,,skipped_existing,destination JPEG already exists
2015/03/13/HMI.m2015.03.13_08.00.00.jpg,2015-03-13T08:00:00Z,,,,,skipped_existing,destination JPEG already exists
2015/03/13/HMI.m2015.03.13_10.00.00.jpg,2015-03-13T10:00:00Z,,,,,skipped_existing,destination JPEG already exists
2015/03/13/HMI.m2015.03.13_15.00.00.jpg,2015-03-13T15:00:00Z,,,,,skipped_existing,destination JPEG already exists
2015/03/13/HMI.m2015.03.13_16.00.00.jpg,2015-03-13T16:00:00Z,,,,,skipped_existing,destination JPEG already exists
2015/03/13/HMI.m2015.03.13_17.00.00.jpg,2015-03-13T17:00:00Z,,,,,skipped_existing,destination JPEG already exists
2015/03/14/HMI.m2015.03.14_00.00.00.jpg,2015-03-14T00:00:00Z,,,,,skipped_existing,destination JPEG already exists
2015/03/14/HMI.m2015.03.14_01.00.00.jpg,2015-03-14T01:00:00Z,,,,,skipped_existing,destination JPEG already exists
2015/03/14/HMI.m2015.03.14_04.00.00.jpg,2015-03-14T04:00:00Z,,,,,skipped_existing,destination JPEG already exists
2015/03/14/HMI.m2015.03.14_10.00.00.jpg,2015-03-14T10:00:00Z,,,,,skipped_existing,destination JPEG already exists
2015/03/14/HMI.m2015.03.14_14.00.00.jpg,2015-03-14T14:00:00Z,,,,,skipped_existing,destination JPEG already exists
2015/03/14/HMI.m2015.03.14_16.00.00.jpg,2015-03-14T16:00:00Z,,,,,skipped_existing,destination JPEG already exists
2015/03/14/HMI.m2015.03.14_20.00.00.jpg,2015-03-14T20:00:00Z,,,,,skipped_existing,destination JPEG already exists
2015/03/14/HMI.m2015.03.14_22.00.00.jpg,2015-03-14T22:00:00Z,,,,,skipped_existing,destination JPEG already exists
2015/03/14/HMI.m2015.03.14_23.00.00.jpg,2015-03-14T23:00:00Z,,,,,skipped_existing,destination JPEG already exists
2015/03/15/HMI.m2015.03.15_00.00.00.jpg,2015-03-15T00:00:00Z,,,,,skipped_existing,destination JPEG already exists
2015/03/15/HMI.m2015.03.15_04.00.00.jpg,2015-03-15T04:00:00Z,,,,,skipped_existing,destination JPEG already exists
2015/03/15/HMI.m2015.03.15_06.00.00.jpg,2015-03-15T06:00:00Z,,,,,skipped_existing,destination JPEG already exists
2015/03/15/HMI.m2015.03.15_10.00.00.jpg,2015-03-15T10:00:00Z,,,,,skipped_existing,destination JPEG already exists
2015/03/15/HMI.m2015.03.15_11.00.00.jpg,2015-03-15T11:00:00Z,,,,,skipped_existing,destination JPEG already exists
2015/03/15/HMI.m2015.03.15_21.00.00.jpg,2015-03-15T21:00:00Z,,,,,skipped_existing,destination JPEG already exists
2015/03/16/HMI.m2015.03.16_00.00.00.jpg,2015-03-16T00:00:00Z,,,,,skipped_existing,destination JPEG already exists
2015/03/16/HMI.m2015.03.16_01.00.00.jpg,2015-03-16T01:00:00Z,,,,,skipped_existing,destination JPEG already exists
2015/03/16/HMI.m2015.03.16_03.00.00.jpg,2015-03-16T03:00:00Z,,,,,skipped_existing,destination JPEG already exists
2015/03/16/HMI.m2015.03.16_06.00.00.jpg,2015-03-16T06:00:00Z,,,,,skipped_existing,destination JPEG already exists
2015/03/16/HMI.m2015.03.16_08.00.00.jpg,2015-03-16T08:00:00Z,,,,,skipped_existing,destination JPEG already exists
2015/03/17/HMI.m2015.03.17_01.00.00.jpg,2015-03-17T01:00:00Z,,,,,skipped_existing,destination JPEG already exists
2015/03/17/HMI.m2015.03.17_07.00.00.jpg,2015-03-17T07:00:00Z,,,,,skipped_existing,destination JPEG already exists
2015/03/17/HMI.m2015.03.17_14.00.00.jpg,2015-03-17T14:00:00Z,,,,,skipped_existing,destination JPEG already exists
2015/03/17/HMI.m2015.03.17_16.00.00.jpg,2015-03-17T16:00:00Z,,,,,skipped_existing,destination JPEG already exists
2015/03/17/HMI.m2015.03.17_21.00.00.jpg,2015-03-17T21:00:00Z,,,,,skipped_existing,destination JPEG already exists
2015/03/19/HMI.m2015.03.19_03.00.00.jpg,2015-03-19T03:00:00Z,,,,,skipped_existing,destination JPEG already exists
2015/03/21/HMI.m2015.03.21_12.00.00.jpg,2015-03-21T12:00:00Z,,,,,skipped_existing,destination JPEG already exists
2015/03/22/HMI.m2015.03.22_19.00.00.jpg,2015-03-22T19:00:00Z,,,,,skipped_existing,destination JPEG already exists
2015/03/22/HMI.m2015.03.22_21.00.00.jpg,2015-03-22T21:00:00Z,,,,,skipped_existing,destination JPEG already exists
2015/03/23/HMI.m2015.03.23_19.00.00.jpg,2015-03-23T19:00:00Z,,,,,skipped_existing,destination JPEG already exists
2015/03/24/HMI.m2015.03.24_14.00.00.jpg,2015-03-24T14:00:00Z,,,,,skipped_existing,destination JPEG already exists
2015/03/25/HMI.m2015.03.25_09.00.00.jpg,2015-03-25T09:00:00Z,,,,,skipped_existing,destination JPEG already exists
2015/03/26/HMI.m2015.03.26_08.00.00.jpg,2015-03-26T08:00:00Z,,,,,skipped_existing,destination JPEG already exists
2015/03/26/HMI.m2015.03.26_09.00.00.jpg,2015-03-26T09:00:00Z,,,,,skipped_existing,destination JPEG already exists
2015/03/26/HMI.m2015.03.26_16.00.00.jpg,2015-03-26T16:00:00Z,,,,,skipped_existing,destination JPEG already exists
2015/03/28/HMI.m2015.03.28_06.00.00.jpg,2015-03-28T06:00:00Z,,,,,skipped_existing,destination JPEG already exists
2015/03/30/HMI.m2015.03.30_19.00.00.jpg,2015-03-30T19:00:00Z,,,,,skipped_existing,destination JPEG already exists
2015/03/31/HMI.m2015.03.31_10.00.00.jpg,2015-03-31T10:00:00Z,,,,,skipped_existing,destination JPEG already exists
2015/03/31/HMI.m2015.03.31_15.00.00.jpg,2015-03-31T15:00:00Z,,,,,skipped_existing,destination JPEG already exists
2015/04/02/HMI.m2015.04.02_02.00.00.jpg,2015-04-02T02:00:00Z,,,,,skipped_existing,destination JPEG already exists
2015/04/04/HMI.m2015.04.04_11.00.00.jpg,2015-04-04T11:00:00Z,,,,,skipped_existing,destination JPEG already exists
2015/04/05/HMI.m2015.04.05_11.00.00.jpg,2015-04-05T11:00:00Z,,,,,skipped_existing,destination JPEG already exists
2015/04/05/HMI.m2015.04.05_16.00.00.jpg,2015-04-05T16:00:00Z,,,,,skipped_existing,destination JPEG already exists
2015/04/06/HMI.m2015.04.06_01.00.00.jpg,2015-04-06T01:00:00Z,,,,,skipped_existing,destination JPEG already exists
2015/04/06/HMI.m2015.04.06_09.00.00.jpg,2015-04-06T09:00:00Z,,,,,skipped_existing,destination JPEG already exists
2015/04/07/HMI.m2015.04.07_15.00.00.jpg,2015-04-07T15:00:00Z,,,,,skipped_existing,destination JPEG already exists
2015/04/07/HMI.m2015.04.07_16.00.00.jpg,2015-04-07T16:00:00Z,,,,,skipped_existing,destination JPEG already exists
2015/04/07/HMI.m2015.04.07_17.00.00.jpg,2015-04-07T17:00:00Z,,,,,skipped_existing,destination JPEG already exists
2015/04/07/HMI.m2015.04.07_19.00.00.jpg,2015-04-07T19:00:00Z,,,,,skipped_existing,destination JPEG already exists
2015/04/07/HMI.m2015.04.07_20.00.00.jpg,2015-04-07T20:00:00Z,,,,,skipped_existing,destination JPEG already exists
2015/04/07/HMI.m2015.04.07_22.00.00.jpg,2015-04-07T22:00:00Z,,,,,skipped_existing,destination JPEG already exists
2015/04/07/HMI.m2015.04.07_23.00.00.jpg,2015-04-07T23:00:00Z,,,,,skipped_existing,destination JPEG already exists
2015/04/08/HMI.m2015.04.08_00.00.00.jpg,2015-04-08T00:00:00Z,,,,,skipped_existing,destination JPEG already exists
2015/04/08/HMI.m2015.04.08_02.00.00.jpg,2015-04-08T02:00:00Z,,,,,skipped_existing,destination JPEG already exists
2015/04/08/HMI.m2015.04.08_06.00.00.jpg,2015-04-08T06:00:00Z,,,,,skipped_existing,destination JPEG already exists
2015/04/08/HMI.m2015.04.08_08.00.00.jpg,2015-04-08T08:00:00Z,,,,,skipped_existing,destination JPEG already exists
2015/04/08/HMI.m2015.04.08_09.00.00.jpg,2015-04-08T09:00:00Z,,,,,skipped_existing,destination JPEG already exists
2015/04/08/HMI.m2015.04.08_10.00.00.jpg,2015-04-08T10:00:00Z,,,,,skipped_existing,destination JPEG already exists
2015/04/08/HMI.m2015.04.08_12.00.00.jpg,2015-04-08T12:00:00Z,,,,,skipped_existing,destination JPEG already exists
2015/04/08/HMI.m2015.04.08_14.00.00.jpg,2015-04-08T14:00:00Z,,,,,skipped_existing,destination JPEG already exists
2015/04/09/HMI.m2015.04.09_00.00.00.jpg,2015-04-09T00:00:00Z,,,,,skipped_existing,destination JPEG already exists
2015/04/10/HMI.m2015.04.10_05.00.00.jpg,2015-04-10T05:00:00Z,,,,,skipped_existing,destination JPEG already exists
2015/04/10/HMI.m2015.04.10_12.00.00.jpg,2015-04-10T12:00:00Z,,,,,skipped_existing,destination JPEG already exists
2015/04/11/HMI.m2015.04.11_09.00.00.jpg,2015-04-11T09:00:00Z,,,,,skipped_existing,destination JPEG already exists
2015/04/11/HMI.m2015.04.11_12.00.00.jpg,2015-04-11T12:00:00Z,,,,,skipped_existing,destination JPEG already exists
2015/04/11/HMI.m2015.04.11_18.00.00.jpg,2015-04-11T18:00:00Z,,,,,skipped_existing,destination JPEG already exists
2015/04/11/HMI.m2015.04.11_19.00.00.jpg,2015-04-11T19:00:00Z,,,,,skipped_existing,destination JPEG already exists
2015/04/11/HMI.m2015.04.11_21.00.00.jpg,2015-04-11T21:00:00Z,,,,,skipped_existing,destination JPEG already exists
2015/04/11/HMI.m2015.04.11_23.00.00.jpg,2015-04-11T23:00:00Z,,,,,skipped_existing,destination JPEG already exists
2015/04/12/HMI.m2015.04.12_04.00.00.jpg,2015-04-12T04:00:00Z,,,,,skipped_existing,destination JPEG already exists
2015/04/12/HMI.m2015.04.12_05.00.00.jpg,2015-04-12T05:00:00Z,,,,,skipped_existing,destination JPEG already exists
2015/04/12/HMI.m2015.04.12_13.00.00.jpg,2015-04-12T13:00:00Z,,,,,skipped_existing,destination JPEG already exists
2015/04/12/HMI.m2015.04.12_15.00.00.jpg,2015-04-12T15:00:00Z,,,,,skipped_existing,destination JPEG already exists
2015/04/13/HMI.m2015.04.13_22.00.00.jpg,2015-04-13T22:00:00Z,,,,,skipped_existing,destination JPEG already exists
2015/04/14/HMI.m2015.04.14_14.00.00.jpg,2015-04-14T14:00:00Z,,,,,skipped_existing,destination JPEG already exists
2015/04/15/HMI.m2015.04.15_08.00.00.jpg,2015-04-15T08:00:00Z,,,,,skipped_existing,destination JPEG already exists
2015/04/15/HMI.m2015.04.15_12.00.00.jpg,2015-04-15T12:00:00Z,,,,,skipped_existing,destination JPEG already exists
2015/04/16/HMI.m2015.04.16_00.00.00.jpg,2015-04-16T00:00:00Z,,,,,skipped_existing,destination JPEG already exists
2015/04/17/HMI.m2015.04.17_11.00.00.jpg,2015-04-17T11:00:00Z,,,,,skipped_existing,destination JPEG already exists
2015/04/18/HMI.m2015.04.18_16.00.00.jpg,2015-04-18T16:00:00Z,,,,,skipped_existing,destination JPEG already exists
2015/04/20/HMI.m2015.04.20_11.00.00.jpg,2015-04-20T11:00:00Z,,,,,skipped_existing,destination JPEG already exists
2015/04/20/HMI.m2015.04.20_12.00.00.jpg,2015-04-20T12:00:00Z,,,,,skipped_existing,destination JPEG already exists
2015/04/20/HMI.m2015.04.20_14.00.00.jpg,2015-04-20T14:00:00Z,,,,,skipped_existing,destination JPEG already exists
2015/04/20/HMI.m2015.04.20_17.00.00.jpg,2015-04-20T17:00:00Z,,,,,skipped_existing,destination JPEG already exists
2015/04/20/HMI.m2015.04.20_18.00.00.jpg,2015-04-20T18:00:00Z,,,,,skipped_existing,destination JPEG already exists
2015/04/20/HMI.m2015.04.20_19.00.00.jpg,2015-04-20T19:00:00Z,,,,,skipped_existing,destination JPEG already exists
2015/04/20/HMI.m2015.04.20_20.00.00.jpg,2015-04-20T20:00:00Z,,,,,skipped_existing,destination JPEG already exists
2015/04/20/HMI.m2015.04.20_21.00.00.jpg,2015-04-20T21:00:00Z,,,,,skipped_existing,destination JPEG already exists
2015/04/21/HMI.m2015.04.21_00.00.00.jpg,2015-04-21T00:00:00Z,,,,,skipped_existing,destination JPEG already exists
2015/04/21/HMI.m2015.04.21_01.00.00.jpg,2015-04-21T01:00:00Z,,,,,skipped_existing,destination JPEG already exists
2015/04/21/HMI.m2015.04.21_02.00.00.jpg,2015-04-21T02:00:00Z,,,,,skipped_existing,destination JPEG already exists
2015/04/21/HMI.m2015.04.21_06.00.00.jpg,2015-04-21T06:00:00Z,,,,,skipped_existing,destination JPEG already exists
2015/04/21/HMI.m2015.04.21_13.00.00.jpg,2015-04-21T13:00:00Z,,,,,skipped_existing,destination JPEG already exists
2015/04/21/HMI.m2015.04.21_18.00.00.jpg,2015-04-21T18:00:00Z,,,,,skipped_existing,destination JPEG already exists
2015/04/21/HMI.m2015.04.21_23.00.00.jpg,2015-04-21T23:00:00Z,,,,,skipped_existing,destination JPEG already exists
2015/04/22/HMI.m2015.04.22_00.00.00.jpg,2015-04-22T00:00:00Z,,,,,skipped_existing,destination JPEG already exists
2015/04/22/HMI.m2015.04.22_02.00.00.jpg,2015-04-22T02:00:00Z,,,,,skipped_existing,destination JPEG already exists
2015/04/22/HMI.m2015.04.22_08.00.00.jpg,2015-04-22T08:00:00Z,,,,,skipped_existing,destination JPEG already exists
2015/04/22/HMI.m2015.04.22_10.00.00.jpg,2015-04-22T10:00:00Z,,,,,skipped_existing,destination JPEG already exists
2015/04/22/HMI.m2015.04.22_11.00.00.jpg,2015-04-22T11:00:00Z,,,,,skipped_existing,destination JPEG already exists
2015/04/22/HMI.m2015.04.22_15.00.00.jpg,2015-04-22T15:00:00Z,,,,,skipped_existing,destination JPEG already exists
2015/04/22/HMI.m2015.04.22_16.00.00.jpg,2015-04-22T16:00:00Z,,,,,skipped_existing,destination JPEG already exists
2015/04/22/HMI.m2015.04.22_17.00.00.jpg,2015-04-22T17:00:00Z,,,,,skipped_existing,destination JPEG already exists
2015/04/22/HMI.m2015.04.22_20.00.00.jpg,2015-04-22T20:00:00Z,,,,,skipped_existing,destination JPEG already exists
2015/04/22/HMI.m2015.04.22_22.00.00.jpg,2015-04-22T22:00:00Z,,,,,skipped_existing,destination JPEG already exists
2015/04/22/HMI.m2015.04.22_23.00.00.jpg,2015-04-22T23:00:00Z,,,,,skipped_existing,destination JPEG already exists
2015/04/23/HMI.m2015.04.23_04.00.00.jpg,2015-04-23T04:00:00Z,,,,,skipped_existing,destination JPEG already exists
2015/04/23/HMI.m2015.04.23_06.00.00.jpg,2015-04-23T06:00:00Z,,,,,skipped_existing,destination JPEG already exists
2015/04/23/HMI.m2015.04.23_09.00.00.jpg,2015-04-23T09:00:00Z,,,,,skipped_existing,destination JPEG already exists
2015/04/26/HMI.m2015.04.26_14.00.00.jpg,2015-04-26T14:00:00Z,,,,,skipped_existing,destination JPEG already exists
2015/04/27/HMI.m2015.04.27_00.00.00.jpg,2015-04-27T00:00:00Z,,,,,skipped_existing,destination JPEG already exists
2015/04/27/HMI.m2015.04.27_09.00.00.jpg,2015-04-27T09:00:00Z,,,,,skipped_existing,destination JPEG already exists
2015/04/28/HMI.m2015.04.28_18.00.00.jpg,2015-04-28T18:00:00Z,,,,,skipped_existing,destination JPEG already exists
2015/04/30/HMI.m2015.04.30_00.00.00.jpg,2015-04-30T00:00:00Z,,,,,skipped_existing,destination JPEG already exists
2015/04/30/HMI.m2015.04.30_18.00.00.jpg,2015-04-30T18:00:00Z,,,,,skipped_existing,destination JPEG already exists
2015/05/01/HMI.m2015.05.01_02.00.00.jpg,2015-05-01T02:00:00Z,,,,,skipped_existing,destination JPEG already exists
2015/05/01/HMI.m2015.05.01_10.00.00.jpg,2015-05-01T10:00:00Z,,,,,skipped_existing,destination JPEG already exists
2015/05/01/HMI.m2015.05.01_18.00.00.jpg,2015-05-01T18:00:00Z,,,,,skipped_existing,destination JPEG already exists
2015/05/03/HMI.m2015.05.03_16.00.00.jpg,2015-05-03T16:00:00Z,,,,,skipped_existing,destination JPEG already exists
2015/05/04/HMI.m2015.05.04_03.00.00.jpg,2015-05-04T03:00:00Z,,,,,skipped_existing,destination JPEG already exists
2015/05/04/HMI.m2015.05.04_13.00.00.jpg,2015-05-04T13:00:00Z,,,,,skipped_existing,destination JPEG already exists
2015/05/04/HMI.m2015.05.04_17.00.00.jpg,2015-05-04T17:00:00Z,,,,,skipped_existing,destination JPEG already exists
2015/05/04/HMI.m2015.05.04_20.00.00.jpg,2015-05-04T20:00:00Z,,,,,skipped_existing,destination JPEG already exists
2015/05/05/HMI.m2015.05.05_03.00.00.jpg,2015-05-05T03:00:00Z,,,,,skipped_existing,destination JPEG already exists
2015/05/05/HMI.m2015.05.05_13.00.00.jpg,2015-05-05T13:00:00Z,,,,,skipped_existing,destination JPEG already exists
2015/05/05/HMI.m2015.05.05_19.00.00.jpg,2015-05-05T19:00:00Z,,,,,skipped_existing,destination JPEG already exists
2015/05/05/HMI.m2015.05.05_21.00.00.jpg,2015-05-05T21:00:00Z,,,,,skipped_existing,destination JPEG already exists
2015/05/05/HMI.m2015.05.05_22.00.00.jpg,2015-05-05T22:00:00Z,,,,,skipped_existing,destination JPEG already exists
2015/05/06/HMI.m2015.05.06_04.00.00.jpg,2015-05-06T04:00:00Z,,,,,skipped_existing,destination JPEG already exists
2015/05/06/HMI.m2015.05.06_07.00.00.jpg,2015-05-06T07:00:00Z,,,,,skipped_existing,destination JPEG already exists
2015/05/06/HMI.m2015.05.06_09.00.00.jpg,2015-05-06T09:00:00Z,,,,,skipped_existing,destination JPEG already exists
2015/05/06/HMI.m2015.05.06_15.00.00.jpg,2015-05-06T15:00:00Z,,,,,skipped_existing,destination JPEG already exists
2015/05/06/HMI.m2015.05.06_20.00.00.jpg,2015-05-06T20:00:00Z,,,,,skipped_existing,destination JPEG already exists
2015/05/06/HMI.m2015.05.06_21.00.00.jpg,2015-05-06T21:00:00Z,,,,,skipped_existing,destination JPEG already exists
2015/05/08/HMI.m2015.05.08_17.00.00.jpg,2015-05-08T17:00:00Z,,,,,skipped_existing,destination JPEG already exists
2015/05/08/HMI.m2015.05.08_21.00.00.jpg,2015-05-08T21:00:00Z,,,,,skipped_existing,destination JPEG already exists
2015/05/09/HMI.m2015.05.09_12.00.00.jpg,2015-05-09T12:00:00Z,,,,,skipped_existing,destination JPEG already exists
2015/05/09/HMI.m2015.05.09_21.00.00.jpg,2015-05-09T21:00:00Z,,,,,skipped_existing,destination JPEG already exists
2015/05/09/HMI.m2015.05.09_22.00.00.jpg,2015-05-09T22:00:00Z,,,,,skipped_existing,destination JPEG already exists
2015/05/11/HMI.m2015.05.11_06.00.00.jpg,2015-05-11T06:00:00Z,,,,,skipped_existing,destination JPEG already exists
2015/05/11/HMI.m2015.05.11_18.00.00.jpg,2015-05-11T18:00:00Z,,,,,skipped_existing,destination JPEG already exists
2015/05/12/HMI.m2015.05.12_15.00.00.jpg,2015-05-12T15:00:00Z,,,,,skipped_existing,destination JPEG already exists
2015/05/15/HMI.m2015.05.15_16.00.00.jpg,2015-05-15T16:00:00Z,,,,,skipped_existing,destination JPEG already exists
2015/05/15/HMI.m2015.05.15_18.00.00.jpg,2015-05-15T18:00:00Z,,,,,skipped_existing,destination JPEG already exists
2015/05/16/HMI.m2015.05.16_14.00.00.jpg,2015-05-16T14:00:00Z,,,,,skipped_existing,destination JPEG already exists
2015/05/16/HMI.m2015.05.16_15.00.00.jpg,2015-05-16T15:00:00Z,,,,,skipped_existing,destination JPEG already exists
2015/05/16/HMI.m2015.05.16_18.00.00.jpg,2015-05-16T18:00:00Z,,,,,skipped_existing,destination JPEG already exists
2015/05/17/HMI.m2015.05.17_16.00.00.jpg,2015-05-17T16:00:00Z,,,,,skipped_existing,destination JPEG already exists
2015/05/17/HMI.m2015.05.17_20.00.00.jpg,2015-05-17T20:00:00Z,,,,,skipped_existing,destination JPEG already exists
2015/05/20/HMI.m2015.05.20_01.00.00.jpg,2015-05-20T01:00:00Z,,,,,skipped_existing,destination JPEG already exists
2015/05/20/HMI.m2015.05.20_07.00.00.jpg,2015-05-20T07:00:00Z,,,,,skipped_existing,destination JPEG already exists
2015/05/21/HMI.m2015.05.21_22.00.00.jpg,2015-05-21T22:00:00Z,,,,,skipped_existing,destination JPEG already exists
2015/05/22/HMI.m2015.05.22_12.00.00.jpg,2015-05-22T12:00:00Z,,,,,skipped_existing,destination JPEG already exists
2015/05/22/HMI.m2015.05.22_21.00.00.jpg,2015-05-22T21:00:00Z,,,,,skipped_existing,destination JPEG already exists
2015/05/24/HMI.m2015.05.24_09.00.00.jpg,2015-05-24T09:00:00Z,,,,,skipped_existing,destination JPEG already exists
2015/05/24/HMI.m2015.05.24_15.00.00.jpg,2015-05-24T15:00:00Z,,,,,skipped_existing,destination JPEG already exists
2015/05/24/HMI.m2015.05.24_23.00.00.jpg,2015-05-24T23:00:00Z,,,,,skipped_existing,destination JPEG already exists
2015/05/26/HMI.m2015.05.26_05.00.00.jpg,2015-05-26T05:00:00Z,,,,,skipped_existing,destination JPEG already exists
2015/05/27/HMI.m2015.05.27_07.00.00.jpg,2015-05-27T07:00:00Z,,,,,skipped_existing,destination JPEG already exists
2015/05/28/HMI.m2015.05.28_03.00.00.jpg,2015-05-28T03:00:00Z,,,,,skipped_existing,destination JPEG already exists
2015/05/28/HMI.m2015.05.28_05.00.00.jpg,2015-05-28T05:00:00Z,,,,,skipped_existing,destination JPEG already exists
2015/05/28/HMI.m2015.05.28_11.00.00.jpg,2015-05-28T11:00:00Z,,,,,skipped_existing,destination JPEG already exists
2015/05/28/HMI.m2015.05.28_15.00.00.jpg,2015-05-28T15:00:00Z,,,,,skipped_existing,destination JPEG already exists
2015/05/31/HMI.m2015.05.31_01.00.00.jpg,2015-05-31T01:00:00Z,,,,,skipped_existing,destination JPEG already exists
2015/06/02/HMI.m2015.06.02_18.00.00.jpg,2015-06-02T18:00:00Z,,,,,skipped_existing,destination JPEG already exists
2015/06/03/HMI.m2015.06.03_08.00.00.jpg,2015-06-03T08:00:00Z,,,,,skipped_existing,destination JPEG already exists
2015/06/04/HMI.m2015.06.04_17.00.00.jpg,2015-06-04T17:00:00Z,,,,,skipped_existing,destination JPEG already exists
2015/06/05/HMI.m2015.06.05_02.00.00.jpg,2015-06-05T02:00:00Z,,,,,skipped_existing,destination JPEG already exists
2015/06/05/HMI.m2015.06.05_05.00.00.jpg,2015-06-05T05:00:00Z,,,,,skipped_existing,destination JPEG already exists
2015/06/06/HMI.m2015.06.06_12.00.00.jpg,2015-06-06T12:00:00Z,,,,,skipped_existing,destination JPEG already exists
2015/06/07/HMI.m2015.06.07_22.00.00.jpg,2015-06-07T22:00:00Z,,,,,skipped_existing,destination JPEG already exists
2015/06/08/HMI.m2015.06.08_18.00.00.jpg,2015-06-08T18:00:00Z,,,,,skipped_existing,destination JPEG already exists
2015/06/09/HMI.m2015.06.09_13.00.00.jpg,2015-06-09T13:00:00Z,,,,,skipped_existing,destination JPEG already exists
2015/06/10/HMI.m2015.06.10_12.00.00.jpg,2015-06-10T12:00:00Z,,,,,skipped_existing,destination JPEG already exists
2015/06/10/HMI.m2015.06.10_13.00.00.jpg,2015-06-10T13:00:00Z,,,,,skipped_existing,destination JPEG already exists
2015/06/10/HMI.m2015.06.10_14.00.00.jpg,2015-06-10T14:00:00Z,,,,,skipped_existing,destination JPEG already exists
2015/06/10/HMI.m2015.06.10_15.00.00.jpg,2015-06-10T15:00:00Z,,,,,skipped_existing,destination JPEG already exists
2015/06/10/HMI.m2015.06.10_20.00.00.jpg,2015-06-10T20:00:00Z,,,,,skipped_existing,destination JPEG already exists
2015/06/10/HMI.m2015.06.10_21.00.00.jpg,2015-06-10T21:00:00Z,,,,,skipped_existing,destination JPEG already exists
2015/06/10/HMI.m2015.06.10_22.00.00.jpg,2015-06-10T22:00:00Z,,,,,skipped_existing,destination JPEG already exists
2015/06/11/HMI.m2015.06.11_00.00.00.jpg,2015-06-11T00:00:00Z,,,,,skipped_existing,destination JPEG already exists
2015/06/11/HMI.m2015.06.11_04.00.00.jpg,2015-06-11T04:00:00Z,,,,,skipped_existing,destination JPEG already exists
2015/06/11/HMI.m2015.06.11_05.00.00.jpg,2015-06-11T05:00:00Z,,,,,skipped_existing,destination JPEG already exists
2015/06/11/HMI.m2015.06.11_08.00.00.jpg,2015-06-11T08:00:00Z,,,,,skipped_existing,destination JPEG already exists
2015/06/12/HMI.m2015.06.12_08.00.00.jpg,2015-06-12T08:00:00Z,,,,,skipped_existing,destination JPEG already exists
2015/06/12/HMI.m2015.06.12_11.00.00.jpg,2015-06-12T11:00:00Z,,,,,skipped_existing,destination JPEG already exists
2015/06/12/HMI.m2015.06.12_12.00.00.jpg,2015-06-12T12:00:00Z,,,,,skipped_existing,destination JPEG already exists
2015/06/12/HMI.m2015.06.12_14.00.00.jpg,2015-06-12T14:00:00Z,,,,,skipped_existing,destination JPEG already exists
2015/06/12/HMI.m2015.06.12_17.00.00.jpg,2015-06-12T17:00:00Z,,,,,skipped_existing,destination JPEG already exists
2015/06/12/HMI.m2015.06.12_19.00.00.jpg,2015-06-12T19:00:00Z,,,,,skipped_existing,destination JPEG already exists
2015/06/12/HMI.m2015.06.12_20.00.00.jpg,2015-06-12T20:00:00Z,,,,,skipped_existing,destination JPEG already exists
2015/06/12/HMI.m2015.06.12_23.00.00.jpg,2015-06-12T23:00:00Z,,,,,skipped_existing,destination JPEG already exists
2015/06/13/HMI.m2015.06.13_00.00.00.jpg,2015-06-13T00:00:00Z,,,,,skipped_existing,destination JPEG already exists
2015/06/13/HMI.m2015.06.13_02.00.00.jpg,2015-06-13T02:00:00Z,,,,,skipped_existing,destination JPEG already exists
2015/06/13/HMI.m2015.06.13_13.00.00.jpg,2015-06-13T13:00:00Z,,,,,skipped_existing,destination JPEG already exists
2015/06/13/HMI.m2015.06.13_16.00.00.jpg,2015-06-13T16:00:00Z,,,,,skipped_existing,destination JPEG already exists
2015/06/13/HMI.m2015.06.13_19.00.00.jpg,2015-06-13T19:00:00Z,,,,,skipped_existing,destination JPEG already exists
2015/06/13/HMI.m2015.06.13_20.00.00.jpg,2015-06-13T20:00:00Z,,,,,skipped_existing,destination JPEG already exists
2015/06/13/HMI.m2015.06.13_23.00.00.jpg,2015-06-13T23:00:00Z,,,,,skipped_existing,destination JPEG already exists
2015/06/14/HMI.m2015.06.14_00.00.00.jpg,2015-06-14T00:00:00Z,,,,,skipped_existing,destination JPEG already exists
2015/06/14/HMI.m2015.06.14_15.00.00.jpg,2015-06-14T15:00:00Z,,,,,skipped_existing,destination JPEG already exists
2015/06/15/HMI.m2015.06.15_09.00.00.jpg,2015-06-15T09:00:00Z,,,,,skipped_existing,destination JPEG already exists
2015/06/17/HMI.m2015.06.17_01.00.00.jpg,2015-06-17T01:00:00Z,,,,,skipped_existing,destination JPEG already exists
2015/06/17/HMI.m2015.06.17_02.00.00.jpg,2015-06-17T02:00:00Z,,,,,skipped_existing,destination JPEG already exists
2015/06/17/HMI.m2015.06.17_04.00.00.jpg,2015-06-17T04:00:00Z,,,,,skipped_existing,destination JPEG already exists
2015/06/17/HMI.m2015.06.17_06.00.00.jpg,2015-06-17T06:00:00Z,,,,,skipped_existing,destination JPEG already exists
2015/06/17/HMI.m2015.06.17_10.00.00.jpg,2015-06-17T10:00:00Z,,,,,skipped_existing,destination JPEG already exists
2015/06/17/HMI.m2015.06.17_16.00.00.jpg,2015-06-17T16:00:00Z,,,,,skipped_existing,destination JPEG already exists
2015/06/17/HMI.m2015.06.17_17.00.00.jpg,2015-06-17T17:00:00Z,,,,,skipped_existing,destination JPEG already exists
2015/06/17/HMI.m2015.06.17_18.00.00.jpg,2015-06-17T18:00:00Z,,,,,skipped_existing,destination JPEG already exists
2015/06/17/HMI.m2015.06.17_22.00.00.jpg,2015-06-17T22:00:00Z,,,,,skipped_existing,destination JPEG already exists
2015/06/18/HMI.m2015.06.18_00.00.00.jpg,2015-06-18T00:00:00Z,,,,,skipped_existing,destination JPEG already exists
2015/06/18/HMI.m2015.06.18_03.00.00.jpg,2015-06-18T03:00:00Z,,,,,skipped_existing,destination JPEG already exists
2015/06/18/HMI.m2015.06.18_08.00.00.jpg,2015-06-18T08:00:00Z,,,,,skipped_existing,destination JPEG already exists
2015/06/18/HMI.m2015.06.18_09.00.00.jpg,2015-06-18T09:00:00Z,,,,,skipped_existing,destination JPEG already exists
2015/06/18/HMI.m2015.06.18_11.00.00.jpg,2015-06-18T11:00:00Z,,,,,skipped_existing,destination JPEG already exists
2015/06/18/HMI.m2015.06.18_14.00.00.jpg,2015-06-18T14:00:00Z,,,,,skipped_existing,destination JPEG already exists
2015/06/18/HMI.m2015.06.18_16.00.00.jpg,2015-06-18T16:00:00Z,,,,,skipped_existing,destination JPEG already exists
2015/06/19/HMI.m2015.06.19_08.00.00.jpg,2015-06-19T08:00:00Z,,,,,skipped_existing,destination JPEG already exists
2015/06/19/HMI.m2015.06.19_09.00.00.jpg,2015-06-19T09:00:00Z,,,,,skipped_existing,destination JPEG already exists
2015/06/19/HMI.m2015.06.19_12.00.00.jpg,2015-06-19T12:00:00Z,,,,,skipped_existing,destination JPEG already exists
2015/06/19/HMI.m2015.06.19_16.00.00.jpg,2015-06-19T16:00:00Z,,,,,skipped_existing,destination JPEG already exists
2015/06/19/HMI.m2015.06.19_19.00.00.jpg,2015-06-19T19:00:00Z,,,,,skipped_existing,destination JPEG already exists
2015/06/19/HMI.m2015.06.19_23.00.00.jpg,2015-06-19T23:00:00Z,,,,,skipped_existing,destination JPEG already exists
2015/06/20/HMI.m2015.06.20_04.00.00.jpg,2015-06-20T04:00:00Z,,,,,skipped_existing,destination JPEG already exists
2015/06/20/HMI.m2015.06.20_07.00.00.jpg,2015-06-20T07:00:00Z,,,,,skipped_existing,destination JPEG already exists
2015/06/20/HMI.m2015.06.20_09.00.00.jpg,2015-06-20T09:00:00Z,,,,,skipped_existing,destination JPEG already exists
2015/06/20/HMI.m2015.06.20_11.00.00.jpg,2015-06-20T11:00:00Z,,,,,skipped_existing,destination JPEG already exists
2015/06/20/HMI.m2015.06.20_19.00.00.jpg,2015-06-20T19:00:00Z,,,,,skipped_existing,destination JPEG already exists
2015/06/20/HMI.m2015.06.20_21.00.00.jpg,2015-06-20T21:00:00Z,,,,,skipped_existing,destination JPEG already exists
2015/06/21/HMI.m2015.06.21_00.00.00.jpg,2015-06-21T00:00:00Z,,,,,skipped_existing,destination JPEG already exists
2015/06/21/HMI.m2015.06.21_01.00.00.jpg,2015-06-21T01:00:00Z,,,,,skipped_existing,destination JPEG already exists
2015/06/21/HMI.m2015.06.21_03.00.00.jpg,2015-06-21T03:00:00Z,,,,,skipped_existing,destination JPEG already exists
2015/06/21/HMI.m2015.06.21_09.00.00.jpg,2015-06-21T09:00:00Z,,,,,skipped_existing,destination JPEG already exists
2015/06/21/HMI.m2015.06.21_11.00.00.jpg,2015-06-21T11:00:00Z,,,,,skipped_existing,destination JPEG already exists
2015/06/21/HMI.m2015.06.21_16.00.00.jpg,2015-06-21T16:00:00Z,,,,,skipped_existing,destination JPEG already exists
2015/06/21/HMI.m2015.06.21_18.00.00.jpg,2015-06-21T18:00:00Z,,,,,skipped_existing,destination JPEG already exists
2015/06/22/HMI.m2015.06.22_01.00.00.jpg,2015-06-22T01:00:00Z,,,,,skipped_existing,destination JPEG already exists
2015/06/22/HMI.m2015.06.22_03.00.00.jpg,2015-06-22T03:00:00Z,,,,,skipped_existing,destination JPEG already exists
2015/06/22/HMI.m2015.06.22_05.00.00.jpg,2015-06-22T05:00:00Z,,,,,skipped_existing,destination JPEG already exists
2015/06/22/HMI.m2015.06.22_06.00.00.jpg,2015-06-22T06:00:00Z,,,,,skipped_existing,destination JPEG already exists
2015/06/22/HMI.m2015.06.22_09.00.00.jpg,2015-06-22T09:00:00Z,,,,,skipped_existing,destination JPEG already exists
2015/06/22/HMI.m2015.06.22_11.00.00.jpg,2015-06-22T11:00:00Z,,,,,skipped_existing,destination JPEG already exists
2015/06/22/HMI.m2015.06.22_16.00.00.jpg,2015-06-22T16:00:00Z,,,,,skipped_existing,destination JPEG already exists
2015/06/22/HMI.m2015.06.22_17.00.00.jpg,2015-06-22T17:00:00Z,,,,,skipped_existing,destination JPEG already exists
2015/06/23/HMI.m2015.06.23_01.00.00.jpg,2015-06-23T01:00:00Z,,,,,skipped_existing,destination JPEG already exists
2015/06/23/HMI.m2015.06.23_18.00.00.jpg,2015-06-23T18:00:00Z,,,,,skipped_existing,destination JPEG already exists
2015/06/23/HMI.m2015.06.23_22.00.00.jpg,2015-06-23T22:00:00Z,,,,,skipped_existing,destination JPEG already exists
2015/06/24/HMI.m2015.06.24_09.00.00.jpg,2015-06-24T09:00:00Z,,,,,skipped_existing,destination JPEG already exists
2015/06/24/HMI.m2015.06.24_10.00.00.jpg,2015-06-24T10:00:00Z,,,,,skipped_existing,destination JPEG already exists
2015/06/24/HMI.m2015.06.24_11.00.00.jpg,2015-06-24T11:00:00Z,,,,,skipped_existing,destination JPEG already exists
2015/06/24/HMI.m2015.06.24_17.00.00.jpg,2015-06-24T17:00:00Z,,,,,skipped_existing,destination JPEG already exists
2015/06/24/HMI.m2015.06.24_19.00.00.jpg,2015-06-24T19:00:00Z,,,,,skipped_existing,destination JPEG already exists
2015/06/24/HMI.m2015.06.24_20.00.00.jpg,2015-06-24T20:00:00Z,,,,,skipped_existing,destination JPEG already exists
2015/06/24/HMI.m2015.06.24_21.00.00.jpg,2015-06-24T21:00:00Z,,,,,skipped_existing,destination JPEG already exists
2015/06/25/HMI.m2015.06.25_01.00.00.jpg,2015-06-25T01:00:00Z,,,,,skipped_existing,destination JPEG already exists
2015/06/25/HMI.m2015.06.25_03.00.00.jpg,2015-06-25T03:00:00Z,,,,,skipped_existing,destination JPEG already exists
2015/06/25/HMI.m2015.06.25_04.00.00.jpg,2015-06-25T04:00:00Z,,,,,skipped_existing,destination JPEG already exists
2015/06/25/HMI.m2015.06.25_05.00.00.jpg,2015-06-25T05:00:00Z,,,,,skipped_existing,destination JPEG already exists
2015/06/26/HMI.m2015.06.26_13.00.00.jpg,2015-06-26T13:00:00Z,,,,,skipped_existing,destination JPEG already exists
2015/06/27/HMI.m2015.06.27_03.00.00.jpg,2015-06-27T03:00:00Z,,,,,skipped_existing,destination JPEG already exists
2015/06/28/HMI.m2015.06.28_08.00.00.jpg,2015-06-28T08:00:00Z,,,,,skipped_existing,destination JPEG already exists
2015/06/29/HMI.m2015.06.29_03.00.00.jpg,2015-06-29T03:00:00Z,,,,,skipped_existing,destination JPEG already exists
2015/06/30/HMI.m2015.06.30_03.00.00.jpg,2015-06-30T03:00:00Z,,,,,skipped_existing,destination JPEG already exists
2015/07/01/HMI.m2015.07.01_07.00.00.jpg,2015-07-01T07:00:00Z,,,,,skipped_existing,destination JPEG already exists
2015/07/02/HMI.m2015.07.02_11.00.00.jpg,2015-07-02T11:00:00Z,,,,,skipped_existing,destination JPEG already exists
2015/07/02/HMI.m2015.07.02_14.00.00.jpg,2015-07-02T14:00:00Z,,,,,skipped_existing,destination JPEG already exists
2015/07/02/HMI.m2015.07.02_15.00.00.jpg,2015-07-02T15:00:00Z,,,,,skipped_existing,destination JPEG already exists
2015/07/02/HMI.m2015.07.02_17.00.00.jpg,2015-07-02T17:00:00Z,,,,,skipped_existing,destination JPEG already exists
2015/07/02/HMI.m2015.07.02_18.00.00.jpg,2015-07-02T18:00:00Z,,,,,skipped_existing,destination JPEG already exists
2015/07/03/HMI.m2015.07.03_00.00.00.jpg,2015-07-03T00:00:00Z,,,,,skipped_existing,destination JPEG already exists
2015/07/03/HMI.m2015.07.03_04.00.00.jpg,2015-07-03T04:00:00Z,,,,,skipped_existing,destination JPEG already exists
2015/07/03/HMI.m2015.07.03_09.00.00.jpg,2015-07-03T09:00:00Z,,,,,skipped_existing,destination JPEG already exists
2015/07/04/HMI.m2015.07.04_01.00.00.jpg,2015-07-04T01:00:00Z,,,,,skipped_existing,destination JPEG already exists
2015/07/04/HMI.m2015.07.04_18.00.00.jpg,2015-07-04T18:00:00Z,,,,,skipped_existing,destination JPEG already exists
2015/07/05/HMI.m2015.07.05_12.00.00.jpg,2015-07-05T12:00:00Z,,,,,skipped_existing,destination JPEG already exists
2015/07/05/HMI.m2015.07.05_13.00.00.jpg,2015-07-05T13:00:00Z,,,,,skipped_existing,destination JPEG already exists
2015/07/05/HMI.m2015.07.05_14.00.00.jpg,2015-07-05T14:00:00Z,,,,,skipped_existing,destination JPEG already exists
2015/07/05/HMI.m2015.07.05_15.00.00.jpg,2015-07-05T15:00:00Z,,,,,skipped_existing,destination JPEG already exists
2015/07/05/HMI.m2015.07.05_16.00.00.jpg,2015-07-05T16:00:00Z,,,,,skipped_existing,destination JPEG already exists
2015/07/05/HMI.m2015.07.05_19.00.00.jpg,2015-07-05T19:00:00Z,,,,,skipped_existing,destination JPEG already exists
2015/07/05/HMI.m2015.07.05_20.00.00.jpg,2015-07-05T20:00:00Z,,,,,skipped_existing,destination JPEG already exists
2015/07/05/HMI.m2015.07.05_21.00.00.jpg,2015-07-05T21:00:00Z,,,,,skipped_existing,destination JPEG already exists
2015/07/05/HMI.m2015.07.05_23.00.00.jpg,2015-07-05T23:00:00Z,,,,,skipped_existing,destination JPEG already exists
2015/07/06/HMI.m2015.07.06_00.00.00.jpg,2015-07-06T00:00:00Z,,,,,skipped_existing,destination JPEG already exists
2015/07/06/HMI.m2015.07.06_06.00.00.jpg,2015-07-06T06:00:00Z,,,,,skipped_existing,destination JPEG already exists
2015/07/06/HMI.m2015.07.06_07.00.00.jpg,2015-07-06T07:00:00Z,,,,,skipped_existing,destination JPEG already exists
2015/07/06/HMI.m2015.07.06_09.00.00.jpg,2015-07-06T09:00:00Z,,,,,skipped_existing,destination JPEG already exists
2015/07/06/HMI.m2015.07.06_12.00.00.jpg,2015-07-06T12:00:00Z,,,,,skipped_existing,destination JPEG already exists
2015/07/06/HMI.m2015.07.06_13.00.00.jpg,2015-07-06T13:00:00Z,,,,,skipped_existing,destination JPEG already exists
2015/07/06/HMI.m2015.07.06_19.00.00.jpg,2015-07-06T19:00:00Z,,,,,skipped_existing,destination JPEG already exists
2015/07/07/HMI.m2015.07.07_13.00.00.jpg,2015-07-07T13:00:00Z,,,,,skipped_existing,destination JPEG already exists
2015/07/08/HMI.m2015.07.08_03.00.00.jpg,2015-07-08T03:00:00Z,,,,,skipped_existing,destination JPEG already exists
2015/07/08/HMI.m2015.07.08_10.00.00.jpg,2015-07-08T10:00:00Z,,,,,skipped_existing,destination JPEG already exists
2015/07/09/HMI.m2015.07.09_12.00.00.jpg,2015-07-09T12:00:00Z,,,,,skipped_existing,destination JPEG already exists
2015/07/09/HMI.m2015.07.09_19.00.00.jpg,2015-07-09T19:00:00Z,,,,,skipped_existing,destination JPEG already exists
2015/07/10/HMI.m2015.07.10_01.00.00.jpg,2015-07-10T01:00:00Z,,,,,skipped_existing,destination JPEG already exists
2015/07/10/HMI.m2015.07.10_02.00.00.jpg,2015-07-10T02:00:00Z,,,,,skipped_existing,destination JPEG already exists
2015/07/10/HMI.m2015.07.10_19.00.00.jpg,2015-07-10T19:00:00Z,,,,,skipped_existing,destination JPEG already exists
2015/07/11/HMI.m2015.07.11_03.00.00.jpg,2015-07-11T03:00:00Z,,,,,skipped_existing,destination JPEG already exists
2015/07/11/HMI.m2015.07.11_06.00.00.jpg,2015-07-11T06:00:00Z,,,,,skipped_existing,destination JPEG already exists
2015/07/11/HMI.m2015.07.11_15.00.00.jpg,2015-07-11T15:00:00Z,,,,,skipped_existing,destination JPEG already exists
2015/07/12/HMI.m2015.07.12_01.00.00.jpg,2015-07-12T01:00:00Z,,,,,skipped_existing,destination JPEG already exists
2015/07/12/HMI.m2015.07.12_22.00.00.jpg,2015-07-12T22:00:00Z,,,,,skipped_existing,destination JPEG already exists
2015/07/14/HMI.m2015.07.14_06.00.00.jpg,2015-07-14T06:00:00Z,,,,,skipped_existing,destination JPEG already exists
2015/07/14/HMI.m2015.07.14_14.00.00.jpg,2015-07-14T14:00:00Z,,,,,skipped_existing,destination JPEG already exists
2015/07/16/HMI.m2015.07.16_00.00.00.jpg,2015-07-16T00:00:00Z,,,,,skipped_existing,destination JPEG already exists
2015/07/16/HMI.m2015.07.16_04.00.00.jpg,2015-07-16T04:00:00Z,,,,,skipped_existing,destination JPEG already exists
2015/07/17/HMI.m2015.07.17_02.00.00.jpg,2015-07-17T02:00:00Z,,,,,skipped_existing,destination JPEG already exists
2015/07/17/HMI.m2015.07.17_06.00.00.jpg,2015-07-17T06:00:00Z,,,,,skipped_existing,destination JPEG already exists
2015/07/20/HMI.m2015.07.20_15.00.00.jpg,2015-07-20T15:00:00Z,,,,,skipped_existing,destination JPEG already exists
2015/07/22/HMI.m2015.07.22_23.00.00.jpg,2015-07-22T23:00:00Z,,,,,skipped_existing,destination JPEG already exists
2015/07/23/HMI.m2015.07.23_04.00.00.jpg,2015-07-23T04:00:00Z,,,,,skipped_existing,destination JPEG already exists
2015/07/23/HMI.m2015.07.23_07.00.00.jpg,2015-07-23T07:00:00Z,,,,,skipped_existing,destination JPEG already exists
2015/07/24/HMI.m2015.07.24_05.00.00.jpg,2015-07-24T05:00:00Z,,,,,skipped_existing,destination JPEG already exists
2015/07/24/HMI.m2015.07.24_23.00.00.jpg,2015-07-24T23:00:00Z,,,,,skipped_existing,destination JPEG already exists
2015/07/28/HMI.m2015.07.28_16.00.00.jpg,2015-07-28T16:00:00Z,,,,,skipped_existing,destination JPEG already exists
2015/07/29/HMI.m2015.07.29_08.00.00.jpg,2015-07-29T08:00:00Z,,,,,skipped_existing,destination JPEG already exists
2015/07/30/HMI.m2015.07.30_02.00.00.jpg,2015-07-30T02:00:00Z,,,,,skipped_existing,destination JPEG already exists
2015/07/30/HMI.m2015.07.30_14.00.00.jpg,2015-07-30T14:00:00Z,,,,,skipped_existing,destination JPEG already exists
2015/07/30/HMI.m2015.07.30_18.00.00.jpg,2015-07-30T18:00:00Z,,,,,skipped_existing,destination JPEG already exists
2015/07/30/HMI.m2015.07.30_20.00.00.jpg,2015-07-30T20:00:00Z,,,,,skipped_existing,destination JPEG already exists
2015/07/31/HMI.m2015.07.31_15.00.00.jpg,2015-07-31T15:00:00Z,,,,,skipped_existing,destination JPEG already exists
2015/08/01/HMI.m2015.08.01_21.00.00.jpg,2015-08-01T21:00:00Z,,,,,skipped_existing,destination JPEG already exists
2015/08/02/HMI.m2015.08.02_18.00.00.jpg,2015-08-02T18:00:00Z,,,,,skipped_existing,destination JPEG already exists
2015/08/03/HMI.m2015.08.03_22.00.00.jpg,2015-08-03T22:00:00Z,,,,,skipped_existing,destination JPEG already exists
2015/08/04/HMI.m2015.08.04_04.00.00.jpg,2015-08-04T04:00:00Z,,,,,skipped_existing,destination JPEG already exists
2015/08/06/HMI.m2015.08.06_00.00.00.jpg,2015-08-06T00:00:00Z,,,,,skipped_existing,destination JPEG already exists
2015/08/06/HMI.m2015.08.06_01.00.00.jpg,2015-08-06T01:00:00Z,,,,,skipped_existing,destination JPEG already exists
2015/08/06/HMI.m2015.08.06_14.00.00.jpg,2015-08-06T14:00:00Z,,,,,skipped_existing,destination JPEG already exists
2015/08/07/HMI.m2015.08.07_15.00.00.jpg,2015-08-07T15:00:00Z,,,,,skipped_existing,destination JPEG already exists
2015/08/08/HMI.m2015.08.08_11.00.00.jpg,2015-08-08T11:00:00Z,,,,,skipped_existing,destination JPEG already exists
2015/08/08/HMI.m2015.08.08_17.00.00.jpg,2015-08-08T17:00:00Z,,,,,skipped_existing,destination JPEG already exists
2015/08/08/HMI.m2015.08.08_18.00.00.jpg,2015-08-08T18:00:00Z,,,,,skipped_existing,destination JPEG already exists
2015/08/11/HMI.m2015.08.11_03.00.00.jpg,2015-08-11T03:00:00Z,,,,,skipped_existing,destination JPEG already exists
2015/08/11/HMI.m2015.08.11_17.00.00.jpg,2015-08-11T17:00:00Z,,,,,skipped_existing,destination JPEG already exists
2015/08/12/HMI.m2015.08.12_06.00.00.jpg,2015-08-12T06:00:00Z,,,,,skipped_existing,destination JPEG already exists
2015/08/12/HMI.m2015.08.12_16.00.00.jpg,2015-08-12T16:00:00Z,,,,,skipped_existing,destination JPEG already exists
2015/08/13/HMI.m2015.08.13_22.00.00.jpg,2015-08-13T22:00:00Z,,,,,skipped_existing,destination JPEG already exists
2015/08/15/HMI.m2015.08.15_22.00.00.jpg,2015-08-15T22:00:00Z,,,,,skipped_existing,destination JPEG already exists
2015/08/16/HMI.m2015.08.16_03.00.00.jpg,2015-08-16T03:00:00Z,,,,,skipped_existing,destination JPEG already exists
2015/08/17/HMI.m2015.08.17_00.00.00.jpg,2015-08-17T00:00:00Z,,,,,skipped_existing,destination JPEG already exists
2015/08/17/HMI.m2015.08.17_05.00.00.jpg,2015-08-17T05:00:00Z,,,,,skipped_existing,destination JPEG already exists
2015/08/18/HMI.m2015.08.18_09.00.00.jpg,2015-08-18T09:00:00Z,,,,,skipped_existing,destination JPEG already exists
2015/08/18/HMI.m2015.08.18_17.00.00.jpg,2015-08-18T17:00:00Z,,,,,skipped_existing,destination JPEG already exists
2015/08/19/HMI.m2015.08.19_22.00.00.jpg,2015-08-19T22:00:00Z,,,,,skipped_existing,destination JPEG already exists
2015/08/20/HMI.m2015.08.20_07.00.00.jpg,2015-08-20T07:00:00Z,,,,,skipped_existing,destination JPEG already exists
2015/08/20/HMI.m2015.08.20_08.00.00.jpg,2015-08-20T08:00:00Z,,,,,skipped_existing,destination JPEG already exists
2015/08/20/HMI.m2015.08.20_09.00.00.jpg,2015-08-20T09:00:00Z,,,,,skipped_existing,destination JPEG already exists
2015/08/20/HMI.m2015.08.20_10.00.00.jpg,2015-08-20T10:00:00Z,,,,,skipped_existing,destination JPEG already exists
2015/08/20/HMI.m2015.08.20_13.00.00.jpg,2015-08-20T13:00:00Z,,,,,skipped_existing,destination JPEG already exists
2015/08/20/HMI.m2015.08.20_17.00.00.jpg,2015-08-20T17:00:00Z,,,,,skipped_existing,destination JPEG already exists
2015/08/20/HMI.m2015.08.20_19.00.00.jpg,2015-08-20T19:00:00Z,,,,,skipped_existing,destination JPEG already exists
2015/08/20/HMI.m2015.08.20_22.00.00.jpg,2015-08-20T22:00:00Z,,,,,skipped_existing,destination JPEG already exists
2015/08/20/HMI.m2015.08.20_23.00.00.jpg,2015-08-20T23:00:00Z,,,,,skipped_existing,destination JPEG already exists
2015/08/21/HMI.m2015.08.21_04.00.00.jpg,2015-08-21T04:00:00Z,,,,,skipped_existing,destination JPEG already exists
2015/08/21/HMI.m2015.08.21_05.00.00.jpg,2015-08-21T05:00:00Z,,,,,skipped_existing,destination JPEG already exists
2015/08/21/HMI.m2015.08.21_06.00.00.jpg,2015-08-21T06:00:00Z,,,,,skipped_existing,destination JPEG already exists
2015/08/21/HMI.m2015.08.21_09.00.00.jpg,2015-08-21T09:00:00Z,,,,,skipped_existing,destination JPEG already exists
2015/08/21/HMI.m2015.08.21_10.00.00.jpg,2015-08-21T10:00:00Z,,,,,skipped_existing,destination JPEG already exists
2015/08/21/HMI.m2015.08.21_14.00.00.jpg,2015-08-21T14:00:00Z,,,,,skipped_existing,destination JPEG already exists
2015/08/21/HMI.m2015.08.21_16.00.00.jpg,2015-08-21T16:00:00Z,,,,,skipped_existing,destination JPEG already exists
2015/08/21/HMI.m2015.08.21_17.00.00.jpg,2015-08-21T17:00:00Z,,,,,skipped_existing,destination JPEG already exists
2015/08/21/HMI.m2015.08.21_18.00.00.jpg,2015-08-21T18:00:00Z,,,,,skipped_existing,destination JPEG already exists
2015/08/21/HMI.m2015.08.21_19.00.00.jpg,2015-08-21T19:00:00Z,,,,,skipped_existing,destination JPEG already exists
2015/08/21/HMI.m2015.08.21_20.00.00.jpg,2015-08-21T20:00:00Z,,,,,skipped_existing,destination JPEG already exists
2015/08/21/HMI.m2015.08.21_22.00.00.jpg,2015-08-21T22:00:00Z,,,,,skipped_existing,destination JPEG already exists
2015/08/21/HMI.m2015.08.21_23.00.00.jpg,2015-08-21T23:00:00Z,,,,,skipped_existing,destination JPEG already exists
2015/08/22/HMI.m2015.08.22_03.00.00.jpg,2015-08-22T03:00:00Z,,,,,skipped_existing,destination JPEG already exists
2015/08/22/HMI.m2015.08.22_05.00.00.jpg,2015-08-22T05:00:00Z,,,,,skipped_existing,destination JPEG already exists
2015/08/22/HMI.m2015.08.22_07.00.00.jpg,2015-08-22T07:00:00Z,,,,,skipped_existing,destination JPEG already exists
2015/08/22/HMI.m2015.08.22_10.00.00.jpg,2015-08-22T10:00:00Z,,,,,skipped_existing,destination JPEG already exists
2015/08/22/HMI.m2015.08.22_12.00.00.jpg,2015-08-22T12:00:00Z,,,,,skipped_existing,destination JPEG already exists
2015/08/22/HMI.m2015.08.22_16.00.00.jpg,2015-08-22T16:00:00Z,,,,,skipped_existing,destination JPEG already exists
2015/08/22/HMI.m2015.08.22_21.00.00.jpg,2015-08-22T21:00:00Z,,,,,skipped_existing,destination JPEG already exists
2015/08/23/HMI.m2015.08.23_03.00.00.jpg,2015-08-23T03:00:00Z,,,,,skipped_existing,destination JPEG already exists
2015/08/23/HMI.m2015.08.23_09.00.00.jpg,2015-08-23T09:00:00Z,,,,,skipped_existing,destination JPEG already exists
2015/08/23/HMI.m2015.08.23_15.00.00.jpg,2015-08-23T15:00:00Z,,,,,skipped_existing,destination JPEG already exists
2015/08/23/HMI.m2015.08.23_16.00.00.jpg,2015-08-23T16:00:00Z,,,,,skipped_existing,destination JPEG already exists
2015/08/23/HMI.m2015.08.23_19.00.00.jpg,2015-08-23T19:00:00Z,,,,,skipped_existing,destination JPEG already exists
2015/08/24/HMI.m2015.08.24_00.00.00.jpg,2015-08-24T00:00:00Z,,,,,skipped_existing,destination JPEG already exists
2015/08/24/HMI.m2015.08.24_04.00.00.jpg,2015-08-24T04:00:00Z,,,,,skipped_existing,destination JPEG already exists
2015/08/24/HMI.m2015.08.24_05.00.00.jpg,2015-08-24T05:00:00Z,,,,,skipped_existing,destination JPEG already exists
2015/08/24/HMI.m2015.08.24_08.00.00.jpg,2015-08-24T08:00:00Z,,,,,skipped_existing,destination JPEG already exists
2015/08/24/HMI.m2015.08.24_09.00.00.jpg,2015-08-24T09:00:00Z,,,,,skipped_existing,destination JPEG already exists
2015/08/24/HMI.m2015.08.24_10.00.00.jpg,2015-08-24T10:00:00Z,,,,,skipped_existing,destination JPEG already exists
2015/08/24/HMI.m2015.08.24_12.00.00.jpg,2015-08-24T12:00:00Z,,,,,skipped_existing,destination JPEG already exists
2015/08/24/HMI.m2015.08.24_17.00.00.jpg,2015-08-24T17:00:00Z,,,,,skipped_existing,destination JPEG already exists
2015/08/26/HMI.m2015.08.26_06.00.00.jpg,2015-08-26T06:00:00Z,,,,,skipped_existing,destination JPEG already exists
2015/08/26/HMI.m2015.08.26_11.00.00.jpg,2015-08-26T11:00:00Z,,,,,skipped_existing,destination JPEG already exists
2015/08/26/HMI.m2015.08.26_17.00.00.jpg,2015-08-26T17:00:00Z,,,,,skipped_existing,destination JPEG already exists
2015/08/26/HMI.m2015.08.26_18.00.00.jpg,2015-08-26T18:00:00Z,,,,,skipped_existing,destination JPEG already exists
2015/08/26/HMI.m2015.08.26_21.00.00.jpg,2015-08-26T21:00:00Z,,,,,skipped_existing,destination JPEG already exists
2015/08/27/HMI.m2015.08.27_03.00.00.jpg,2015-08-27T03:00:00Z,,,,,skipped_existing,destination JPEG already exists
2015/08/27/HMI.m2015.08.27_04.00.00.jpg,2015-08-27T04:00:00Z,,,,,skipped_existing,destination JPEG already exists
2015/08/27/HMI.m2015.08.27_14.00.00.jpg,2015-08-27T14:00:00Z,,,,,skipped_existing,destination JPEG already exists
2015/08/27/HMI.m2015.08.27_15.00.00.jpg,2015-08-27T15:00:00Z,,,,,skipped_existing,destination JPEG already exists
2015/08/27/HMI.m2015.08.27_16.00.00.jpg,2015-08-27T16:00:00Z,,,,,skipped_existing,destination JPEG already exists
2015/08/27/HMI.m2015.08.27_17.00.00.jpg,2015-08-27T17:00:00Z,,,,,skipped_existing,destination JPEG already exists
2015/08/27/HMI.m2015.08.27_21.00.00.jpg,2015-08-27T21:00:00Z,,,,,skipped_existing,destination JPEG already exists
2015/08/27/HMI.m2015.08.27_22.00.00.jpg,2015-08-27T22:00:00Z,,,,,skipped_existing,destination JPEG already exists
2015/08/28/HMI.m2015.08.28_04.00.00.jpg,2015-08-28T04:00:00Z,,,,,skipped_existing,destination JPEG already exists
2015/08/28/HMI.m2015.08.28_08.00.00.jpg,2015-08-28T08:00:00Z,,,,,skipped_existing,destination JPEG already exists
2015/08/28/HMI.m2015.08.28_09.00.00.jpg,2015-08-28T09:00:00Z,,,,,skipped_existing,destination JPEG already exists
2015/08/28/HMI.m2015.08.28_12.00.00.jpg,2015-08-28T12:00:00Z,,,,,skipped_existing,destination JPEG already exists
2015/08/28/HMI.m2015.08.28_13.00.00.jpg,2015-08-28T13:00:00Z,,,,,skipped_existing,destination JPEG already exists
2015/08/28/HMI.m2015.08.28_14.00.00.jpg,2015-08-28T14:00:00Z,,,,,skipped_existing,destination JPEG already exists
2015/08/28/HMI.m2015.08.28_16.00.00.jpg,2015-08-28T16:00:00Z,,,,,skipped_existing,destination JPEG already exists
2015/08/29/HMI.m2015.08.29_02.00.00.jpg,2015-08-29T02:00:00Z,,,,,skipped_existing,destination JPEG already exists
2015/08/29/HMI.m2015.08.29_03.00.00.jpg,2015-08-29T03:00:00Z,,,,,skipped_existing,destination JPEG already exists
2015/08/29/HMI.m2015.08.29_11.00.00.jpg,2015-08-29T11:00:00Z,,,,,skipped_existing,destination JPEG already exists
2015/08/29/HMI.m2015.08.29_12.00.00.jpg,2015-08-29T12:00:00Z,,,,,skipped_existing,destination JPEG already exists
2015/08/29/HMI.m2015.08.29_13.00.00.jpg,2015-08-29T13:00:00Z,,,,,skipped_existing,destination JPEG already exists
2015/08/29/HMI.m2015.08.29_15.00.00.jpg,2015-08-29T15:00:00Z,,,,,skipped_existing,destination JPEG already exists
2015/08/29/HMI.m2015.08.29_16.00.00.jpg,2015-08-29T16:00:00Z,,,,,skipped_existing,destination JPEG already exists
2015/08/29/HMI.m2015.08.29_17.00.00.jpg,2015-08-29T17:00:00Z,,,,,skipped_existing,destination JPEG already exists
2015/08/30/HMI.m2015.08.30_00.00.00.jpg,2015-08-30T00:00:00Z,,,,,skipped_existing,destination JPEG already exists
2015/08/30/HMI.m2015.08.30_02.00.00.jpg,2015-08-30T02:00:00Z,,,,,skipped_existing,destination JPEG already exists
2015/08/30/HMI.m2015.08.30_05.00.00.jpg,2015-08-30T05:00:00Z,,,,,skipped_existing,destination JPEG already exists
2015/09/01/HMI.m2015.09.01_00.00.00.jpg,2015-09-01T00:00:00Z,,,,,skipped_existing,destination JPEG already exists
2015/09/02/HMI.m2015.09.02_05.00.00.jpg,2015-09-02T05:00:00Z,,,,,skipped_existing,destination JPEG already exists
2015/09/02/HMI.m2015.09.02_06.00.00.jpg,2015-09-02T06:00:00Z,,,,,skipped_existing,destination JPEG already exists
2015/09/03/HMI.m2015.09.03_22.00.00.jpg,2015-09-03T22:00:00Z,,,,,skipped_existing,destination JPEG already exists
2015/09/04/HMI.m2015.09.04_17.00.00.jpg,2015-09-04T17:00:00Z,,,,,skipped_existing,destination JPEG already exists
2015/09/04/HMI.m2015.09.04_18.00.00.jpg,2015-09-04T18:00:00Z,,,,,skipped_existing,destination JPEG already exists
2015/09/04/HMI.m2015.09.04_19.00.00.jpg,2015-09-04T19:00:00Z,,,,,skipped_existing,destination JPEG already exists
2015/09/05/HMI.m2015.09.05_00.00.00.jpg,2015-09-05T00:00:00Z,,,,,skipped_existing,destination JPEG already exists
2015/09/06/HMI.m2015.09.06_14.00.00.jpg,2015-09-06T14:00:00Z,,,,,skipped_existing,destination JPEG already exists
2015/09/06/HMI.m2015.09.06_15.00.00.jpg,2015-09-06T15:00:00Z,,,,,skipped_existing,destination JPEG already exists
2015/09/07/HMI.m2015.09.07_14.00.00.jpg,2015-09-07T14:00:00Z,,,,,skipped_existing,destination JPEG already exists
2015/09/07/HMI.m2015.09.07_23.00.00.jpg,2015-09-07T23:00:00Z,,,,,skipped_existing,destination JPEG already exists
2015/09/08/HMI.m2015.09.08_03.00.00.jpg,2015-09-08T03:00:00Z,,,,,skipped_existing,destination JPEG already exists
2015/09/08/HMI.m2015.09.08_05.00.00.jpg,2015-09-08T05:00:00Z,,,,,skipped_existing,destination JPEG already exists
2015/09/08/HMI.m2015.09.08_17.00.00.jpg,2015-09-08T17:00:00Z,,,,,skipped_existing,destination JPEG already exists
2015/09/11/HMI.m2015.09.11_00.00.00.jpg,2015-09-11T00:00:00Z,,,,,skipped_existing,destination JPEG already exists
2015/09/11/HMI.m2015.09.11_15.00.00.jpg,2015-09-11T15:00:00Z,,,,,skipped_existing,destination JPEG already exists
2015/09/11/HMI.m2015.09.11_22.00.00.jpg,2015-09-11T22:00:00Z,,,,,skipped_existing,destination JPEG already exists
2015/09/12/HMI.m2015.09.12_09.00.00.jpg,2015-09-12T09:00:00Z,,,,,skipped_existing,destination JPEG already exists
2015/09/12/HMI.m2015.09.12_11.00.00.jpg,2015-09-12T11:00:00Z,,,,,skipped_existing,destination JPEG already exists
2015/09/12/HMI.m2015.09.12_17.00.00.jpg,2015-09-12T17:00:00Z,,,,,skipped_existing,destination JPEG already exists
2015/09/12/HMI.m2015.09.12_18.00.00.jpg,2015-09-12T18:00:00Z,,,,,skipped_existing,destination JPEG already exists
2015/09/13/HMI.m2015.09.13_23.00.00.jpg,2015-09-13T23:00:00Z,,,,,skipped_existing,destination JPEG already exists
2015/09/14/HMI.m2015.09.14_05.00.00.jpg,2015-09-14T05:00:00Z,,,,,skipped_existing,destination JPEG already exists
2015/09/14/HMI.m2015.09.14_13.00.00.jpg,2015-09-14T13:00:00Z,,,,,skipped_existing,destination JPEG already exists
2015/09/14/HMI.m2015.09.14_20.00.00.jpg,2015-09-14T20:00:00Z,,,,,skipped_existing,destination JPEG already exists
2015/09/15/HMI.m2015.09.15_05.00.00.jpg,2015-09-15T05:00:00Z,,,,,skipped_existing,destination JPEG already exists
2015/09/15/HMI.m2015.09.15_18.00.00.jpg,2015-09-15T18:00:00Z,,,,,skipped_existing,destination JPEG already exists
2015/09/16/HMI.m2015.09.16_10.00.00.jpg,2015-09-16T10:00:00Z,,,,,skipped_existing,destination JPEG already exists
2015/09/16/HMI.m2015.09.16_12.00.00.jpg,2015-09-16T12:00:00Z,,,,,skipped_existing,destination JPEG already exists
2015/09/16/HMI.m2015.09.16_13.00.00.jpg,2015-09-16T13:00:00Z,,,,,skipped_existing,destination JPEG already exists
2015/09/16/HMI.m2015.09.16_16.00.00.jpg,2015-09-16T16:00:00Z,,,,,skipped_existing,destination JPEG already exists
2015/09/16/HMI.m2015.09.16_17.00.00.jpg,2015-09-16T17:00:00Z,,,,,skipped_existing,destination JPEG already exists
2015/09/16/HMI.m2015.09.16_20.00.00.jpg,2015-09-16T20:00:00Z,,,,,skipped_existing,destination JPEG already exists
2015/09/16/HMI.m2015.09.16_22.00.00.jpg,2015-09-16T22:00:00Z,,,,,skipped_existing,destination JPEG already exists
2015/09/16/HMI.m2015.09.16_23.00.00.jpg,2015-09-16T23:00:00Z,,,,,skipped_existing,destination JPEG already exists
2015/09/17/HMI.m2015.09.17_00.00.00.jpg,2015-09-17T00:00:00Z,,,,,skipped_existing,destination JPEG already exists
2015/09/17/HMI.m2015.09.17_02.00.00.jpg,2015-09-17T02:00:00Z,,,,,skipped_existing,destination JPEG already exists
2015/09/17/HMI.m2015.09.17_04.00.00.jpg,2015-09-17T04:00:00Z,,,,,skipped_existing,destination JPEG already exists
2015/09/17/HMI.m2015.09.17_08.00.00.jpg,2015-09-17T08:00:00Z,,,,,skipped_existing,destination JPEG already exists
2015/09/17/HMI.m2015.09.17_09.00.00.jpg,2015-09-17T09:00:00Z,,,,,skipped_existing,destination JPEG already exists
2015/09/17/HMI.m2015.09.17_15.00.00.jpg,2015-09-17T15:00:00Z,,,,,skipped_existing,destination JPEG already exists
2015/09/17/HMI.m2015.09.17_22.00.00.jpg,2015-09-17T22:00:00Z,,,,,skipped_existing,destination JPEG already exists
2015/09/18/HMI.m2015.09.18_02.00.00.jpg,2015-09-18T02:00:00Z,,,,,skipped_existing,destination JPEG already exists
2015/09/18/HMI.m2015.09.18_23.00.00.jpg,2015-09-18T23:00:00Z,,,,,skipped_existing,destination JPEG already exists
2015/09/19/HMI.m2015.09.19_08.00.00.jpg,2015-09-19T08:00:00Z,,,,,skipped_existing,destination JPEG already exists
2015/09/19/HMI.m2015.09.19_14.00.00.jpg,2015-09-19T14:00:00Z,,,,,skipped_existing,destination JPEG already exists
2015/09/19/HMI.m2015.09.19_15.00.00.jpg,2015-09-19T15:00:00Z,,,,,skipped_existing,destination JPEG already exists
2015/09/19/HMI.m2015.09.19_17.00.00.jpg,2015-09-19T17:00:00Z,,,,,skipped_existing,destination JPEG already exists
2015/09/19/HMI.m2015.09.19_20.00.00.jpg,2015-09-19T20:00:00Z,,,,,skipped_existing,destination JPEG already exists
2015/09/19/HMI.m2015.09.19_23.00.00.jpg,2015-09-19T23:00:00Z,,,,,skipped_existing,destination JPEG already exists
2015/09/20/HMI.m2015.09.20_01.00.00.jpg,2015-09-20T01:00:00Z,,,,,skipped_existing,destination JPEG already exists
2015/09/20/HMI.m2015.09.20_02.00.00.jpg,2015-09-20T02:00:00Z,,,,,skipped_existing,destination JPEG already exists
2015/09/20/HMI.m2015.09.20_04.00.00.jpg,2015-09-20T04:00:00Z,,,,,skipped_existing,destination JPEG already exists
2015/09/20/HMI.m2015.09.20_08.00.00.jpg,2015-09-20T08:00:00Z,,,,,skipped_existing,destination JPEG already exists
2015/09/20/HMI.m2015.09.20_09.00.00.jpg,2015-09-20T09:00:00Z,,,,,skipped_existing,destination JPEG already exists
2015/09/20/HMI.m2015.09.20_14.00.00.jpg,2015-09-20T14:00:00Z,,,,,skipped_existing,destination JPEG already exists
2015/09/20/HMI.m2015.09.20_17.00.00.jpg,2015-09-20T17:00:00Z,,,,,skipped_existing,destination JPEG already exists
2015/09/20/HMI.m2015.09.20_19.00.00.jpg,2015-09-20T19:00:00Z,,,,,skipped_existing,destination JPEG already exists
2015/09/21/HMI.m2015.09.21_06.00.00.jpg,2015-09-21T06:00:00Z,,,,,skipped_existing,destination JPEG already exists
2015/09/21/HMI.m2015.09.21_15.00.00.jpg,2015-09-21T15:00:00Z,,,,,skipped_existing,destination JPEG already exists
2015/09/21/HMI.m2015.09.21_22.00.00.jpg,2015-09-21T22:00:00Z,,,,,skipped_existing,destination JPEG already exists
2015/09/22/HMI.m2015.09.22_14.00.00.jpg,2015-09-22T14:00:00Z,,,,,skipped_existing,destination JPEG already exists
2015/09/23/HMI.m2015.09.23_02.00.00.jpg,2015-09-23T02:00:00Z,,,,,skipped_existing,destination JPEG already exists
2015/09/23/HMI.m2015.09.23_19.00.00.jpg,2015-09-23T19:00:00Z,,,,,skipped_existing,destination JPEG already exists
2015/09/23/HMI.m2015.09.23_23.00.00.jpg,2015-09-23T23:00:00Z,,,,,skipped_existing,destination JPEG already exists
2015/09/25/HMI.m2015.09.25_08.00.00.jpg,2015-09-25T08:00:00Z,,,,,skipped_existing,destination JPEG already exists
2015/09/25/HMI.m2015.09.25_15.00.00.jpg,2015-09-25T15:00:00Z,,,,,skipped_existing,destination JPEG already exists
2015/09/26/HMI.m2015.09.26_11.00.00.jpg,2015-09-26T11:00:00Z,,,,,skipped_existing,destination JPEG already exists
2015/09/26/HMI.m2015.09.26_14.00.00.jpg,2015-09-26T14:00:00Z,,,,,skipped_existing,destination JPEG already exists
2015/09/26/HMI.m2015.09.26_16.00.00.jpg,2015-09-26T16:00:00Z,,,,,skipped_existing,destination JPEG already exists
2015/09/26/HMI.m2015.09.26_17.00.00.jpg,2015-09-26T17:00:00Z,,,,,skipped_existing,destination JPEG already exists
2015/09/26/HMI.m2015.09.26_18.00.00.jpg,2015-09-26T18:00:00Z,,,,,skipped_existing,destination JPEG already exists
2015/09/26/HMI.m2015.09.26_21.00.00.jpg,2015-09-26T21:00:00Z,,,,,skipped_existing,destination JPEG already exists
2015/09/26/HMI.m2015.09.26_23.00.00.jpg,2015-09-26T23:00:00Z,,,,,skipped_existing,destination JPEG already exists
2015/09/27/HMI.m2015.09.27_01.00.00.jpg,2015-09-27T01:00:00Z,,,,,skipped_existing,destination JPEG already exists
2015/09/27/HMI.m2015.09.27_02.00.00.jpg,2015-09-27T02:00:00Z,,,,,skipped_existing,destination JPEG already exists
2015/09/27/HMI.m2015.09.27_03.00.00.jpg,2015-09-27T03:00:00Z,,,,,skipped_existing,destination JPEG already exists
2015/09/27/HMI.m2015.09.27_08.00.00.jpg,2015-09-27T08:00:00Z,,,,,skipped_existing,destination JPEG already exists
2015/09/27/HMI.m2015.09.27_09.00.00.jpg,2015-09-27T09:00:00Z,,,,,skipped_existing,destination JPEG already exists
2015/09/27/HMI.m2015.09.27_14.00.00.jpg,2015-09-27T14:00:00Z,,,,,skipped_existing,destination JPEG already exists
2015/09/27/HMI.m2015.09.27_16.00.00.jpg,2015-09-27T16:00:00Z,,,,,skipped_existing,destination JPEG already exists
2015/09/27/HMI.m2015.09.27_17.00.00.jpg,2015-09-27T17:00:00Z,,,,,skipped_existing,destination JPEG already exists
2015/09/27/HMI.m2015.09.27_18.00.00.jpg,2015-09-27T18:00:00Z,,,,,skipped_existing,destination JPEG already exists
2015/09/27/HMI.m2015.09.27_20.00.00.jpg,2015-09-27T20:00:00Z,,,,,skipped_existing,destination JPEG already exists
2015/09/27/HMI.m2015.09.27_21.00.00.jpg,2015-09-27T21:00:00Z,,,,,skipped_existing,destination JPEG already exists
2015/09/27/HMI.m2015.09.27_22.00.00.jpg,2015-09-27T22:00:00Z,,,,,skipped_existing,destination JPEG already exists
2015/09/28/HMI.m2015.09.28_00.00.00.jpg,2015-09-28T00:00:00Z,,,,,skipped_existing,destination JPEG already exists
2015/09/28/HMI.m2015.09.28_03.00.00.jpg,2015-09-28T03:00:00Z,,,,,skipped_existing,destination JPEG already exists
2015/09/28/HMI.m2015.09.28_04.00.00.jpg,2015-09-28T04:00:00Z,,,,,skipped_existing,destination JPEG already exists
2015/09/28/HMI.m2015.09.28_05.00.00.jpg,2015-09-28T05:00:00Z,,,,,skipped_existing,destination JPEG already exists
2015/09/28/HMI.m2015.09.28_10.00.00.jpg,2015-09-28T10:00:00Z,,,,,skipped_existing,destination JPEG already exists
2015/09/28/HMI.m2015.09.28_12.00.00.jpg,2015-09-28T12:00:00Z,,,,,skipped_existing,destination JPEG already exists
2015/09/28/HMI.m2015.09.28_16.00.00.jpg,2015-09-28T16:00:00Z,,,,,skipped_existing,destination JPEG already exists
2015/09/28/HMI.m2015.09.28_17.00.00.jpg,2015-09-28T17:00:00Z,,,,,skipped_existing,destination JPEG already exists
2015/09/28/HMI.m2015.09.28_22.00.00.jpg,2015-09-28T22:00:00Z,,,,,skipped_existing,destination JPEG already exists
2015/09/29/HMI.m2015.09.29_03.00.00.jpg,2015-09-29T03:00:00Z,,,,,skipped_existing,destination JPEG already exists
2015/09/29/HMI.m2015.09.29_04.00.00.jpg,2015-09-29T04:00:00Z,,,,,skipped_existing,destination JPEG already exists
2015/09/29/HMI.m2015.09.29_07.00.00.jpg,2015-09-29T07:00:00Z,,,,,skipped_existing,destination JPEG already exists
2015/09/29/HMI.m2015.09.29_10.00.00.jpg,2015-09-29T10:00:00Z,,,,,skipped_existing,destination JPEG already exists
2015/09/29/HMI.m2015.09.29_11.00.00.jpg,2015-09-29T11:00:00Z,,,,,skipped_existing,destination JPEG already exists
2015/09/29/HMI.m2015.09.29_14.00.00.jpg,2015-09-29T14:00:00Z,,,,,skipped_existing,destination JPEG already exists
2015/09/29/HMI.m2015.09.29_15.00.00.jpg,2015-09-29T15:00:00Z,,,,,skipped_existing,destination JPEG already exists
2015/09/29/HMI.m2015.09.29_16.00.00.jpg,2015-09-29T16:00:00Z,,,,,skipped_existing,destination JPEG already exists
2015/09/29/HMI.m2015.09.29_17.00.00.jpg,2015-09-29T17:00:00Z,,,,,skipped_existing,destination JPEG already exists
2015/09/29/HMI.m2015.09.29_18.00.00.jpg,2015-09-29T18:00:00Z,,,,,skipped_existing,destination JPEG already exists
2015/09/29/HMI.m2015.09.29_21.00.00.jpg,2015-09-29T21:00:00Z,,,,,skipped_existing,destination JPEG already exists
2015/09/29/HMI.m2015.09.29_22.00.00.jpg,2015-09-29T22:00:00Z,,,,,skipped_existing,destination JPEG already exists
2015/09/30/HMI.m2015.09.30_00.00.00.jpg,2015-09-30T00:00:00Z,,,,,skipped_existing,destination JPEG already exists
2015/09/30/HMI.m2015.09.30_01.00.00.jpg,2015-09-30T01:00:00Z,,,,,skipped_existing,destination JPEG already exists
2015/09/30/HMI.m2015.09.30_04.00.00.jpg,2015-09-30T04:00:00Z,,,,,skipped_existing,destination JPEG already exists
2015/09/30/HMI.m2015.09.30_05.00.00.jpg,2015-09-30T05:00:00Z,,,,,skipped_existing,destination JPEG already exists
2015/09/30/HMI.m2015.09.30_08.00.00.jpg,2015-09-30T08:00:00Z,,,,,skipped_existing,destination JPEG already exists
2015/09/30/HMI.m2015.09.30_10.00.00.jpg,2015-09-30T10:00:00Z,,,,,skipped_existing,destination JPEG already exists
2015/09/30/HMI.m2015.09.30_11.00.00.jpg,2015-09-30T11:00:00Z,,,,,skipped_existing,destination JPEG already exists
2015/09/30/HMI.m2015.09.30_12.00.00.jpg,2015-09-30T12:00:00Z,,,,,skipped_existing,destination JPEG already exists
2015/09/30/HMI.m2015.09.30_14.00.00.jpg,2015-09-30T14:00:00Z,,,,,skipped_existing,destination JPEG already exists
2015/09/30/HMI.m2015.09.30_18.00.00.jpg,2015-09-30T18:00:00Z,,,,,skipped_existing,destination JPEG already exists
2015/09/30/HMI.m2015.09.30_20.00.00.jpg,2015-09-30T20:00:00Z,,,,,skipped_existing,destination JPEG already exists
2015/09/30/HMI.m2015.09.30_23.00.00.jpg,2015-09-30T23:00:00Z,,,,,skipped_existing,destination JPEG already exists
2015/10/01/HMI.m2015.10.01_00.00.00.jpg,2015-10-01T00:00:00Z,,,,,skipped_existing,destination JPEG already exists
2015/10/01/HMI.m2015.10.01_02.00.00.jpg,2015-10-01T02:00:00Z,,,,,skipped_existing,destination JPEG already exists
2015/10/01/HMI.m2015.10.01_04.00.00.jpg,2015-10-01T04:00:00Z,,,,,skipped_existing,destination JPEG already exists
2015/10/01/HMI.m2015.10.01_06.00.00.jpg,2015-10-01T06:00:00Z,,,,,skipped_existing,destination JPEG already exists
2015/10/01/HMI.m2015.10.01_08.00.00.jpg,2015-10-01T08:00:00Z,,,,,skipped_existing,destination JPEG already exists
2015/10/01/HMI.m2015.10.01_09.00.00.jpg,2015-10-01T09:00:00Z,,,,,skipped_existing,destination JPEG already exists
2015/10/01/HMI.m2015.10.01_10.00.00.jpg,2015-10-01T10:00:00Z,,,,,skipped_existing,destination JPEG already exists
2015/10/01/HMI.m2015.10.01_11.00.00.jpg,2015-10-01T11:00:00Z,,,,,skipped_existing,destination JPEG already exists
2015/10/01/HMI.m2015.10.01_13.00.00.jpg,2015-10-01T13:00:00Z,,,,,skipped_existing,destination JPEG already exists
2015/10/01/HMI.m2015.10.01_14.00.00.jpg,2015-10-01T14:00:00Z,,,,,skipped_existing,destination JPEG already exists
2015/10/01/HMI.m2015.10.01_15.00.00.jpg,2015-10-01T15:00:00Z,,,,,skipped_existing,destination JPEG already exists
2015/10/02/HMI.m2015.10.02_12.00.00.jpg,2015-10-02T12:00:00Z,,,,,skipped_existing,destination JPEG already exists
2015/10/02/HMI.m2015.10.02_14.00.00.jpg,2015-10-02T14:00:00Z,,,,,skipped_existing,destination JPEG already exists
2015/10/02/HMI.m2015.10.02_17.00.00.jpg,2015-10-02T17:00:00Z,,,,,skipped_existing,destination JPEG already exists
2015/10/02/HMI.m2015.10.02_23.00.00.jpg,2015-10-02T23:00:00Z,,,,,skipped_existing,destination JPEG already exists
2015/10/03/HMI.m2015.10.03_03.00.00.jpg,2015-10-03T03:00:00Z,,,,,skipped_existing,destination JPEG already exists
2015/10/03/HMI.m2015.10.03_04.00.00.jpg,2015-10-03T04:00:00Z,,,,,skipped_existing,destination JPEG already exists
2015/10/03/HMI.m2015.10.03_06.00.00.jpg,2015-10-03T06:00:00Z,,,,,skipped_existing,destination JPEG already exists
2015/10/03/HMI.m2015.10.03_10.00.00.jpg,2015-10-03T10:00:00Z,,,,,skipped_existing,destination JPEG already exists
2015/10/03/HMI.m2015.10.03_11.00.00.jpg,2015-10-03T11:00:00Z,,,,,skipped_existing,destination JPEG already exists
2015/10/03/HMI.m2015.10.03_13.00.00.jpg,2015-10-03T13:00:00Z,,,,,skipped_existing,destination JPEG already exists
2015/10/03/HMI.m2015.10.03_16.00.00.jpg,2015-10-03T16:00:00Z,,,,,skipped_existing,destination JPEG already exists
2015/10/03/HMI.m2015.10.03_19.00.00.jpg,2015-10-03T19:00:00Z,,,,,skipped_existing,destination JPEG already exists
2015/10/04/HMI.m2015.10.04_01.00.00.jpg,2015-10-04T01:00:00Z,,,,,skipped_existing,destination JPEG already exists
2015/10/06/HMI.m2015.10.06_03.00.00.jpg,2015-10-06T03:00:00Z,,,,,skipped_existing,destination JPEG already exists
2015/10/07/HMI.m2015.10.07_17.00.00.jpg,2015-10-07T17:00:00Z,,,,,skipped_existing,destination JPEG already exists
2015/10/10/HMI.m2015.10.10_03.00.00.jpg,2015-10-10T03:00:00Z,,,,,skipped_existing,destination JPEG already exists
2015/10/11/HMI.m2015.10.11_04.00.00.jpg,2015-10-11T04:00:00Z,,,,,skipped_existing,destination JPEG already exists
2015/10/11/HMI.m2015.10.11_06.00.00.jpg,2015-10-11T06:00:00Z,,,,,skipped_existing,destination JPEG already exists
2015/10/11/HMI.m2015.10.11_12.00.00.jpg,2015-10-11T12:00:00Z,,,,,skipped_existing,destination JPEG already exists
2015/10/12/HMI.m2015.10.12_20.00.00.jpg,2015-10-12T20:00:00Z,,,,,skipped_existing,destination JPEG already exists
2015/10/14/HMI.m2015.10.14_18.00.00.jpg,2015-10-14T18:00:00Z,,,,,skipped_existing,destination JPEG already exists
2015/10/15/HMI.m2015.10.15_00.00.00.jpg,2015-10-15T00:00:00Z,,,,,skipped_existing,destination JPEG already exists
2015/10/15/HMI.m2015.10.15_02.00.00.jpg,2015-10-15T02:00:00Z,,,,,skipped_existing,destination JPEG already exists
2015/10/15/HMI.m2015.10.15_05.00.00.jpg,2015-10-15T05:00:00Z,,,,,skipped_existing,destination JPEG already exists
2015/10/15/HMI.m2015.10.15_06.00.00.jpg,2015-10-15T06:00:00Z,,,,,skipped_existing,destination JPEG already exists
2015/10/15/HMI.m2015.10.15_07.00.00.jpg,2015-10-15T07:00:00Z,,,,,skipped_existing,destination JPEG already exists
2015/10/15/HMI.m2015.10.15_08.00.00.jpg,2015-10-15T08:00:00Z,,,,,skipped_existing,destination JPEG already exists
2015/10/15/HMI.m2015.10.15_12.00.00.jpg,2015-10-15T12:00:00Z,,,,,skipped_existing,destination JPEG already exists
2015/10/15/HMI.m2015.10.15_14.00.00.jpg,2015-10-15T14:00:00Z,,,,,skipped_existing,destination JPEG already exists
2015/10/15/HMI.m2015.10.15_15.00.00.jpg,2015-10-15T15:00:00Z,,,,,skipped_existing,destination JPEG already exists
2015/10/15/HMI.m2015.10.15_16.00.00.jpg,2015-10-15T16:00:00Z,,,,,skipped_existing,destination JPEG already exists
2015/10/16/HMI.m2015.10.16_00.00.00.jpg,2015-10-16T00:00:00Z,,,,,skipped_existing,destination JPEG already exists
2015/10/16/HMI.m2015.10.16_01.00.00.jpg,2015-10-16T01:00:00Z,,,,,skipped_existing,destination JPEG already exists
2015/10/16/HMI.m2015.10.16_02.00.00.jpg,2015-10-16T02:00:00Z,,,,,skipped_existing,destination JPEG already exists
2015/10/16/HMI.m2015.10.16_03.00.00.jpg,2015-10-16T03:00:00Z,,,,,skipped_existing,destination JPEG already exists
2015/10/16/HMI.m2015.10.16_05.00.00.jpg,2015-10-16T05:00:00Z,,,,,skipped_existing,destination JPEG already exists
2015/10/16/HMI.m2015.10.16_21.00.00.jpg,2015-10-16T21:00:00Z,,,,,skipped_existing,destination JPEG already exists
2015/10/16/HMI.m2015.10.16_22.00.00.jpg,2015-10-16T22:00:00Z,,,,,skipped_existing,destination JPEG already exists
2015/10/17/HMI.m2015.10.17_06.00.00.jpg,2015-10-17T06:00:00Z,,,,,skipped_existing,destination JPEG already exists
2015/10/17/HMI.m2015.10.17_09.00.00.jpg,2015-10-17T09:00:00Z,,,,,skipped_existing,destination JPEG already exists
2015/10/17/HMI.m2015.10.17_14.00.00.jpg,2015-10-17T14:00:00Z,,,,,skipped_existing,destination JPEG already exists
2015/10/17/HMI.m2015.10.17_16.00.00.jpg,2015-10-17T16:00:00Z,,,,,skipped_existing,destination JPEG already exists
2015/10/17/HMI.m2015.10.17_18.00.00.jpg,2015-10-17T18:00:00Z,,,,,skipped_existing,destination JPEG already exists
2015/10/18/HMI.m2015.10.18_15.00.00.jpg,2015-10-18T15:00:00Z,,,,,skipped_existing,destination JPEG already exists
2015/10/22/HMI.m2015.10.22_18.00.00.jpg,2015-10-22T18:00:00Z,,,,,skipped_existing,destination JPEG already exists
2015/10/23/HMI.m2015.10.23_03.00.00.jpg,2015-10-23T03:00:00Z,,,,,skipped_existing,destination JPEG already exists
2015/10/23/HMI.m2015.10.23_08.00.00.jpg,2015-10-23T08:00:00Z,,,,,skipped_existing,destination JPEG already exists
2015/10/23/HMI.m2015.10.23_21.00.00.jpg,2015-10-23T21:00:00Z,,,,,skipped_existing,destination JPEG already exists
2015/10/24/HMI.m2015.10.24_09.00.00.jpg,2015-10-24T09:00:00Z,,,,,skipped_existing,destination JPEG already exists
2015/10/24/HMI.m2015.10.24_17.00.00.jpg,2015-10-24T17:00:00Z,,,,,skipped_existing,destination JPEG already exists
2015/10/25/HMI.m2015.10.25_03.00.00.jpg,2015-10-25T03:00:00Z,,,,,skipped_existing,destination JPEG already exists
2015/10/25/HMI.m2015.10.25_05.00.00.jpg,2015-10-25T05:00:00Z,,,,,skipped_existing,destination JPEG already exists
2015/10/26/HMI.m2015.10.26_05.00.00.jpg,2015-10-26T05:00:00Z,,,,,skipped_existing,destination JPEG already exists
2015/10/26/HMI.m2015.10.26_08.00.00.jpg,2015-10-26T08:00:00Z,,,,,skipped_existing,destination JPEG already exists
2015/10/27/HMI.m2015.10.27_18.00.00.jpg,2015-10-27T18:00:00Z,,,,,skipped_existing,destination JPEG already exists
2015/10/28/HMI.m2015.10.28_09.00.00.jpg,2015-10-28T09:00:00Z,,,,,skipped_existing,destination JPEG already exists
2015/10/30/HMI.m2015.10.30_10.00.00.jpg,2015-10-30T10:00:00Z,,,,,skipped_existing,destination JPEG already exists
2015/10/30/HMI.m2015.10.30_22.00.00.jpg,2015-10-30T22:00:00Z,,,,,skipped_existing,destination JPEG already exists
2015/10/30/HMI.m2015.10.30_23.00.00.jpg,2015-10-30T23:00:00Z,,,,,skipped_existing,destination JPEG already exists
2015/10/31/HMI.m2015.10.31_02.00.00.jpg,2015-10-31T02:00:00Z,,,,,skipped_existing,destination JPEG already exists
2015/10/31/HMI.m2015.10.31_03.00.00.jpg,2015-10-31T03:00:00Z,,,,,skipped_existing,destination JPEG already exists
2015/10/31/HMI.m2015.10.31_05.00.00.jpg,2015-10-31T05:00:00Z,,,,,skipped_existing,destination JPEG already exists
2015/10/31/HMI.m2015.10.31_09.00.00.jpg,2015-10-31T09:00:00Z,,,,,skipped_existing,destination JPEG already exists
2015/10/31/HMI.m2015.10.31_10.00.00.jpg,2015-10-31T10:00:00Z,,,,,skipped_existing,destination JPEG already exists
2015/10/31/HMI.m2015.10.31_12.00.00.jpg,2015-10-31T12:00:00Z,,,,,skipped_existing,destination JPEG already exists
2015/10/31/HMI.m2015.10.31_13.00.00.jpg,2015-10-31T13:00:00Z,,,,,skipped_existing,destination JPEG already exists
2015/10/31/HMI.m2015.10.31_16.00.00.jpg,2015-10-31T16:00:00Z,,,,,skipped_existing,destination JPEG already exists
2015/10/31/HMI.m2015.10.31_17.00.00.jpg,2015-10-31T17:00:00Z,,,,,skipped_existing,destination JPEG already exists
2015/11/02/HMI.m2015.11.02_01.00.00.jpg,2015-11-02T01:00:00Z,,,,,skipped_existing,destination JPEG already exists
2015/11/03/HMI.m2015.11.03_05.00.00.jpg,2015-11-03T05:00:00Z,,,,,skipped_existing,destination JPEG already exists
2015/11/03/HMI.m2015.11.03_09.00.00.jpg,2015-11-03T09:00:00Z,,,,,skipped_existing,destination JPEG already exists
2015/11/03/HMI.m2015.11.03_10.00.00.jpg,2015-11-03T10:00:00Z,,,,,skipped_existing,destination JPEG already exists
2015/11/03/HMI.m2015.11.03_12.00.00.jpg,2015-11-03T12:00:00Z,,,,,skipped_existing,destination JPEG already exists
2015/11/03/HMI.m2015.11.03_13.00.00.jpg,2015-11-03T13:00:00Z,,,,,skipped_existing,destination JPEG already exists
2015/11/03/HMI.m2015.11.03_15.00.00.jpg,2015-11-03T15:00:00Z,,,,,skipped_existing,destination JPEG already exists
2015/11/03/HMI.m2015.11.03_16.00.00.jpg,2015-11-03T16:00:00Z,,,,,skipped_existing,destination JPEG already exists
2015/11/03/HMI.m2015.11.03_18.00.00.jpg,2015-11-03T18:00:00Z,,,,,skipped_existing,destination JPEG already exists
2015/11/03/HMI.m2015.11.03_20.00.00.jpg,2015-11-03T20:00:00Z,,,,,skipped_existing,destination JPEG already exists
2015/11/04/HMI.m2015.11.04_00.00.00.jpg,2015-11-04T00:00:00Z,,,,,skipped_existing,destination JPEG already exists
2015/11/04/HMI.m2015.11.04_03.00.00.jpg,2015-11-04T03:00:00Z,,,,,skipped_existing,destination JPEG already exists
2015/11/04/HMI.m2015.11.04_05.00.00.jpg,2015-11-04T05:00:00Z,,,,,skipped_existing,destination JPEG already exists
2015/11/04/HMI.m2015.11.04_08.00.00.jpg,2015-11-04T08:00:00Z,,,,,skipped_existing,destination JPEG already exists
2015/11/04/HMI.m2015.11.04_09.00.00.jpg,2015-11-04T09:00:00Z,,,,,skipped_existing,destination JPEG already exists
2015/11/04/HMI.m2015.11.04_10.00.00.jpg,2015-11-04T10:00:00Z,,,,,skipped_existing,destination JPEG already exists
2015/11/07/HMI.m2015.11.07_00.00.00.jpg,2015-11-07T00:00:00Z,,,,,skipped_existing,destination JPEG already exists
2015/11/07/HMI.m2015.11.07_20.00.00.jpg,2015-11-07T20:00:00Z,,,,,skipped_existing,destination JPEG already exists
2015/11/08/HMI.m2015.11.08_13.00.00.jpg,2015-11-08T13:00:00Z,,,,,skipped_existing,destination JPEG already exists
2015/11/08/HMI.m2015.11.08_21.00.00.jpg,2015-11-08T21:00:00Z,,,,,skipped_existing,destination JPEG already exists
2015/11/08/HMI.m2015.11.08_22.00.00.jpg,2015-11-08T22:00:00Z,,,,,skipped_existing,destination JPEG already exists
2015/11/09/HMI.m2015.11.09_03.00.00.jpg,2015-11-09T03:00:00Z,,,,,skipped_existing,destination JPEG already exists
2015/11/09/HMI.m2015.11.09_08.00.00.jpg,2015-11-09T08:00:00Z,,,,,skipped_existing,destination JPEG already exists
2015/11/09/HMI.m2015.11.09_09.00.00.jpg,2015-11-09T09:00:00Z,,,,,skipped_existing,destination JPEG already exists
2015/11/09/HMI.m2015.11.09_14.00.00.jpg,2015-11-09T14:00:00Z,,,,,skipped_existing,destination JPEG already exists
2015/11/10/HMI.m2015.11.10_08.00.00.jpg,2015-11-10T08:00:00Z,,,,,skipped_existing,destination JPEG already exists
2015/11/10/HMI.m2015.11.10_16.00.00.jpg,2015-11-10T16:00:00Z,,,,,skipped_existing,destination JPEG already exists
2015/11/11/HMI.m2015.11.11_01.00.00.jpg,2015-11-11T01:00:00Z,,,,,skipped_existing,destination JPEG already exists
2015/11/14/HMI.m2015.11.14_14.00.00.jpg,2015-11-14T14:00:00Z,,,,,skipped_existing,destination JPEG already exists
2015/11/14/HMI.m2015.11.14_22.00.00.jpg,2015-11-14T22:00:00Z,,,,,skipped_existing,destination JPEG already exists
2015/11/16/HMI.m2015.11.16_09.00.00.jpg,2015-11-16T09:00:00Z,,,,,skipped_existing,destination JPEG already exists
2015/11/21/HMI.m2015.11.21_12.00.00.jpg,2015-11-21T12:00:00Z,,,,,skipped_existing,destination JPEG already exists
2015/11/23/HMI.m2015.11.23_07.00.00.jpg,2015-11-23T07:00:00Z,,,,,skipped_existing,destination JPEG already exists
2015/11/23/HMI.m2015.11.23_11.00.00.jpg,2015-11-23T11:00:00Z,,,,,skipped_existing,destination JPEG already exists
2015/11/24/HMI.m2015.11.24_03.00.00.jpg,2015-11-24T03:00:00Z,,,,,skipped_existing,destination JPEG already exists
2015/11/24/HMI.m2015.11.24_10.00.00.jpg,2015-11-24T10:00:00Z,,,,,skipped_existing,destination JPEG already exists
2015/11/24/HMI.m2015.11.24_12.00.00.jpg,2015-11-24T12:00:00Z,,,,,skipped_existing,destination JPEG already exists
2015/11/24/HMI.m2015.11.24_16.00.00.jpg,2015-11-24T16:00:00Z,,,,,skipped_existing,destination JPEG already exists
2015/11/25/HMI.m2015.11.25_00.00.00.jpg,2015-11-25T00:00:00Z,,,,,skipped_existing,destination JPEG already exists
2015/11/27/HMI.m2015.11.27_02.00.00.jpg,2015-11-27T02:00:00Z,,,,,skipped_existing,destination JPEG already exists
2015/11/27/HMI.m2015.11.27_05.00.00.jpg,2015-11-27T05:00:00Z,,,,,skipped_existing,destination JPEG already exists
2015/11/27/HMI.m2015.11.27_19.00.00.jpg,2015-11-27T19:00:00Z,,,,,skipped_existing,destination JPEG already exists
2015/11/28/HMI.m2015.11.28_08.00.00.jpg,2015-11-28T08:00:00Z,,,,,skipped_existing,destination JPEG already exists
2015/11/28/HMI.m2015.11.28_20.00.00.jpg,2015-11-28T20:00:00Z,,,,,skipped_existing,destination JPEG already exists
2015/11/29/HMI.m2015.11.29_14.00.00.jpg,2015-11-29T14:00:00Z,,,,,skipped_existing,destination JPEG already exists
2015/12/01/HMI.m2015.12.01_19.00.00.jpg,2015-12-01T19:00:00Z,,,,,skipped_existing,destination JPEG already exists
2015/12/02/HMI.m2015.12.02_09.00.00.jpg,2015-12-02T09:00:00Z,,,,,skipped_existing,destination JPEG already exists
2015/12/03/HMI.m2015.12.03_05.00.00.jpg,2015-12-03T05:00:00Z,,,,,skipped_existing,destination JPEG already exists
2015/12/05/HMI.m2015.12.05_03.00.00.jpg,2015-12-05T03:00:00Z,,,,,skipped_existing,destination JPEG already exists
2015/12/05/HMI.m2015.12.05_04.00.00.jpg,2015-12-05T04:00:00Z,,,,,skipped_existing,destination JPEG already exists
2015/12/08/HMI.m2015.12.08_06.00.00.jpg,2015-12-08T06:00:00Z,,,,,skipped_existing,destination JPEG already exists
2015/12/08/HMI.m2015.12.08_21.00.00.jpg,2015-12-08T21:00:00Z,,,,,skipped_existing,destination JPEG already exists
2015/12/09/HMI.m2015.12.09_04.00.00.jpg,2015-12-09T04:00:00Z,,,,,skipped_existing,destination JPEG already exists
2015/12/09/HMI.m2015.12.09_14.00.00.jpg,2015-12-09T14:00:00Z,,,,,skipped_existing,destination JPEG already exists
2015/12/11/HMI.m2015.12.11_10.00.00.jpg,2015-12-11T10:00:00Z,,,,,skipped_existing,destination JPEG already exists
2015/12/11/HMI.m2015.12.11_13.00.00.jpg,2015-12-11T13:00:00Z,,,,,skipped_existing,destination JPEG already exists
2015/12/12/HMI.m2015.12.12_15.00.00.jpg,2015-12-12T15:00:00Z,,,,,skipped_existing,destination JPEG already exists
2015/12/12/HMI.m2015.12.12_22.00.00.jpg,2015-12-12T22:00:00Z,,,,,skipped_existing,destination JPEG already exists
2015/12/13/HMI.m2015.12.13_04.00.00.jpg,2015-12-13T04:00:00Z,,,,,skipped_existing,destination JPEG already exists
2015/12/14/HMI.m2015.12.14_12.00.00.jpg,2015-12-14T12:00:00Z,,,,,skipped_existing,destination JPEG already exists
2015/12/15/HMI.m2015.12.15_00.00.00.jpg,2015-12-15T00:00:00Z,,,,,skipped_existing,destination JPEG already exists
2015/12/15/HMI.m2015.12.15_03.00.00.jpg,2015-12-15T03:00:00Z,,,,,skipped_existing,destination JPEG already exists
2015/12/16/HMI.m2015.12.16_05.00.00.jpg,2015-12-16T05:00:00Z,,,,,skipped_existing,destination JPEG already exists
2015/12/16/HMI.m2015.12.16_06.00.00.jpg,2015-12-16T06:00:00Z,,,,,skipped_existing,destination JPEG already exists
2015/12/16/HMI.m2015.12.16_17.00.00.jpg,2015-12-16T17:00:00Z,,,,,skipped_existing,destination JPEG already exists
2015/12/16/HMI.m2015.12.16_21.00.00.jpg,2015-12-16T21:00:00Z,,,,,skipped_existing,destination JPEG already exists
2015/12/17/HMI.m2015.12.17_13.00.00.jpg,2015-12-17T13:00:00Z,,,,,skipped_existing,destination JPEG already exists
2015/12/17/HMI.m2015.12.17_18.00.00.jpg,2015-12-17T18:00:00Z,,,,,skipped_existing,destination JPEG already exists
2015/12/18/HMI.m2015.12.18_16.00.00.jpg,2015-12-18T16:00:00Z,,,,,skipped_existing,destination JPEG already exists
2015/12/19/HMI.m2015.12.19_11.00.00.jpg,2015-12-19T11:00:00Z,,,,,skipped_existing,destination JPEG already exists
2015/12/19/HMI.m2015.12.19_13.00.00.jpg,2015-12-19T13:00:00Z,,,,,skipped_existing,destination JPEG already exists
2015/12/19/HMI.m2015.12.19_15.00.00.jpg,2015-12-19T15:00:00Z,,,,,skipped_existing,destination JPEG already exists
2015/12/19/HMI.m2015.12.19_22.00.00.jpg,2015-12-19T22:00:00Z,,,,,skipped_existing,destination JPEG already exists
2015/12/20/HMI.m2015.12.20_02.00.00.jpg,2015-12-20T02:00:00Z,,,,,skipped_existing,destination JPEG already exists
2015/12/20/HMI.m2015.12.20_04.00.00.jpg,2015-12-20T04:00:00Z,,,,,skipped_existing,destination JPEG already exists
2015/12/20/HMI.m2015.12.20_05.00.00.jpg,2015-12-20T05:00:00Z,,,,,skipped_existing,destination JPEG already exists
2015/12/20/HMI.m2015.12.20_07.00.00.jpg,2015-12-20T07:00:00Z,,,,,skipped_existing,destination JPEG already exists
2015/12/20/HMI.m2015.12.20_08.00.00.jpg,2015-12-20T08:00:00Z,,,,,skipped_existing,destination JPEG already exists
2015/12/20/HMI.m2015.12.20_12.00.00.jpg,2015-12-20T12:00:00Z,,,,,skipped_existing,destination JPEG already exists
2015/12/20/HMI.m2015.12.20_13.00.00.jpg,2015-12-20T13:00:00Z,,,,,skipped_existing,destination JPEG already exists
2015/12/20/HMI.m2015.12.20_17.00.00.jpg,2015-12-20T17:00:00Z,,,,,skipped_existing,destination JPEG already exists
2015/12/20/HMI.m2015.12.20_18.00.00.jpg,2015-12-20T18:00:00Z,,,,,skipped_existing,destination JPEG already exists
2015/12/20/HMI.m2015.12.20_22.00.00.jpg,2015-12-20T22:00:00Z,,,,,skipped_existing,destination JPEG already exists
2015/12/21/HMI.m2015.12.21_00.00.00.jpg,2015-12-21T00:00:00Z,,,,,skipped_existing,destination JPEG already exists
2015/12/21/HMI.m2015.12.21_02.00.00.jpg,2015-12-21T02:00:00Z,,,,,skipped_existing,destination JPEG already exists
2015/12/21/HMI.m2015.12.21_03.00.00.jpg,2015-12-21T03:00:00Z,,,,,skipped_existing,destination JPEG already exists
2015/12/21/HMI.m2015.12.21_05.00.00.jpg,2015-12-21T05:00:00Z,,,,,skipped_existing,destination JPEG already exists
2015/12/21/HMI.m2015.12.21_12.00.00.jpg,2015-12-21T12:00:00Z,,,,,skipped_existing,destination JPEG already exists
2015/12/21/HMI.m2015.12.21_17.00.00.jpg,2015-12-21T17:00:00Z,,,,,skipped_existing,destination JPEG already exists
2015/12/21/HMI.m2015.12.21_20.00.00.jpg,2015-12-21T20:00:00Z,,,,,skipped_existing,destination JPEG already exists
2015/12/22/HMI.m2015.12.22_00.00.00.jpg,2015-12-22T00:00:00Z,,,,,skipped_existing,destination JPEG already exists
2015/12/22/HMI.m2015.12.22_15.00.00.jpg,2015-12-22T15:00:00Z,,,,,skipped_existing,destination JPEG already exists
2015/12/22/HMI.m2015.12.22_19.00.00.jpg,2015-12-22T19:00:00Z,,,,,skipped_existing,destination JPEG already exists
2015/12/22/HMI.m2015.12.22_20.00.00.jpg,2015-12-22T20:00:00Z,,,,,skipped_existing,destination JPEG already exists
2015/12/22/HMI.m2015.12.22_21.00.00.jpg,2015-12-22T21:00:00Z,,,,,skipped_existing,destination JPEG already exists
2015/12/23/HMI.m2015.12.23_00.00.00.jpg,2015-12-23T00:00:00Z,,,,,skipped_existing,destination JPEG already exists
2015/12/23/HMI.m2015.12.23_06.00.00.jpg,2015-12-23T06:00:00Z,,,,,skipped_existing,destination JPEG already exists
2015/12/23/HMI.m2015.12.23_09.00.00.jpg,2015-12-23T09:00:00Z,,,,,skipped_existing,destination JPEG already exists
2015/12/23/HMI.m2015.12.23_11.00.00.jpg,2015-12-23T11:00:00Z,,,,,skipped_existing,destination JPEG already exists
2015/12/23/HMI.m2015.12.23_15.00.00.jpg,2015-12-23T15:00:00Z,,,,,skipped_existing,destination JPEG already exists
2015/12/23/HMI.m2015.12.23_21.00.00.jpg,2015-12-23T21:00:00Z,,,,,skipped_existing,destination JPEG already exists
2015/12/25/HMI.m2015.12.25_04.00.00.jpg,2015-12-25T04:00:00Z,,,,,skipped_existing,destination JPEG already exists
2015/12/25/HMI.m2015.12.25_22.00.00.jpg,2015-12-25T22:00:00Z,,,,,skipped_existing,destination JPEG already exists
2015/12/26/HMI.m2015.12.26_05.00.00.jpg,2015-12-26T05:00:00Z,,,,,skipped_existing,destination JPEG already exists
2015/12/26/HMI.m2015.12.26_06.00.00.jpg,2015-12-26T06:00:00Z,,,,,skipped_existing,destination JPEG already exists
2015/12/26/HMI.m2015.12.26_20.00.00.jpg,2015-12-26T20:00:00Z,,,,,skipped_existing,destination JPEG already exists
2015/12/27/HMI.m2015.12.27_15.00.00.jpg,2015-12-27T15:00:00Z,,,,,skipped_existing,destination JPEG already exists
2015/12/27/HMI.m2015.12.27_16.00.00.jpg,2015-12-27T16:00:00Z,,,,,skipped_existing,destination JPEG already exists
2015/12/28/HMI.m2015.12.28_06.00.00.jpg,2015-12-28T06:00:00Z,,,,,skipped_existing,destination JPEG already exists
2015/12/28/HMI.m2015.12.28_07.00.00.jpg,2015-12-28T07:00:00Z,,,,,skipped_existing,destination JPEG already exists
2015/12/28/HMI.m2015.12.28_10.00.00.jpg,2015-12-28T10:00:00Z,,,,,skipped_existing,destination JPEG already exists
2015/12/29/HMI.m2015.12.29_02.00.00.jpg,2015-12-29T02:00:00Z,,,,,skipped_existing,destination JPEG already exists
2015/12/29/HMI.m2015.12.29_20.00.00.jpg,2015-12-29T20:00:00Z,,,,,skipped_existing,destination JPEG already exists
2015/12/30/HMI.m2015.12.30_07.00.00.jpg,2015-12-30T07:00:00Z,,,,,skipped_existing,destination JPEG already exists
2015/12/31/HMI.m2015.12.31_04.00.00.jpg,2015-12-31T04:00:00Z,,,,,skipped_existing,destination JPEG already exists
2016/01/01/HMI.m2016.01.01_00.00.00.jpg,2016-01-01T00:00:00Z,,,,,skipped_existing,destination JPEG already exists
2016/01/01/HMI.m2016.01.01_05.00.00.jpg,2016-01-01T05:00:00Z,,,,,skipped_existing,destination JPEG already exists
2016/01/01/HMI.m2016.01.01_08.00.00.jpg,2016-01-01T08:00:00Z,,,,,skipped_existing,destination JPEG already exists
2016/01/01/HMI.m2016.01.01_09.00.00.jpg,2016-01-01T09:00:00Z,,,,,skipped_existing,destination JPEG already exists
2016/01/01/HMI.m2016.01.01_11.00.00.jpg,2016-01-01T11:00:00Z,,,,,skipped_existing,destination JPEG already exists
2016/01/01/HMI.m2016.01.01_12.00.00.jpg,2016-01-01T12:00:00Z,,,,,skipped_existing,destination JPEG already exists
2016/01/01/HMI.m2016.01.01_13.00.00.jpg,2016-01-01T13:00:00Z,,,,,skipped_existing,destination JPEG already exists
2016/01/01/HMI.m2016.01.01_18.00.00.jpg,2016-01-01T18:00:00Z,,,,,skipped_existing,destination JPEG already exists
2016/01/01/HMI.m2016.01.01_23.00.00.jpg,2016-01-01T23:00:00Z,,,,,skipped_existing,destination JPEG already exists
2016/01/03/HMI.m2016.01.03_10.00.00.jpg,2016-01-03T10:00:00Z,,,,,skipped_existing,destination JPEG already exists
2016/01/04/HMI.m2016.01.04_04.00.00.jpg,2016-01-04T04:00:00Z,,,,,skipped_existing,destination JPEG already exists
2016/01/06/HMI.m2016.01.06_00.00.00.jpg,2016-01-06T00:00:00Z,,,,,skipped_existing,destination JPEG already exists
2016/01/06/HMI.m2016.01.06_23.00.00.jpg,2016-01-06T23:00:00Z,,,,,skipped_existing,destination JPEG already exists
2016/01/07/HMI.m2016.01.07_09.00.00.jpg,2016-01-07T09:00:00Z,,,,,skipped_existing,destination JPEG already exists
2016/01/07/HMI.m2016.01.07_22.00.00.jpg,2016-01-07T22:00:00Z,,,,,skipped_existing,destination JPEG already exists
2016/01/08/HMI.m2016.01.08_20.00.00.jpg,2016-01-08T20:00:00Z,,,,,skipped_existing,destination JPEG already exists
2016/01/11/HMI.m2016.01.11_01.00.00.jpg,2016-01-11T01:00:00Z,,,,,skipped_existing,destination JPEG already exists
2016/01/12/HMI.m2016.01.12_13.00.00.jpg,2016-01-12T13:00:00Z,,,,,skipped_existing,destination JPEG already exists
2016/01/12/HMI.m2016.01.12_21.00.00.jpg,2016-01-12T21:00:00Z,,,,,skipped_existing,destination JPEG already exists
2016/01/15/HMI.m2016.01.15_12.00.00.jpg,2016-01-15T12:00:00Z,,,,,skipped_existing,destination JPEG already exists
2016/01/15/HMI.m2016.01.15_22.00.00.jpg,2016-01-15T22:00:00Z,,,,,skipped_existing,destination JPEG already exists
2016/01/17/HMI.m2016.01.17_23.00.00.jpg,2016-01-17T23:00:00Z,,,,,skipped_existing,destination JPEG already exists
2016/01/18/HMI.m2016.01.18_20.00.00.jpg,2016-01-18T20:00:00Z,,,,,skipped_existing,destination JPEG already exists
2016/01/19/HMI.m2016.01.19_01.00.00.jpg,2016-01-19T01:00:00Z,,,,,skipped_existing,destination JPEG already exists
2016/01/20/HMI.m2016.01.20_00.00.00.jpg,2016-01-20T00:00:00Z,,,,,skipped_existing,destination JPEG already exists
2016/01/22/HMI.m2016.01.22_00.00.00.jpg,2016-01-22T00:00:00Z,,,,,skipped_existing,destination JPEG already exists
2016/01/25/HMI.m2016.01.25_14.00.00.jpg,2016-01-25T14:00:00Z,,,,,skipped_existing,destination JPEG already exists
2016/01/25/HMI.m2016.01.25_15.00.00.jpg,2016-01-25T15:00:00Z,,,,,skipped_existing,destination JPEG already exists
2016/01/26/HMI.m2016.01.26_17.00.00.jpg,2016-01-26T17:00:00Z,,,,,skipped_existing,destination JPEG already exists
2016/01/28/HMI.m2016.01.28_13.00.00.jpg,2016-01-28T13:00:00Z,,,,,skipped_existing,destination JPEG already exists
2016/01/30/HMI.m2016.01.30_17.00.00.jpg,2016-01-30T17:00:00Z,,,,,skipped_existing,destination JPEG already exists
2016/01/31/HMI.m2016.01.31_00.00.00.jpg,2016-01-31T00:00:00Z,,,,,skipped_existing,destination JPEG already exists
2016/01/31/HMI.m2016.01.31_03.00.00.jpg,2016-01-31T03:00:00Z,,,,,skipped_existing,destination JPEG already exists
2016/01/31/HMI.m2016.01.31_04.00.00.jpg,2016-01-31T04:00:00Z,,,,,skipped_existing,destination JPEG already exists
2016/02/01/HMI.m2016.02.01_13.00.00.jpg,2016-02-01T13:00:00Z,,,,,skipped_existing,destination JPEG already exists
2016/02/01/HMI.m2016.02.01_21.00.00.jpg,2016-02-01T21:00:00Z,,,,,skipped_existing,destination JPEG already exists
2016/02/02/HMI.m2016.02.02_02.00.00.jpg,2016-02-02T02:00:00Z,,,,,skipped_existing,destination JPEG already exists
2016/02/05/HMI.m2016.02.05_20.00.00.jpg,2016-02-05T20:00:00Z,,,,,skipped_existing,destination JPEG already exists
2016/02/07/HMI.m2016.02.07_10.00.00.jpg,2016-02-07T10:00:00Z,,,,,skipped_existing,destination JPEG already exists
2016/02/08/HMI.m2016.02.08_13.00.00.jpg,2016-02-08T13:00:00Z,,,,,skipped_existing,destination JPEG already exists
2016/02/11/HMI.m2016.02.11_10.00.00.jpg,2016-02-11T10:00:00Z,,,,,skipped_existing,destination JPEG already exists
2016/02/11/HMI.m2016.02.11_12.00.00.jpg,2016-02-11T12:00:00Z,,,,,skipped_existing,destination JPEG already exists
2016/02/11/HMI.m2016.02.11_15.00.00.jpg,2016-02-11T15:00:00Z,,,,,skipped_existing,destination JPEG already exists
2016/02/11/HMI.m2016.02.11_21.00.00.jpg,2016-02-11T21:00:00Z,,,,,skipped_existing,destination JPEG already exists
2016/02/11/HMI.m2016.02.11_22.00.00.jpg,2016-02-11T22:00:00Z,,,,,skipped_existing,destination JPEG already exists
2016/02/12/HMI.m2016.02.12_00.00.00.jpg,2016-02-12T00:00:00Z,,,,,skipped_existing,destination JPEG already exists
2016/02/12/HMI.m2016.02.12_03.00.00.jpg,2016-02-12T03:00:00Z,,,,,skipped_existing,destination JPEG already exists
2016/02/12/HMI.m2016.02.12_10.00.00.jpg,2016-02-12T10:00:00Z,,,,,skipped_existing,destination JPEG already exists
2016/02/12/HMI.m2016.02.12_17.00.00.jpg,2016-02-12T17:00:00Z,,,,,skipped_existing,destination JPEG already exists
2016/02/12/HMI.m2016.02.12_18.00.00.jpg,2016-02-12T18:00:00Z,,,,,skipped_existing,destination JPEG already exists
2016/02/12/HMI.m2016.02.12_19.00.00.jpg,2016-02-12T19:00:00Z,,,,,skipped_existing,destination JPEG already exists
2016/02/12/HMI.m2016.02.12_20.00.00.jpg,2016-02-12T20:00:00Z,,,,,skipped_existing,destination JPEG already exists
2016/02/12/HMI.m2016.02.12_22.00.00.jpg,2016-02-12T22:00:00Z,,,,,skipped_existing,destination JPEG already exists
2016/02/13/HMI.m2016.02.13_05.00.00.jpg,2016-02-13T05:00:00Z,,,,,skipped_existing,destination JPEG already exists
2016/02/13/HMI.m2016.02.13_07.00.00.jpg,2016-02-13T07:00:00Z,,,,,skipped_existing,destination JPEG already exists
2016/02/13/HMI.m2016.02.13_08.00.00.jpg,2016-02-13T08:00:00Z,,,,,skipped_existing,destination JPEG already exists
2016/02/13/HMI.m2016.02.13_11.00.00.jpg,2016-02-13T11:00:00Z,,,,,skipped_existing,destination JPEG already exists
2016/02/13/HMI.m2016.02.13_15.00.00.jpg,2016-02-13T15:00:00Z,,,,,skipped_existing,destination JPEG already exists
2016/02/13/HMI.m2016.02.13_20.00.00.jpg,2016-02-13T20:00:00Z,,,,,skipped_existing,destination JPEG already exists
2016/02/13/HMI.m2016.02.13_21.00.00.jpg,2016-02-13T21:00:00Z,,,,,skipped_existing,destination JPEG already exists
2016/02/14/HMI.m2016.02.14_02.00.00.jpg,2016-02-14T02:00:00Z,,,,,skipped_existing,destination JPEG already exists
2016/02/14/HMI.m2016.02.14_06.00.00.jpg,2016-02-14T06:00:00Z,,,,,skipped_existing,destination JPEG already exists
2016/02/14/HMI.m2016.02.14_09.00.00.jpg,2016-02-14T09:00:00Z,,,,,skipped_existing,destination JPEG already exists
2016/02/14/HMI.m2016.02.14_15.00.00.jpg,2016-02-14T15:00:00Z,,,,,skipped_existing,destination JPEG already exists
2016/02/14/HMI.m2016.02.14_18.00.00.jpg,2016-02-14T18:00:00Z,,,,,skipped_existing,destination JPEG already exists
2016/02/14/HMI.m2016.02.14_19.00.00.jpg,2016-02-14T19:00:00Z,,,,,skipped_existing,destination JPEG already exists
2016/02/14/HMI.m2016.02.14_21.00.00.jpg,2016-02-14T21:00:00Z,,,,,skipped_existing,destination JPEG already exists
2016/02/15/HMI.m2016.02.15_01.00.00.jpg,2016-02-15T01:00:00Z,,,,,skipped_existing,destination JPEG already exists
2016/02/15/HMI.m2016.02.15_03.00.00.jpg,2016-02-15T03:00:00Z,,,,,skipped_existing,destination JPEG already exists
2016/02/15/HMI.m2016.02.15_04.00.00.jpg,2016-02-15T04:00:00Z,,,,,skipped_existing,destination JPEG already exists
2016/02/15/HMI.m2016.02.15_05.00.00.jpg,2016-02-15T05:00:00Z,,,,,skipped_existing,destination JPEG already exists
2016/02/15/HMI.m2016.02.15_06.00.00.jpg,2016-02-15T06:00:00Z,,,,,skipped_existing,destination JPEG already exists
2016/02/15/HMI.m2016.02.15_07.00.00.jpg,2016-02-15T07:00:00Z,,,,,skipped_existing,destination JPEG already exists
2016/02/15/HMI.m2016.02.15_19.00.00.jpg,2016-02-15T19:00:00Z,,,,,skipped_existing,destination JPEG already exists
2016/02/16/HMI.m2016.02.16_14.00.00.jpg,2016-02-16T14:00:00Z,,,,,skipped_existing,destination JPEG already exists
2016/02/18/HMI.m2016.02.18_02.00.00.jpg,2016-02-18T02:00:00Z,,,,,skipped_existing,destination JPEG already exists
2016/02/18/HMI.m2016.02.18_19.00.00.jpg,2016-02-18T19:00:00Z,,,,,skipped_existing,destination JPEG already exists
2016/02/19/HMI.m2016.02.19_01.00.00.jpg,2016-02-19T01:00:00Z,,,,,skipped_existing,destination JPEG already exists
2016/02/19/HMI.m2016.02.19_16.00.00.jpg,2016-02-19T16:00:00Z,,,,,skipped_existing,destination JPEG already exists
2016/02/19/HMI.m2016.02.19_19.00.00.jpg,2016-02-19T19:00:00Z,,,,,skipped_existing,destination JPEG already exists
2016/02/20/HMI.m2016.02.20_03.00.00.jpg,2016-02-20T03:00:00Z,,,,,skipped_existing,destination JPEG already exists
2016/02/20/HMI.m2016.02.20_12.00.00.jpg,2016-02-20T12:00:00Z,,,,,skipped_existing,destination JPEG already exists
2016/02/21/HMI.m2016.02.21_15.00.00.jpg,2016-02-21T15:00:00Z,,,,,skipped_existing,destination JPEG already exists
2016/02/21/HMI.m2016.02.21_19.00.00.jpg,2016-02-21T19:00:00Z,,,,,skipped_existing,destination JPEG already exists
2016/02/22/HMI.m2016.02.22_05.00.00.jpg,2016-02-22T05:00:00Z,,,,,skipped_existing,destination JPEG already exists
2016/02/22/HMI.m2016.02.22_09.00.00.jpg,2016-02-22T09:00:00Z,,,,,skipped_existing,destination JPEG already exists
2016/02/22/HMI.m2016.02.22_14.00.00.jpg,2016-02-22T14:00:00Z,,,,,skipped_existing,destination JPEG already exists
2016/02/23/HMI.m2016.02.23_16.00.00.jpg,2016-02-23T16:00:00Z,,,,,skipped_existing,destination JPEG already exists
2016/02/24/HMI.m2016.02.24_12.00.00.jpg,2016-02-24T12:00:00Z,,,,,skipped_existing,destination JPEG already exists
2016/02/28/HMI.m2016.02.28_23.00.00.jpg,2016-02-28T23:00:00Z,,,,,skipped_existing,destination JPEG already exists
2016/03/02/HMI.m2016.03.02_17.00.00.jpg,2016-03-02T17:00:00Z,,,,,skipped_existing,destination JPEG already exists
2016/03/02/HMI.m2016.03.02_20.00.00.jpg,2016-03-02T20:00:00Z,,,,,skipped_existing,destination JPEG already exists
2016/03/04/HMI.m2016.03.04_00.00.00.jpg,2016-03-04T00:00:00Z,,,,,skipped_existing,destination JPEG already exists
2016/03/04/HMI.m2016.03.04_20.00.00.jpg,2016-03-04T20:00:00Z,,,,,skipped_existing,destination JPEG already exists
2016/03/05/HMI.m2016.03.05_03.00.00.jpg,2016-03-05T03:00:00Z,,,,,skipped_existing,destination JPEG already exists
2016/03/05/HMI.m2016.03.05_06.00.00.jpg,2016-03-05T06:00:00Z,,,,,skipped_existing,destination JPEG already exists
2016/03/05/HMI.m2016.03.05_13.00.00.jpg,2016-03-05T13:00:00Z,,,,,skipped_existing,destination JPEG already exists
2016/03/06/HMI.m2016.03.06_14.00.00.jpg,2016-03-06T14:00:00Z,,,,,skipped_existing,destination JPEG already exists
2016/03/08/HMI.m2016.03.08_20.00.00.jpg,2016-03-08T20:00:00Z,,,,,skipped_existing,destination JPEG already exists
2016/03/10/HMI.m2016.03.10_17.00.00.jpg,2016-03-10T17:00:00Z,,,,,skipped_existing,destination JPEG already exists
2016/03/11/HMI.m2016.03.11_06.00.00.jpg,2016-03-11T06:00:00Z,,,,,skipped_existing,destination JPEG already exists
2016/03/13/HMI.m2016.03.13_14.00.00.jpg,2016-03-13T14:00:00Z,,,,,skipped_existing,destination JPEG already exists
2016/03/13/HMI.m2016.03.13_16.00.00.jpg,2016-03-13T16:00:00Z,,,,,skipped_existing,destination JPEG already exists
2016/03/14/HMI.m2016.03.14_02.00.00.jpg,2016-03-14T02:00:00Z,,,,,skipped_existing,destination JPEG already exists
2016/03/14/HMI.m2016.03.14_17.00.00.jpg,2016-03-14T17:00:00Z,,,,,skipped_existing,destination JPEG already exists
2016/03/15/HMI.m2016.03.15_15.00.00.jpg,2016-03-15T15:00:00Z,,,,,skipped_existing,destination JPEG already exists
2016/03/15/HMI.m2016.03.15_21.00.00.jpg,2016-03-15T21:00:00Z,,,,,skipped_existing,destination JPEG already exists
2016/03/16/HMI.m2016.03.16_22.00.00.jpg,2016-03-16T22:00:00Z,,,,,skipped_existing,destination JPEG already exists
2016/03/17/HMI.m2016.03.17_19.00.00.jpg,2016-03-17T19:00:00Z,,,,,skipped_existing,destination JPEG already exists
2016/03/22/HMI.m2016.03.22_18.00.00.jpg,2016-03-22T18:00:00Z,,,,,skipped_existing,destination JPEG already exists
2016/03/24/HMI.m2016.03.24_18.00.00.jpg,2016-03-24T18:00:00Z,,,,,skipped_existing,destination JPEG already exists
2016/03/25/HMI.m2016.03.25_04.00.00.jpg,2016-03-25T04:00:00Z,,,,,skipped_existing,destination JPEG already exists
2016/03/25/HMI.m2016.03.25_12.00.00.jpg,2016-03-25T12:00:00Z,,,,,skipped_existing,destination JPEG already exists
2016/03/26/HMI.m2016.03.26_11.00.00.jpg,2016-03-26T11:00:00Z,,,,,skipped_existing,destination JPEG already exists
2016/03/28/HMI.m2016.03.28_20.00.00.jpg,2016-03-28T20:00:00Z,,,,,skipped_existing,destination JPEG already exists
2016/03/30/HMI.m2016.03.30_15.00.00.jpg,2016-03-30T15:00:00Z,,,,,skipped_existing,destination JPEG already exists
2016/03/30/HMI.m2016.03.30_19.00.00.jpg,2016-03-30T19:00:00Z,,,,,skipped_existing,destination JPEG already exists
2016/04/01/HMI.m2016.04.01_04.00.00.jpg,2016-04-01T04:00:00Z,,,,,skipped_existing,destination JPEG already exists
2016/04/01/HMI.m2016.04.01_10.00.00.jpg,2016-04-01T10:00:00Z,,,,,skipped_existing,destination JPEG already exists
2016/04/01/HMI.m2016.04.01_14.00.00.jpg,2016-04-01T14:00:00Z,,,,,skipped_existing,destination JPEG already exists
2016/04/02/HMI.m2016.04.02_06.00.00.jpg,2016-04-02T06:00:00Z,,,,,skipped_existing,destination JPEG already exists
2016/04/03/HMI.m2016.04.03_21.00.00.jpg,2016-04-03T21:00:00Z,,,,,skipped_existing,destination JPEG already exists
2016/04/04/HMI.m2016.04.04_05.00.00.jpg,2016-04-04T05:00:00Z,,,,,skipped_existing,destination JPEG already exists
2016/04/04/HMI.m2016.04.04_23.00.00.jpg,2016-04-04T23:00:00Z,,,,,skipped_existing,destination JPEG already exists
2016/04/05/HMI.m2016.04.05_10.00.00.jpg,2016-04-05T10:00:00Z,,,,,skipped_existing,destination JPEG already exists
2016/04/06/HMI.m2016.04.06_16.00.00.jpg,2016-04-06T16:00:00Z,,,,,skipped_existing,destination JPEG already exists
2016/04/07/HMI.m2016.04.07_08.00.00.jpg,2016-04-07T08:00:00Z,,,,,skipped_existing,destination JPEG already exists
2016/04/08/HMI.m2016.04.08_01.00.00.jpg,2016-04-08T01:00:00Z,,,,,skipped_existing,destination JPEG already exists
2016/04/08/HMI.m2016.04.08_12.00.00.jpg,2016-04-08T12:00:00Z,,,,,skipped_existing,destination JPEG already exists
2016/04/10/HMI.m2016.04.10_14.00.00.jpg,2016-04-10T14:00:00Z,,,,,skipped_existing,destination JPEG already exists
2016/04/11/HMI.m2016.04.11_02.00.00.jpg,2016-04-11T02:00:00Z,,,,,skipped_existing,destination JPEG already exists
2016/04/11/HMI.m2016.04.11_04.00.00.jpg,2016-04-11T04:00:00Z,,,,,skipped_existing,destination JPEG already exists
2016/04/11/HMI.m2016.04.11_06.00.00.jpg,2016-04-11T06:00:00Z,,,,,skipped_existing,destination JPEG already exists
2016/04/11/HMI.m2016.04.11_20.00.00.jpg,2016-04-11T20:00:00Z,,,,,skipped_existing,destination JPEG already exists
2016/04/12/HMI.m2016.04.12_10.00.00.jpg,2016-04-12T10:00:00Z,,,,,skipped_existing,destination JPEG already exists
2016/04/13/HMI.m2016.04.13_02.00.00.jpg,2016-04-13T02:00:00Z,,,,,skipped_existing,destination JPEG already exists
2016/04/14/HMI.m2016.04.14_08.00.00.jpg,2016-04-14T08:00:00Z,,,,,skipped_existing,destination JPEG already exists
2016/04/15/HMI.m2016.04.15_08.00.00.jpg,2016-04-15T08:00:00Z,,,,,skipped_existing,destination JPEG already exists
2016/04/15/HMI.m2016.04.15_16.00.00.jpg,2016-04-15T16:00:00Z,,,,,skipped_existing,destination JPEG already exists
2016/04/16/HMI.m2016.04.16_04.00.00.jpg,2016-04-16T04:00:00Z,,,,,skipped_existing,destination JPEG already exists
2016/04/16/HMI.m2016.04.16_05.00.00.jpg,2016-04-16T05:00:00Z,,,,,skipped_existing,destination JPEG already exists
2016/04/16/HMI.m2016.04.16_15.00.00.jpg,2016-04-16T15:00:00Z,,,,,skipped_existing,destination JPEG already exists
2016/04/17/HMI.m2016.04.17_07.00.00.jpg,2016-04-17T07:00:00Z,,,,,skipped_existing,destination JPEG already exists
2016/04/17/HMI.m2016.04.17_10.00.00.jpg,2016-04-17T10:00:00Z,,,,,skipped_existing,destination JPEG already exists
2016/04/17/HMI.m2016.04.17_14.00.00.jpg,2016-04-17T14:00:00Z,,,,,skipped_existing,destination JPEG already exists
2016/04/17/HMI.m2016.04.17_20.00.00.jpg,2016-04-17T20:00:00Z,,,,,skipped_existing,destination JPEG already exists
2016/04/17/HMI.m2016.04.17_22.00.00.jpg,2016-04-17T22:00:00Z,,,,,skipped_existing,destination JPEG already exists
2016/04/17/HMI.m2016.04.17_23.00.00.jpg,2016-04-17T23:00:00Z,,,,,skipped_existing,destination JPEG already exists
2016/04/19/HMI.m2016.04.19_23.00.00.jpg,2016-04-19T23:00:00Z,,,,,skipped_existing,destination JPEG already exists
2016/04/20/HMI.m2016.04.20_14.00.00.jpg,2016-04-20T14:00:00Z,,,,,skipped_existing,destination JPEG already exists
2016/04/21/HMI.m2016.04.21_17.00.00.jpg,2016-04-21T17:00:00Z,,,,,skipped_existing,destination JPEG already exists
2016/04/21/HMI.m2016.04.21_22.00.00.jpg,2016-04-21T22:00:00Z,,,,,skipped_existing,destination JPEG already exists
2016/04/23/HMI.m2016.04.23_23.00.00.jpg,2016-04-23T23:00:00Z,,,,,skipped_existing,destination JPEG already exists
2016/04/24/HMI.m2016.04.24_11.00.00.jpg,2016-04-24T11:00:00Z,,,,,skipped_existing,destination JPEG already exists
2016/04/26/HMI.m2016.04.26_00.00.00.jpg,2016-04-26T00:00:00Z,,,,,skipped_existing,destination JPEG already exists
2016/04/26/HMI.m2016.04.26_13.00.00.jpg,2016-04-26T13:00:00Z,,,,,skipped_existing,destination JPEG already exists
2016/04/27/HMI.m2016.04.27_12.00.00.jpg,2016-04-27T12:00:00Z,,,,,skipped_existing,destination JPEG already exists
2016/04/28/HMI.m2016.04.28_04.00.00.jpg,2016-04-28T04:00:00Z,,,,,skipped_existing,destination JPEG already exists
2016/04/29/HMI.m2016.04.29_05.00.00.jpg,2016-04-29T05:00:00Z,,,,,skipped_existing,destination JPEG already exists
2016/04/29/HMI.m2016.04.29_06.00.00.jpg,2016-04-29T06:00:00Z,,,,,skipped_existing,destination JPEG already exists
2016/04/29/HMI.m2016.04.29_23.00.00.jpg,2016-04-29T23:00:00Z,,,,,skipped_existing,destination JPEG already exists
2016/05/03/HMI.m2016.05.03_08.00.00.jpg,2016-05-03T08:00:00Z,,,,,skipped_existing,destination JPEG already exists
2016/05/03/HMI.m2016.05.03_09.00.00.jpg,2016-05-03T09:00:00Z,,,,,skipped_existing,destination JPEG already exists
2016/05/04/HMI.m2016.05.04_19.00.00.jpg,2016-05-04T19:00:00Z,,,,,skipped_existing,destination JPEG already exists
2016/05/05/HMI.m2016.05.05_19.00.00.jpg,2016-05-05T19:00:00Z,,,,,skipped_existing,destination JPEG already exists
2016/05/08/HMI.m2016.05.08_01.00.00.jpg,2016-05-08T01:00:00Z,,,,,skipped_existing,destination JPEG already exists
2016/05/08/HMI.m2016.05.08_05.00.00.jpg,2016-05-08T05:00:00Z,,,,,skipped_existing,destination JPEG already exists
2016/05/08/HMI.m2016.05.08_23.00.00.jpg,2016-05-08T23:00:00Z,,,,,skipped_existing,destination JPEG already exists
2016/05/09/HMI.m2016.05.09_14.00.00.jpg,2016-05-09T14:00:00Z,,,,,skipped_existing,destination JPEG already exists
2016/05/11/HMI.m2016.05.11_16.00.00.jpg,2016-05-11T16:00:00Z,,,,,skipped_existing,destination JPEG already exists
2016/05/13/HMI.m2016.05.13_08.00.00.jpg,2016-05-13T08:00:00Z,,,,,skipped_existing,destination JPEG already exists
2016/05/15/HMI.m2016.05.15_16.00.00.jpg,2016-05-15T16:00:00Z,,,,,skipped_existing,destination JPEG already exists
2016/05/15/HMI.m2016.05.15_17.00.00.jpg,2016-05-15T17:00:00Z,,,,,skipped_existing,destination JPEG already exists
2016/05/16/HMI.m2016.05.16_09.00.00.jpg,2016-05-16T09:00:00Z,,,,,skipped_existing,destination JPEG already exists
2016/05/17/HMI.m2016.05.17_14.00.00.jpg,2016-05-17T14:00:00Z,,,,,skipped_existing,destination JPEG already exists
2016/05/20/HMI.m2016.05.20_05.00.00.jpg,2016-05-20T05:00:00Z,,,,,skipped_existing,destination JPEG already exists
2016/05/20/HMI.m2016.05.20_23.00.00.jpg,2016-05-20T23:00:00Z,,,,,skipped_existing,destination JPEG already exists
2016/05/22/HMI.m2016.05.22_07.00.00.jpg,2016-05-22T07:00:00Z,,,,,skipped_existing,destination JPEG already exists
2016/05/23/HMI.m2016.05.23_07.00.00.jpg,2016-05-23T07:00:00Z,,,,,skipped_existing,destination JPEG already exists
2016/05/23/HMI.m2016.05.23_16.00.00.jpg,2016-05-23T16:00:00Z,,,,,skipped_existing,destination JPEG already exists
2016/05/24/HMI.m2016.05.24_06.00.00.jpg,2016-05-24T06:00:00Z,,,,,skipped_existing,destination JPEG already exists
2016/05/29/HMI.m2016.05.29_01.00.00.jpg,2016-05-29T01:00:00Z,,,,,skipped_existing,destination JPEG already exists
2016/05/29/HMI.m2016.05.29_16.00.00.jpg,2016-05-29T16:00:00Z,,,,,skipped_existing,destination JPEG already exists
2016/05/29/HMI.m2016.05.29_20.00.00.jpg,2016-05-29T20:00:00Z,,,,,skipped_existing,destination JPEG already exists
2016/06/01/HMI.m2016.06.01_21.00.00.jpg,2016-06-01T21:00:00Z,,,,,skipped_existing,destination JPEG already exists
2016/06/02/HMI.m2016.06.02_07.00.00.jpg,2016-06-02T07:00:00Z,,,,,skipped_existing,destination JPEG already exists
2016/06/02/HMI.m2016.06.02_22.00.00.jpg,2016-06-02T22:00:00Z,,,,,skipped_existing,destination JPEG already exists
2016/06/03/HMI.m2016.06.03_14.00.00.jpg,2016-06-03T14:00:00Z,,,,,skipped_existing,destination JPEG already exists
2016/06/03/HMI.m2016.06.03_19.00.00.jpg,2016-06-03T19:00:00Z,,,,,skipped_existing,destination JPEG already exists
2016/06/04/HMI.m2016.06.04_09.00.00.jpg,2016-06-04T09:00:00Z,,,,,skipped_existing,destination JPEG already exists
2016/06/05/HMI.m2016.06.05_01.00.00.jpg,2016-06-05T01:00:00Z,,,,,skipped_existing,destination JPEG already exists
2016/06/05/HMI.m2016.06.05_16.00.00.jpg,2016-06-05T16:00:00Z,,,,,skipped_existing,destination JPEG already exists
2016/06/05/HMI.m2016.06.05_18.00.00.jpg,2016-06-05T18:00:00Z,,,,,skipped_existing,destination JPEG already exists
2016/06/06/HMI.m2016.06.06_20.00.00.jpg,2016-06-06T20:00:00Z,,,,,skipped_existing,destination JPEG already exists
2016/06/08/HMI.m2016.06.08_10.00.00.jpg,2016-06-08T10:00:00Z,,,,,skipped_existing,destination JPEG already exists
2016/06/11/HMI.m2016.06.11_19.00.00.jpg,2016-06-11T19:00:00Z,,,,,skipped_existing,destination JPEG already exists
2016/06/12/HMI.m2016.06.12_01.00.00.jpg,2016-06-12T01:00:00Z,,,,,skipped_existing,destination JPEG already exists
2016/06/12/HMI.m2016.06.12_10.00.00.jpg,2016-06-12T10:00:00Z,,,,,skipped_existing,destination JPEG already exists
2016/06/13/HMI.m2016.06.13_10.00.00.jpg,2016-06-13T10:00:00Z,,,,,skipped_existing,destination JPEG already exists
2016/06/13/HMI.m2016.06.13_13.00.00.jpg,2016-06-13T13:00:00Z,,,,,skipped_existing,destination JPEG already exists
2016/06/14/HMI.m2016.06.14_18.00.00.jpg,2016-06-14T18:00:00Z,,,,,skipped_existing,destination JPEG already exists
2016/06/15/HMI.m2016.06.15_10.00.00.jpg,2016-06-15T10:00:00Z,,,,,skipped_existing,destination JPEG already exists
2016/06/17/HMI.m2016.06.17_16.00.00.jpg,2016-06-17T16:00:00Z,,,,,skipped_existing,destination JPEG already exists
2016/06/17/HMI.m2016.06.17_17.00.00.jpg,2016-06-17T17:00:00Z,,,,,skipped_existing,destination JPEG already exists
2016/06/17/HMI.m2016.06.17_21.00.00.jpg,2016-06-17T21:00:00Z,,,,,skipped_existing,destination JPEG already exists
2016/06/19/HMI.m2016.06.19_11.00.00.jpg,2016-06-19T11:00:00Z,,,,,skipped_existing,destination JPEG already exists
2016/06/20/HMI.m2016.06.20_07.00.00.jpg,2016-06-20T07:00:00Z,,,,,skipped_existing,destination JPEG already exists
2016/06/23/HMI.m2016.06.23_21.00.00.jpg,2016-06-23T21:00:00Z,,,,,skipped_existing,destination JPEG already exists
2016/06/26/HMI.m2016.06.26_01.00.00.jpg,2016-06-26T01:00:00Z,,,,,skipped_existing,destination JPEG already exists
2016/06/26/HMI.m2016.06.26_04.00.00.jpg,2016-06-26T04:00:00Z,,,,,skipped_existing,destination JPEG already exists
2016/06/26/HMI.m2016.06.26_09.00.00.jpg,2016-06-26T09:00:00Z,,,,,skipped_existing,destination JPEG already exists
2016/06/26/HMI.m2016.06.26_11.00.00.jpg,2016-06-26T11:00:00Z,,,,,skipped_existing,destination JPEG already exists
2016/06/28/HMI.m2016.06.28_04.00.00.jpg,2016-06-28T04:00:00Z,,,,,skipped_existing,destination JPEG already exists
2016/06/28/HMI.m2016.06.28_18.00.00.jpg,2016-06-28T18:00:00Z,,,,,skipped_existing,destination JPEG already exists
2016/06/29/HMI.m2016.06.29_19.00.00.jpg,2016-06-29T19:00:00Z,,,,,skipped_existing,destination JPEG already exists
2016/06/30/HMI.m2016.06.30_13.00.00.jpg,2016-06-30T13:00:00Z,,,,,skipped_existing,destination JPEG already exists
2016/07/01/HMI.m2016.07.01_00.00.00.jpg,2016-07-01T00:00:00Z,,,,,skipped_existing,destination JPEG already exists
2016/07/02/HMI.m2016.07.02_01.00.00.jpg,2016-07-02T01:00:00Z,,,,,skipped_existing,destination JPEG already exists
2016/07/02/HMI.m2016.07.02_03.00.00.jpg,2016-07-02T03:00:00Z,,,,,skipped_existing,destination JPEG already exists
2016/07/02/HMI.m2016.07.02_23.00.00.jpg,2016-07-02T23:00:00Z,,,,,skipped_existing,destination JPEG already exists
2016/07/03/HMI.m2016.07.03_07.00.00.jpg,2016-07-03T07:00:00Z,,,,,skipped_existing,destination JPEG already exists
2016/07/03/HMI.m2016.07.03_14.00.00.jpg,2016-07-03T14:00:00Z,,,,,skipped_existing,destination JPEG already exists
2016/07/03/HMI.m2016.07.03_21.00.00.jpg,2016-07-03T21:00:00Z,,,,,skipped_existing,destination JPEG already exists
2016/07/05/HMI.m2016.07.05_08.00.00.jpg,2016-07-05T08:00:00Z,,,,,skipped_existing,destination JPEG already exists
2016/07/06/HMI.m2016.07.06_22.00.00.jpg,2016-07-06T22:00:00Z,,,,,skipped_existing,destination JPEG already exists
2016/07/08/HMI.m2016.07.08_08.00.00.jpg,2016-07-08T08:00:00Z,,,,,skipped_existing,destination JPEG already exists
2016/07/08/HMI.m2016.07.08_09.00.00.jpg,2016-07-08T09:00:00Z,,,,,skipped_existing,destination JPEG already exists
2016/07/08/HMI.m2016.07.08_11.00.00.jpg,2016-07-08T11:00:00Z,,,,,skipped_existing,destination JPEG already exists
2016/07/09/HMI.m2016.07.09_09.00.00.jpg,2016-07-09T09:00:00Z,,,,,skipped_existing,destination JPEG already exists
2016/07/09/HMI.m2016.07.09_17.00.00.jpg,2016-07-09T17:00:00Z,,,,,skipped_existing,destination JPEG already exists
2016/07/10/HMI.m2016.07.10_03.00.00.jpg,2016-07-10T03:00:00Z,,,,,skipped_existing,destination JPEG already exists
2016/07/10/HMI.m2016.07.10_09.00.00.jpg,2016-07-10T09:00:00Z,,,,,skipped_existing,destination JPEG already exists
2016/07/11/HMI.m2016.07.11_01.00.00.jpg,2016-07-11T01:00:00Z,,,,,skipped_existing,destination JPEG already exists
2016/07/12/HMI.m2016.07.12_09.00.00.jpg,2016-07-12T09:00:00Z,,,,,skipped_existing,destination JPEG already exists
2016/07/12/HMI.m2016.07.12_19.00.00.jpg,2016-07-12T19:00:00Z,,,,,skipped_existing,destination JPEG already exists
2016/07/13/HMI.m2016.07.13_10.00.00.jpg,2016-07-13T10:00:00Z,,,,,skipped_existing,destination JPEG already exists
2016/07/13/HMI.m2016.07.13_11.00.00.jpg,2016-07-13T11:00:00Z,,,,,skipped_existing,destination JPEG already exists
2016/07/14/HMI.m2016.07.14_16.00.00.jpg,2016-07-14T16:00:00Z,,,,,skipped_existing,destination JPEG already exists
2016/07/14/HMI.m2016.07.14_19.00.00.jpg,2016-07-14T19:00:00Z,,,,,skipped_existing,destination JPEG already exists
2016/07/14/HMI.m2016.07.14_20.00.00.jpg,2016-07-14T20:00:00Z,,,,,skipped_existing,destination JPEG already exists
2016/07/15/HMI.m2016.07.15_01.00.00.jpg,2016-07-15T01:00:00Z,,,,,skipped_existing,destination JPEG already exists
2016/07/15/HMI.m2016.07.15_08.00.00.jpg,2016-07-15T08:00:00Z,,,,,skipped_existing,destination JPEG already exists
2016/07/15/HMI.m2016.07.15_10.00.00.jpg,2016-07-15T10:00:00Z,,,,,skipped_existing,destination JPEG already exists
2016/07/15/HMI.m2016.07.15_12.00.00.jpg,2016-07-15T12:00:00Z,,,,,skipped_existing,destination JPEG already exists
2016/07/16/HMI.m2016.07.16_07.00.00.jpg,2016-07-16T07:00:00Z,,,,,skipped_existing,destination JPEG already exists
2016/07/17/HMI.m2016.07.17_12.00.00.jpg,2016-07-17T12:00:00Z,,,,,skipped_existing,destination JPEG already exists
2016/07/18/HMI.m2016.07.18_04.00.00.jpg,2016-07-18T04:00:00Z,,,,,skipped_existing,destination JPEG already exists
2016/07/19/HMI.m2016.07.19_15.00.00.jpg,2016-07-19T15:00:00Z,,,,,skipped_existing,destination JPEG already exists
2016/07/19/HMI.m2016.07.19_22.00.00.jpg,2016-07-19T22:00:00Z,,,,,skipped_existing,destination JPEG already exists
2016/07/20/HMI.m2016.07.20_04.00.00.jpg,2016-07-20T04:00:00Z,,,,,skipped_existing,destination JPEG already exists
2016/07/20/HMI.m2016.07.20_05.00.00.jpg,2016-07-20T05:00:00Z,,,,,skipped_existing,destination JPEG already exists
2016/07/20/HMI.m2016.07.20_08.00.00.jpg,2016-07-20T08:00:00Z,,,,,skipped_existing,destination JPEG already exists
2016/07/20/HMI.m2016.07.20_09.00.00.jpg,2016-07-20T09:00:00Z,,,,,skipped_existing,destination JPEG already exists
2016/07/20/HMI.m2016.07.20_11.00.00.jpg,2016-07-20T11:00:00Z,,,,,skipped_existing,destination JPEG already exists
2016/07/20/HMI.m2016.07.20_16.00.00.jpg,2016-07-20T16:00:00Z,,,,,skipped_existing,destination JPEG already exists
2016/07/20/HMI.m2016.07.20_23.00.00.jpg,2016-07-20T23:00:00Z,,,,,skipped_existing,destination JPEG already exists
2016/07/21/HMI.m2016.07.21_02.00.00.jpg,2016-07-21T02:00:00Z,,,,,skipped_existing,destination JPEG already exists
2016/07/21/HMI.m2016.07.21_07.00.00.jpg,2016-07-21T07:00:00Z,,,,,skipped_existing,destination JPEG already exists
2016/07/21/HMI.m2016.07.21_23.00.00.jpg,2016-07-21T23:00:00Z,,,,,skipped_existing,destination JPEG already exists
2016/07/22/HMI.m2016.07.22_04.00.00.jpg,2016-07-22T04:00:00Z,,,,,skipped_existing,destination JPEG already exists
2016/07/22/HMI.m2016.07.22_05.00.00.jpg,2016-07-22T05:00:00Z,,,,,skipped_existing,destination JPEG already exists
2016/07/22/HMI.m2016.07.22_07.00.00.jpg,2016-07-22T07:00:00Z,,,,,skipped_existing,destination JPEG already exists
2016/07/22/HMI.m2016.07.22_10.00.00.jpg,2016-07-22T10:00:00Z,,,,,skipped_existing,destination JPEG already exists
2016/07/22/HMI.m2016.07.22_11.00.00.jpg,2016-07-22T11:00:00Z,,,,,skipped_existing,destination JPEG already exists
2016/07/22/HMI.m2016.07.22_13.00.00.jpg,2016-07-22T13:00:00Z,,,,,skipped_existing,destination JPEG already exists
2016/07/22/HMI.m2016.07.22_17.00.00.jpg,2016-07-22T17:00:00Z,,,,,skipped_existing,destination JPEG already exists
2016/07/22/HMI.m2016.07.22_19.00.00.jpg,2016-07-22T19:00:00Z,,,,,skipped_existing,destination JPEG already exists
2016/07/22/HMI.m2016.07.22_21.00.00.jpg,2016-07-22T21:00:00Z,,,,,skipped_existing,destination JPEG already exists
2016/07/23/HMI.m2016.07.23_01.00.00.jpg,2016-07-23T01:00:00Z,,,,,skipped_existing,destination JPEG already exists
2016/07/23/HMI.m2016.07.23_05.00.00.jpg,2016-07-23T05:00:00Z,,,,,skipped_existing,destination JPEG already exists
2016/07/23/HMI.m2016.07.23_07.00.00.jpg,2016-07-23T07:00:00Z,,,,,skipped_existing,destination JPEG already exists
2016/07/23/HMI.m2016.07.23_09.00.00.jpg,2016-07-23T09:00:00Z,,,,,skipped_existing,destination JPEG already exists
2016/07/23/HMI.m2016.07.23_10.00.00.jpg,2016-07-23T10:00:00Z,,,,,skipped_existing,destination JPEG already exists
2016/07/23/HMI.m2016.07.23_19.00.00.jpg,2016-07-23T19:00:00Z,,,,,skipped_existing,destination JPEG already exists
2016/07/23/HMI.m2016.07.23_21.00.00.jpg,2016-07-23T21:00:00Z,,,,,skipped_existing,destination JPEG already exists
2016/07/23/HMI.m2016.07.23_23.00.00.jpg,2016-07-23T23:00:00Z,,,,,skipped_existing,destination JPEG already exists
2016/07/24/HMI.m2016.07.24_00.00.00.jpg,2016-07-24T00:00:00Z,,,,,skipped_existing,destination JPEG already exists
2016/07/24/HMI.m2016.07.24_05.00.00.jpg,2016-07-24T05:00:00Z,,,,,skipped_existing,destination JPEG already exists
2016/07/24/HMI.m2016.07.24_08.00.00.jpg,2016-07-24T08:00:00Z,,,,,skipped_existing,destination JPEG already exists
2016/07/24/HMI.m2016.07.24_09.00.00.jpg,2016-07-24T09:00:00Z,,,,,skipped_existing,destination JPEG already exists
2016/07/24/HMI.m2016.07.24_15.00.00.jpg,2016-07-24T15:00:00Z,,,,,skipped_existing,destination JPEG already exists
2016/07/26/HMI.m2016.07.26_11.00.00.jpg,2016-07-26T11:00:00Z,,,,,skipped_existing,destination JPEG already exists
2016/07/27/HMI.m2016.07.27_18.00.00.jpg,2016-07-27T18:00:00Z,,,,,skipped_existing,destination JPEG already exists
2016/07/28/HMI.m2016.07.28_05.00.00.jpg,2016-07-28T05:00:00Z,,,,,skipped_existing,destination JPEG already exists
2016/07/28/HMI.m2016.07.28_06.00.00.jpg,2016-07-28T06:00:00Z,,,,,skipped_existing,destination JPEG already exists
2016/07/29/HMI.m2016.07.29_23.00.00.jpg,2016-07-29T23:00:00Z,,,,,skipped_existing,destination JPEG already exists
2016/07/31/HMI.m2016.07.31_06.00.00.jpg,2016-07-31T06:00:00Z,,,,,skipped_existing,destination JPEG already exists
2016/08/01/HMI.m2016.08.01_08.00.00.jpg,2016-08-01T08:00:00Z,,,,,skipped_existing,destination JPEG already exists
2016/08/13/HMI.m2016.08.13_21.00.00.jpg,2016-08-13T21:00:00Z,,,,,skipped_existing,destination JPEG already exists
2016/08/15/HMI.m2016.08.15_02.00.00.jpg,2016-08-15T02:00:00Z,,,,,skipped_existing,destination JPEG already exists
2016/08/16/HMI.m2016.08.16_04.00.00.jpg,2016-08-16T04:00:00Z,,,,,skipped_existing,destination JPEG already exists
2016/08/17/HMI.m2016.08.17_16.00.00.jpg,2016-08-17T16:00:00Z,,,,,skipped_existing,destination JPEG already exists
2016/08/19/HMI.m2016.08.19_03.00.00.jpg,2016-08-19T03:00:00Z,,,,,skipped_existing,destination JPEG already exists
2016/08/19/HMI.m2016.08.19_07.00.00.jpg,2016-08-19T07:00:00Z,,,,,skipped_existing,destination JPEG already exists
2016/08/19/HMI.m2016.08.19_19.00.00.jpg,2016-08-19T19:00:00Z,,,,,skipped_existing,destination JPEG already exists
2016/08/19/HMI.m2016.08.19_20.00.00.jpg,2016-08-19T20:00:00Z,,,,,skipped_existing,destination JPEG already exists
2016/08/22/HMI.m2016.08.22_22.00.00.jpg,2016-08-22T22:00:00Z,,,,,skipped_existing,destination JPEG already exists
2016/08/23/HMI.m2016.08.23_08.00.00.jpg,2016-08-23T08:00:00Z,,,,,skipped_existing,destination JPEG already exists
2016/08/24/HMI.m2016.08.24_06.00.00.jpg,2016-08-24T06:00:00Z,2016-08-23 23:59:52Z,21608,104902366,,skipped_unavailable,Closest HMI observation is 21608s from 2016-08-24T06:00:00Z
2016/08/24/HMI.m2016.08.24_20.00.00.jpg,2016-08-24T20:00:00Z,2016-08-25 00:00:37Z,14437,104904070,,skipped_unavailable,Closest HMI observation is 14437s from 2016-08-24T20:00:00Z
2016/08/25/HMI.m2016.08.25_03.00.00.jpg,2016-08-25T03:00:00Z,,,,,skipped_existing,destination JPEG already exists
2016/08/26/HMI.m2016.08.26_04.00.00.jpg,2016-08-26T04:00:00Z,,,,,skipped_existing,destination JPEG already exists
2016/08/26/HMI.m2016.08.26_20.00.00.jpg,2016-08-26T20:00:00Z,,,,,skipped_existing,destination JPEG already exists
2016/08/28/HMI.m2016.08.28_21.00.00.jpg,2016-08-28T21:00:00Z,,,,,skipped_existing,destination JPEG already exists
2016/08/28/HMI.m2016.08.28_23.00.00.jpg,2016-08-28T23:00:00Z,,,,,skipped_existing,destination JPEG already exists
2016/08/29/HMI.m2016.08.29_16.00.00.jpg,2016-08-29T16:00:00Z,,,,,skipped_existing,destination JPEG already exists
2016/08/30/HMI.m2016.08.30_10.00.00.jpg,2016-08-30T10:00:00Z,,,,,skipped_existing,destination JPEG already exists
2016/08/31/HMI.m2016.08.31_21.00.00.jpg,2016-08-31T21:00:00Z,,,,,skipped_existing,destination JPEG already exists
2016/09/01/HMI.m2016.09.01_16.00.00.jpg,2016-09-01T16:00:00Z,,,,,skipped_existing,destination JPEG already exists
2016/09/02/HMI.m2016.09.02_15.00.00.jpg,2016-09-02T15:00:00Z,2016-09-03 00:00:36Z,32436,104928368,,skipped_unavailable,Closest HMI observation is 32436s from 2016-09-02T15:00:00Z
2016/09/03/HMI.m2016.09.03_17.00.00.jpg,2016-09-03T17:00:00Z,,,,,skipped_existing,destination JPEG already exists
2016/09/04/HMI.m2016.09.04_20.00.00.jpg,2016-09-04T20:00:00Z,,,,,skipped_existing,destination JPEG already exists
2016/09/05/HMI.m2016.09.05_06.00.00.jpg,2016-09-05T06:00:00Z,,,,,skipped_existing,destination JPEG already exists
2016/09/06/HMI.m2016.09.06_08.00.00.jpg,2016-09-06T08:00:00Z,2016-09-05 23:59:51Z,28809,104935159,,skipped_unavailable,Closest HMI observation is 28809s from 2016-09-06T08:00:00Z
2016/09/06/HMI.m2016.09.06_17.00.00.jpg,2016-09-06T17:00:00Z,2016-09-07 00:00:35Z,25235,104936477,,skipped_unavailable,Closest HMI observation is 25235s from 2016-09-06T17:00:00Z
2016/09/06/HMI.m2016.09.06_21.00.00.jpg,2016-09-06T21:00:00Z,2016-09-07 00:00:35Z,10835,104936477,,skipped_unavailable,Closest HMI observation is 10835s from 2016-09-06T21:00:00Z
2016/09/07/HMI.m2016.09.07_20.00.00.jpg,2016-09-07T20:00:00Z,,,,,skipped_existing,destination JPEG already exists
2016/09/09/HMI.m2016.09.09_03.00.00.jpg,2016-09-09T03:00:00Z,,,,,skipped_existing,destination JPEG already exists
2016/09/09/HMI.m2016.09.09_14.00.00.jpg,2016-09-09T14:00:00Z,,,,,skipped_existing,destination JPEG already exists
2016/09/10/HMI.m2016.09.10_21.00.00.jpg,2016-09-10T21:00:00Z,,,,,skipped_existing,destination JPEG already exists
2016/09/10/HMI.m2016.09.10_23.00.00.jpg,2016-09-10T23:00:00Z,,,,,skipped_existing,destination JPEG already exists
2016/09/11/HMI.m2016.09.11_11.00.00.jpg,2016-09-11T11:00:00Z,,,,,skipped_existing,destination JPEG already exists
2016/09/12/HMI.m2016.09.12_18.00.00.jpg,2016-09-12T18:00:00Z,,,,,skipped_existing,destination JPEG already exists
2016/09/13/HMI.m2016.09.13_07.00.00.jpg,2016-09-13T07:00:00Z,,,,,skipped_existing,destination JPEG already exists
2016/09/14/HMI.m2016.09.14_15.00.00.jpg,2016-09-14T15:00:00Z,,,,,skipped_existing,destination JPEG already exists
2016/09/14/HMI.m2016.09.14_17.00.00.jpg,2016-09-14T17:00:00Z,,,,,skipped_existing,destination JPEG already exists
2016/09/14/HMI.m2016.09.14_21.00.00.jpg,2016-09-14T21:00:00Z,,,,,skipped_existing,destination JPEG already exists
2016/09/18/HMI.m2016.09.18_04.00.00.jpg,2016-09-18T04:00:00Z,,,,,skipped_existing,destination JPEG already exists
2016/09/18/HMI.m2016.09.18_07.00.00.jpg,2016-09-18T07:00:00Z,,,,,skipped_existing,destination JPEG already exists
2016/09/19/HMI.m2016.09.19_03.00.00.jpg,2016-09-19T03:00:00Z,,,,,skipped_existing,destination JPEG already exists
2016/09/19/HMI.m2016.09.19_12.00.00.jpg,2016-09-19T12:00:00Z,,,,,skipped_existing,destination JPEG already exists
2016/09/22/HMI.m2016.09.22_00.00.00.jpg,2016-09-22T00:00:00Z,,,,,skipped_existing,destination JPEG already exists
2016/09/22/HMI.m2016.09.22_06.00.00.jpg,2016-09-22T06:00:00Z,,,,,skipped_existing,destination JPEG already exists
2016/09/22/HMI.m2016.09.22_14.00.00.jpg,2016-09-22T14:00:00Z,,,,,skipped_existing,destination JPEG already exists
2016/09/25/HMI.m2016.09.25_19.00.00.jpg,2016-09-25T19:00:00Z,,,,,skipped_existing,destination JPEG already exists
2016/09/27/HMI.m2016.09.27_22.00.00.jpg,2016-09-27T22:00:00Z,2016-09-28 00:05:03Z,7503,105002022,,skipped_unavailable,Closest HMI observation is 7503s from 2016-09-27T22:00:00Z
2016/09/29/HMI.m2016.09.29_01.00.00.jpg,2016-09-29T01:00:00Z,,,,,skipped_existing,destination JPEG already exists
2016/09/29/HMI.m2016.09.29_16.00.00.jpg,2016-09-29T16:00:00Z,,,,,skipped_existing,destination JPEG already exists
2016/09/29/HMI.m2016.09.29_19.00.00.jpg,2016-09-29T19:00:00Z,,,,,skipped_existing,destination JPEG already exists
2016/09/30/HMI.m2016.09.30_01.00.00.jpg,2016-09-30T01:00:00Z,,,,,skipped_existing,destination JPEG already exists
2016/09/30/HMI.m2016.09.30_02.00.00.jpg,2016-09-30T02:00:00Z,,,,,skipped_existing,destination JPEG already exists
2016/10/01/HMI.m2016.10.01_02.00.00.jpg,2016-10-01T02:00:00Z,,,,,skipped_existing,destination JPEG already exists
2016/10/02/HMI.m2016.10.02_23.00.00.jpg,2016-10-02T23:00:00Z,,,,,skipped_existing,destination JPEG already exists
2016/10/03/HMI.m2016.10.03_13.00.00.jpg,2016-10-03T13:00:00Z,,,,,skipped_existing,destination JPEG already exists
2016/10/04/HMI.m2016.10.04_03.00.00.jpg,2016-10-04T03:00:00Z,,,,,skipped_existing,destination JPEG already exists
2016/10/06/HMI.m2016.10.06_01.00.00.jpg,2016-10-06T01:00:00Z,,,,,skipped_existing,destination JPEG already exists
2016/10/06/HMI.m2016.10.06_06.00.00.jpg,2016-10-06T06:00:00Z,,,,,skipped_existing,destination JPEG already exists
2016/10/09/HMI.m2016.10.09_17.00.00.jpg,2016-10-09T17:00:00Z,,,,,skipped_existing,destination JPEG already exists
2016/10/09/HMI.m2016.10.09_20.00.00.jpg,2016-10-09T20:00:00Z,,,,,skipped_existing,destination JPEG already exists
2016/10/12/HMI.m2016.10.12_17.00.00.jpg,2016-10-12T17:00:00Z,,,,,skipped_existing,destination JPEG already exists
2016/10/14/HMI.m2016.10.14_01.00.00.jpg,2016-10-14T01:00:00Z,,,,,skipped_existing,destination JPEG already exists
2016/10/14/HMI.m2016.10.14_14.00.00.jpg,2016-10-14T14:00:00Z,,,,,skipped_existing,destination JPEG already exists
2016/10/14/HMI.m2016.10.14_19.00.00.jpg,2016-10-14T19:00:00Z,,,,,skipped_existing,destination JPEG already exists
2016/10/15/HMI.m2016.10.15_05.00.00.jpg,2016-10-15T05:00:00Z,,,,,skipped_existing,destination JPEG already exists
2016/10/18/HMI.m2016.10.18_10.00.00.jpg,2016-10-18T10:00:00Z,,,,,skipped_existing,destination JPEG already exists
2016/10/18/HMI.m2016.10.18_11.00.00.jpg,2016-10-18T11:00:00Z,,,,,skipped_existing,destination JPEG already exists
2016/10/19/HMI.m2016.10.19_07.00.00.jpg,2016-10-19T07:00:00Z,,,,,skipped_existing,destination JPEG already exists
2016/10/20/HMI.m2016.10.20_15.00.00.jpg,2016-10-20T15:00:00Z,,,,,skipped_existing,destination JPEG already exists
2016/10/20/HMI.m2016.10.20_18.00.00.jpg,2016-10-20T18:00:00Z,,,,,skipped_existing,destination JPEG already exists
2016/10/21/HMI.m2016.10.21_00.00.00.jpg,2016-10-21T00:00:00Z,,,,,skipped_existing,destination JPEG already exists
2016/10/21/HMI.m2016.10.21_14.00.00.jpg,2016-10-21T14:00:00Z,,,,,skipped_existing,destination JPEG already exists
2016/10/22/HMI.m2016.10.22_19.00.00.jpg,2016-10-22T19:00:00Z,,,,,skipped_existing,destination JPEG already exists
2016/10/22/HMI.m2016.10.22_21.00.00.jpg,2016-10-22T21:00:00Z,,,,,skipped_existing,destination JPEG already exists
2016/10/23/HMI.m2016.10.23_01.00.00.jpg,2016-10-23T01:00:00Z,,,,,skipped_existing,destination JPEG already exists
2016/10/23/HMI.m2016.10.23_12.00.00.jpg,2016-10-23T12:00:00Z,,,,,skipped_existing,destination JPEG already exists
2016/10/24/HMI.m2016.10.24_01.00.00.jpg,2016-10-24T01:00:00Z,,,,,skipped_existing,destination JPEG already exists
2016/10/24/HMI.m2016.10.24_21.00.00.jpg,2016-10-24T21:00:00Z,,,,,skipped_existing,destination JPEG already exists
2016/10/25/HMI.m2016.10.25_01.00.00.jpg,2016-10-25T01:00:00Z,,,,,skipped_existing,destination JPEG already exists
2016/10/25/HMI.m2016.10.25_11.00.00.jpg,2016-10-25T11:00:00Z,,,,,skipped_existing,destination JPEG already exists
2016/10/27/HMI.m2016.10.27_18.00.00.jpg,2016-10-27T18:00:00Z,,,,,skipped_existing,destination JPEG already exists
2016/10/29/HMI.m2016.10.29_13.00.00.jpg,2016-10-29T13:00:00Z,,,,,skipped_existing,destination JPEG already exists
2016/10/29/HMI.m2016.10.29_16.00.00.jpg,2016-10-29T16:00:00Z,,,,,skipped_existing,destination JPEG already exists
2016/10/30/HMI.m2016.10.30_18.00.00.jpg,2016-10-30T18:00:00Z,,,,,skipped_existing,destination JPEG already exists
2016/10/30/HMI.m2016.10.30_19.00.00.jpg,2016-10-30T19:00:00Z,,,,,skipped_existing,destination JPEG already exists
2016/10/31/HMI.m2016.10.31_22.00.00.jpg,2016-10-31T22:00:00Z,,,,,skipped_existing,destination JPEG already exists
2016/11/01/HMI.m2016.11.01_05.00.00.jpg,2016-11-01T05:00:00Z,,,,,skipped_existing,destination JPEG already exists
2016/11/01/HMI.m2016.11.01_18.00.00.jpg,2016-11-01T18:00:00Z,,,,,skipped_existing,destination JPEG already exists
2016/11/02/HMI.m2016.11.02_05.00.00.jpg,2016-11-02T05:00:00Z,,,,,skipped_existing,destination JPEG already exists
2016/11/02/HMI.m2016.11.02_08.00.00.jpg,2016-11-02T08:00:00Z,,,,,skipped_existing,destination JPEG already exists
2016/11/02/HMI.m2016.11.02_11.00.00.jpg,2016-11-02T11:00:00Z,,,,,skipped_existing,destination JPEG already exists
2016/11/02/HMI.m2016.11.02_18.00.00.jpg,2016-11-02T18:00:00Z,,,,,skipped_existing,destination JPEG already exists
2016/11/03/HMI.m2016.11.03_05.00.00.jpg,2016-11-03T05:00:00Z,,,,,skipped_existing,destination JPEG already exists
2016/11/04/HMI.m2016.11.04_00.00.00.jpg,2016-11-04T00:00:00Z,,,,,skipped_existing,destination JPEG already exists
2016/11/05/HMI.m2016.11.05_08.00.00.jpg,2016-11-05T08:00:00Z,,,,,skipped_existing,destination JPEG already exists
2016/11/05/HMI.m2016.11.05_15.00.00.jpg,2016-11-05T15:00:00Z,,,,,skipped_existing,destination JPEG already exists
2016/11/06/HMI.m2016.11.06_14.00.00.jpg,2016-11-06T14:00:00Z,,,,,skipped_existing,destination JPEG already exists
2016/11/06/HMI.m2016.11.06_18.00.00.jpg,2016-11-06T18:00:00Z,,,,,skipped_existing,destination JPEG already exists
2016/11/07/HMI.m2016.11.07_21.00.00.jpg,2016-11-07T21:00:00Z,,,,,skipped_existing,destination JPEG already exists
2016/11/08/HMI.m2016.11.08_08.00.00.jpg,2016-11-08T08:00:00Z,,,,,skipped_existing,destination JPEG already exists
2016/11/08/HMI.m2016.11.08_14.00.00.jpg,2016-11-08T14:00:00Z,,,,,skipped_existing,destination JPEG already exists
2016/11/11/HMI.m2016.11.11_03.00.00.jpg,2016-11-11T03:00:00Z,,,,,skipped_existing,destination JPEG already exists
2016/11/11/HMI.m2016.11.11_04.00.00.jpg,2016-11-11T04:00:00Z,,,,,skipped_existing,destination JPEG already exists
2016/11/11/HMI.m2016.11.11_18.00.00.jpg,2016-11-11T18:00:00Z,,,,,skipped_existing,destination JPEG already exists
2016/11/12/HMI.m2016.11.12_12.00.00.jpg,2016-11-12T12:00:00Z,,,,,skipped_existing,destination JPEG already exists
2016/11/14/HMI.m2016.11.14_16.00.00.jpg,2016-11-14T16:00:00Z,,,,,skipped_existing,destination JPEG already exists
2016/11/16/HMI.m2016.11.16_05.00.00.jpg,2016-11-16T05:00:00Z,,,,,skipped_existing,destination JPEG already exists
2016/11/17/HMI.m2016.11.17_12.00.00.jpg,2016-11-17T12:00:00Z,,,,,skipped_existing,destination JPEG already exists
2016/11/18/HMI.m2016.11.18_10.00.00.jpg,2016-11-18T10:00:00Z,,,,,skipped_existing,destination JPEG already exists
2016/11/18/HMI.m2016.11.18_19.00.00.jpg,2016-11-18T19:00:00Z,,,,,skipped_existing,destination JPEG already exists
2016/11/20/HMI.m2016.11.20_04.00.00.jpg,2016-11-20T04:00:00Z,,,,,skipped_existing,destination JPEG already exists
2016/11/23/HMI.m2016.11.23_16.00.00.jpg,2016-11-23T16:00:00Z,,,,,skipped_existing,destination JPEG already exists
2016/11/24/HMI.m2016.11.24_00.00.00.jpg,2016-11-24T00:00:00Z,,,,,skipped_existing,destination JPEG already exists
2016/11/27/HMI.m2016.11.27_06.00.00.jpg,2016-11-27T06:00:00Z,,,,,skipped_existing,destination JPEG already exists
2016/11/28/HMI.m2016.11.28_09.00.00.jpg,2016-11-28T09:00:00Z,,,,,skipped_existing,destination JPEG already exists
2016/11/28/HMI.m2016.11.28_13.00.00.jpg,2016-11-28T13:00:00Z,,,,,skipped_existing,destination JPEG already exists
2016/11/28/HMI.m2016.11.28_20.00.00.jpg,2016-11-28T20:00:00Z,,,,,skipped_existing,destination JPEG already exists
2016/11/28/HMI.m2016.11.28_21.00.00.jpg,2016-11-28T21:00:00Z,,,,,skipped_existing,destination JPEG already exists
2016/11/29/HMI.m2016.11.29_00.00.00.jpg,2016-11-29T00:00:00Z,,,,,skipped_existing,destination JPEG already exists
2016/11/29/HMI.m2016.11.29_03.00.00.jpg,2016-11-29T03:00:00Z,,,,,skipped_existing,destination JPEG already exists
2016/11/29/HMI.m2016.11.29_05.00.00.jpg,2016-11-29T05:00:00Z,,,,,skipped_existing,destination JPEG already exists
2016/11/29/HMI.m2016.11.29_10.00.00.jpg,2016-11-29T10:00:00Z,,,,,skipped_existing,destination JPEG already exists
2016/11/29/HMI.m2016.11.29_13.00.00.jpg,2016-11-29T13:00:00Z,,,,,skipped_existing,destination JPEG already exists
2016/11/29/HMI.m2016.11.29_20.00.00.jpg,2016-11-29T20:00:00Z,,,,,skipped_existing,destination JPEG already exists
2016/12/01/HMI.m2016.12.01_02.00.00.jpg,2016-12-01T02:00:00Z,,,,,skipped_existing,destination JPEG already exists
2016/12/01/HMI.m2016.12.01_17.00.00.jpg,2016-12-01T17:00:00Z,,,,,skipped_existing,destination JPEG already exists
2016/12/02/HMI.m2016.12.02_14.00.00.jpg,2016-12-02T14:00:00Z,,,,,skipped_existing,destination JPEG already exists
2016/12/03/HMI.m2016.12.03_00.00.00.jpg,2016-12-03T00:00:00Z,,,,,skipped_existing,destination JPEG already exists
2016/12/03/HMI.m2016.12.03_18.00.00.jpg,2016-12-03T18:00:00Z,,,,,skipped_existing,destination JPEG already exists
2016/12/08/HMI.m2016.12.08_01.00.00.jpg,2016-12-08T01:00:00Z,,,,,skipped_existing,destination JPEG already exists
2016/12/08/HMI.m2016.12.08_09.00.00.jpg,2016-12-08T09:00:00Z,,,,,skipped_existing,destination JPEG already exists
2016/12/08/HMI.m2016.12.08_10.00.00.jpg,2016-12-08T10:00:00Z,,,,,skipped_existing,destination JPEG already exists
2016/12/09/HMI.m2016.12.09_01.00.00.jpg,2016-12-09T01:00:00Z,,,,,skipped_existing,destination JPEG already exists
2016/12/09/HMI.m2016.12.09_07.00.00.jpg,2016-12-09T07:00:00Z,,,,,skipped_existing,destination JPEG already exists
2016/12/09/HMI.m2016.12.09_13.00.00.jpg,2016-12-09T13:00:00Z,,,,,skipped_existing,destination JPEG already exists
2016/12/10/HMI.m2016.12.10_23.00.00.jpg,2016-12-10T23:00:00Z,,,,,skipped_existing,destination JPEG already exists
2016/12/13/HMI.m2016.12.13_05.00.00.jpg,2016-12-13T05:00:00Z,,,,,skipped_existing,destination JPEG already exists
2016/12/14/HMI.m2016.12.14_21.00.00.jpg,2016-12-14T21:00:00Z,,,,,skipped_existing,destination JPEG already exists
2016/12/18/HMI.m2016.12.18_16.00.00.jpg,2016-12-18T16:00:00Z,,,,,skipped_existing,destination JPEG already exists
2016/12/19/HMI.m2016.12.19_15.00.00.jpg,2016-12-19T15:00:00Z,,,,,skipped_existing,destination JPEG already exists
2016/12/19/HMI.m2016.12.19_23.00.00.jpg,2016-12-19T23:00:00Z,,,,,skipped_existing,destination JPEG already exists
2016/12/20/HMI.m2016.12.20_23.00.00.jpg,2016-12-20T23:00:00Z,,,,,skipped_existing,destination JPEG already exists
2016/12/21/HMI.m2016.12.21_09.00.00.jpg,2016-12-21T09:00:00Z,,,,,skipped_existing,destination JPEG already exists
2016/12/21/HMI.m2016.12.21_14.00.00.jpg,2016-12-21T14:00:00Z,,,,,skipped_existing,destination JPEG already exists
2016/12/21/HMI.m2016.12.21_17.00.00.jpg,2016-12-21T17:00:00Z,,,,,skipped_existing,destination JPEG already exists
2016/12/21/HMI.m2016.12.21_18.00.00.jpg,2016-12-21T18:00:00Z,,,,,skipped_existing,destination JPEG already exists
2016/12/23/HMI.m2016.12.23_11.00.00.jpg,2016-12-23T11:00:00Z,,,,,skipped_existing,destination JPEG already exists
2016/12/23/HMI.m2016.12.23_20.00.00.jpg,2016-12-23T20:00:00Z,,,,,skipped_existing,destination JPEG already exists
2016/12/24/HMI.m2016.12.24_04.00.00.jpg,2016-12-24T04:00:00Z,,,,,skipped_existing,destination JPEG already exists
2016/12/28/HMI.m2016.12.28_01.00.00.jpg,2016-12-28T01:00:00Z,,,,,skipped_existing,destination JPEG already exists
2016/12/30/HMI.m2016.12.30_12.00.00.jpg,2016-12-30T12:00:00Z,,,,,skipped_existing,destination JPEG already exists
2016/12/31/HMI.m2016.12.31_20.00.00.jpg,2016-12-31T20:00:00Z,,,,,skipped_existing,destination JPEG already exists
2017/01/03/HMI.m2017.01.03_06.00.00.jpg,2017-01-03T06:00:00Z,,,,,skipped_existing,destination JPEG already exists
2017/01/04/HMI.m2017.01.04_03.00.00.jpg,2017-01-04T03:00:00Z,,,,,skipped_existing,destination JPEG already exists
2017/01/04/HMI.m2017.01.04_12.00.00.jpg,2017-01-04T12:00:00Z,,,,,skipped_existing,destination JPEG already exists
2017/01/05/HMI.m2017.01.05_06.00.00.jpg,2017-01-05T06:00:00Z,,,,,skipped_existing,destination JPEG already exists
2017/01/06/HMI.m2017.01.06_05.00.00.jpg,2017-01-06T05:00:00Z,,,,,skipped_existing,destination JPEG already exists
2017/01/06/HMI.m2017.01.06_12.00.00.jpg,2017-01-06T12:00:00Z,,,,,skipped_existing,destination JPEG already exists
2017/01/06/HMI.m2017.01.06_13.00.00.jpg,2017-01-06T13:00:00Z,,,,,skipped_existing,destination JPEG already exists
2017/01/08/HMI.m2017.01.08_15.00.00.jpg,2017-01-08T15:00:00Z,,,,,skipped_existing,destination JPEG already exists
2017/01/08/HMI.m2017.01.08_16.00.00.jpg,2017-01-08T16:00:00Z,,,,,skipped_existing,destination JPEG already exists
2017/01/09/HMI.m2017.01.09_10.00.00.jpg,2017-01-09T10:00:00Z,,,,,skipped_existing,destination JPEG already exists
2017/01/09/HMI.m2017.01.09_22.00.00.jpg,2017-01-09T22:00:00Z,,,,,skipped_existing,destination JPEG already exists
2017/01/10/HMI.m2017.01.10_12.00.00.jpg,2017-01-10T12:00:00Z,,,,,skipped_existing,destination JPEG already exists
2017/01/10/HMI.m2017.01.10_16.00.00.jpg,2017-01-10T16:00:00Z,,,,,skipped_existing,destination JPEG already exists
2017/01/10/HMI.m2017.01.10_20.00.00.jpg,2017-01-10T20:00:00Z,,,,,skipped_existing,destination JPEG already exists
2017/01/10/HMI.m2017.01.10_22.00.00.jpg,2017-01-10T22:00:00Z,,,,,skipped_existing,destination JPEG already exists
2017/01/11/HMI.m2017.01.11_06.00.00.jpg,2017-01-11T06:00:00Z,,,,,skipped_existing,destination JPEG already exists
2017/01/12/HMI.m2017.01.12_21.00.00.jpg,2017-01-12T21:00:00Z,,,,,skipped_existing,destination JPEG already exists
2017/01/13/HMI.m2017.01.13_02.00.00.jpg,2017-01-13T02:00:00Z,,,,,skipped_existing,destination JPEG already exists
2017/01/14/HMI.m2017.01.14_16.00.00.jpg,2017-01-14T16:00:00Z,,,,,skipped_existing,destination JPEG already exists
2017/01/15/HMI.m2017.01.15_19.00.00.jpg,2017-01-15T19:00:00Z,,,,,skipped_existing,destination JPEG already exists
2017/01/16/HMI.m2017.01.16_04.00.00.jpg,2017-01-16T04:00:00Z,,,,,skipped_existing,destination JPEG already exists
2017/01/19/HMI.m2017.01.19_22.00.00.jpg,2017-01-19T22:00:00Z,,,,,skipped_existing,destination JPEG already exists
2017/01/20/HMI.m2017.01.20_05.00.00.jpg,2017-01-20T05:00:00Z,,,,,skipped_existing,destination JPEG already exists
2017/01/21/HMI.m2017.01.21_14.00.00.jpg,2017-01-21T14:00:00Z,,,,,skipped_existing,destination JPEG already exists
2017/01/24/HMI.m2017.01.24_21.00.00.jpg,2017-01-24T21:00:00Z,,,,,skipped_existing,destination JPEG already exists
2017/01/25/HMI.m2017.01.25_03.00.00.jpg,2017-01-25T03:00:00Z,,,,,skipped_existing,destination JPEG already exists
2017/01/25/HMI.m2017.01.25_09.00.00.jpg,2017-01-25T09:00:00Z,,,,,skipped_existing,destination JPEG already exists
2017/01/26/HMI.m2017.01.26_01.00.00.jpg,2017-01-26T01:00:00Z,,,,,skipped_existing,destination JPEG already exists
2017/01/27/HMI.m2017.01.27_00.00.00.jpg,2017-01-27T00:00:00Z,,,,,skipped_existing,destination JPEG already exists
2017/01/29/HMI.m2017.01.29_16.00.00.jpg,2017-01-29T16:00:00Z,,,,,skipped_existing,destination JPEG already exists
2017/01/30/HMI.m2017.01.30_04.00.00.jpg,2017-01-30T04:00:00Z,,,,,skipped_existing,destination JPEG already exists
2017/01/30/HMI.m2017.01.30_14.00.00.jpg,2017-01-30T14:00:00Z,,,,,skipped_existing,destination JPEG already exists
2017/01/30/HMI.m2017.01.30_22.00.00.jpg,2017-01-30T22:00:00Z,,,,,skipped_existing,destination JPEG already exists
2017/02/01/HMI.m2017.02.01_10.00.00.jpg,2017-02-01T10:00:00Z,,,,,skipped_existing,destination JPEG already exists
2017/02/01/HMI.m2017.02.01_16.00.00.jpg,2017-02-01T16:00:00Z,,,,,skipped_existing,destination JPEG already exists
2017/02/06/HMI.m2017.02.06_05.00.00.jpg,2017-02-06T05:00:00Z,,,,,skipped_existing,destination JPEG already exists
2017/02/09/HMI.m2017.02.09_18.00.00.jpg,2017-02-09T18:00:00Z,,,,,skipped_existing,destination JPEG already exists
2017/02/14/HMI.m2017.02.14_06.00.00.jpg,2017-02-14T06:00:00Z,,,,,skipped_existing,destination JPEG already exists
2017/02/16/HMI.m2017.02.16_23.00.00.jpg,2017-02-16T23:00:00Z,,,,,skipped_existing,destination JPEG already exists
2017/02/19/HMI.m2017.02.19_16.00.00.jpg,2017-02-19T16:00:00Z,,,,,skipped_existing,destination JPEG already exists
2017/02/20/HMI.m2017.02.20_03.00.00.jpg,2017-02-20T03:00:00Z,,,,,skipped_existing,destination JPEG already exists
2017/02/20/HMI.m2017.02.20_15.00.00.jpg,2017-02-20T15:00:00Z,,,,,skipped_existing,destination JPEG already exists
2017/02/21/HMI.m2017.02.21_02.00.00.jpg,2017-02-21T02:00:00Z,,,,,skipped_existing,destination JPEG already exists
2017/02/21/HMI.m2017.02.21_12.00.00.jpg,2017-02-21T12:00:00Z,,,,,skipped_existing,destination JPEG already exists
2017/02/22/HMI.m2017.02.22_03.00.00.jpg,2017-02-22T03:00:00Z,,,,,skipped_existing,destination JPEG already exists
2017/02/22/HMI.m2017.02.22_20.00.00.jpg,2017-02-22T20:00:00Z,,,,,skipped_existing,destination JPEG already exists
2017/02/23/HMI.m2017.02.23_12.00.00.jpg,2017-02-23T12:00:00Z,,,,,skipped_existing,destination JPEG already exists
2017/02/26/HMI.m2017.02.26_12.00.00.jpg,2017-02-26T12:00:00Z,,,,,skipped_existing,destination JPEG already exists
2017/02/26/HMI.m2017.02.26_13.00.00.jpg,2017-02-26T13:00:00Z,,,,,skipped_existing,destination JPEG already exists
2017/02/28/HMI.m2017.02.28_04.00.00.jpg,2017-02-28T04:00:00Z,,,,,skipped_existing,destination JPEG already exists
2017/02/28/HMI.m2017.02.28_16.00.00.jpg,2017-02-28T16:00:00Z,,,,,skipped_existing,destination JPEG already exists
2017/03/01/HMI.m2017.03.01_09.00.00.jpg,2017-03-01T09:00:00Z,,,,,skipped_existing,destination JPEG already exists
2017/03/02/HMI.m2017.03.02_15.00.00.jpg,2017-03-02T15:00:00Z,,,,,skipped_existing,destination JPEG already exists
2017/03/04/HMI.m2017.03.04_00.00.00.jpg,2017-03-04T00:00:00Z,,,,,skipped_existing,destination JPEG already exists
2017/03/04/HMI.m2017.03.04_09.00.00.jpg,2017-03-04T09:00:00Z,,,,,skipped_existing,destination JPEG already exists
2017/03/04/HMI.m2017.03.04_10.00.00.jpg,2017-03-04T10:00:00Z,,,,,skipped_existing,destination JPEG already exists
2017/03/04/HMI.m2017.03.04_22.00.00.jpg,2017-03-04T22:00:00Z,,,,,skipped_existing,destination JPEG already exists
2017/03/05/HMI.m2017.03.05_00.00.00.jpg,2017-03-05T00:00:00Z,,,,,skipped_existing,destination JPEG already exists
2017/03/05/HMI.m2017.03.05_04.00.00.jpg,2017-03-05T04:00:00Z,,,,,skipped_existing,destination JPEG already exists
2017/03/06/HMI.m2017.03.06_22.00.00.jpg,2017-03-06T22:00:00Z,,,,,skipped_existing,destination JPEG already exists
2017/03/07/HMI.m2017.03.07_09.00.00.jpg,2017-03-07T09:00:00Z,,,,,skipped_existing,destination JPEG already exists
2017/03/07/HMI.m2017.03.07_10.00.00.jpg,2017-03-07T10:00:00Z,,,,,skipped_existing,destination JPEG already exists
2017/03/07/HMI.m2017.03.07_12.00.00.jpg,2017-03-07T12:00:00Z,,,,,skipped_existing,destination JPEG already exists
2017/03/08/HMI.m2017.03.08_04.00.00.jpg,2017-03-08T04:00:00Z,,,,,skipped_existing,destination JPEG already exists
2017/03/08/HMI.m2017.03.08_15.00.00.jpg,2017-03-08T15:00:00Z,,,,,skipped_existing,destination JPEG already exists
2017/03/08/HMI.m2017.03.08_19.00.00.jpg,2017-03-08T19:00:00Z,,,,,skipped_existing,destination JPEG already exists
2017/03/09/HMI.m2017.03.09_06.00.00.jpg,2017-03-09T06:00:00Z,,,,,skipped_existing,destination JPEG already exists
2017/03/11/HMI.m2017.03.11_12.00.00.jpg,2017-03-11T12:00:00Z,,,,,skipped_existing,destination JPEG already exists
2017/03/12/HMI.m2017.03.12_00.00.00.jpg,2017-03-12T00:00:00Z,,,,,skipped_existing,destination JPEG already exists
2017/03/14/HMI.m2017.03.14_11.00.00.jpg,2017-03-14T11:00:00Z,,,,,skipped_existing,destination JPEG already exists
2017/03/15/HMI.m2017.03.15_00.00.00.jpg,2017-03-15T00:00:00Z,,,,,skipped_existing,destination JPEG already exists
2017/03/15/HMI.m2017.03.15_03.00.00.jpg,2017-03-15T03:00:00Z,,,,,skipped_existing,destination JPEG already exists
2017/03/15/HMI.m2017.03.15_07.00.00.jpg,2017-03-15T07:00:00Z,,,,,skipped_existing,destination JPEG already exists
2017/03/16/HMI.m2017.03.16_08.00.00.jpg,2017-03-16T08:00:00Z,,,,,skipped_existing,destination JPEG already exists
2017/03/17/HMI.m2017.03.17_16.00.00.jpg,2017-03-17T16:00:00Z,,,,,skipped_existing,destination JPEG already exists
2017/03/18/HMI.m2017.03.18_08.00.00.jpg,2017-03-18T08:00:00Z,,,,,skipped_existing,destination JPEG already exists
2017/03/18/HMI.m2017.03.18_19.00.00.jpg,2017-03-18T19:00:00Z,,,,,skipped_existing,destination JPEG already exists
2017/03/19/HMI.m2017.03.19_11.00.00.jpg,2017-03-19T11:00:00Z,,,,,skipped_existing,destination JPEG already exists
2017/03/19/HMI.m2017.03.19_23.00.00.jpg,2017-03-19T23:00:00Z,,,,,skipped_existing,destination JPEG already exists
2017/03/20/HMI.m2017.03.20_21.00.00.jpg,2017-03-20T21:00:00Z,,,,,skipped_existing,destination JPEG already exists
2017/03/22/HMI.m2017.03.22_06.00.00.jpg,2017-03-22T06:00:00Z,,,,,skipped_existing,destination JPEG already exists
2017/03/25/HMI.m2017.03.25_10.00.00.jpg,2017-03-25T10:00:00Z,,,,,skipped_existing,destination JPEG already exists
2017/03/25/HMI.m2017.03.25_23.00.00.jpg,2017-03-25T23:00:00Z,,,,,skipped_existing,destination JPEG already exists
2017/03/27/HMI.m2017.03.27_06.00.00.jpg,2017-03-27T06:00:00Z,,,,,skipped_existing,destination JPEG already exists
2017/03/28/HMI.m2017.03.28_18.00.00.jpg,2017-03-28T18:00:00Z,,,,,skipped_existing,destination JPEG already exists
2017/03/28/HMI.m2017.03.28_21.00.00.jpg,2017-03-28T21:00:00Z,,,,,skipped_existing,destination JPEG already exists
2017/03/29/HMI.m2017.03.29_13.00.00.jpg,2017-03-29T13:00:00Z,,,,,skipped_existing,destination JPEG already exists
2017/03/29/HMI.m2017.03.29_15.00.00.jpg,2017-03-29T15:00:00Z,,,,,skipped_existing,destination JPEG already exists
2017/03/30/HMI.m2017.03.30_12.00.00.jpg,2017-03-30T12:00:00Z,,,,,skipped_existing,destination JPEG already exists
2017/03/31/HMI.m2017.03.31_12.00.00.jpg,2017-03-31T12:00:00Z,,,,,skipped_existing,destination JPEG already exists
2017/03/31/HMI.m2017.03.31_22.00.00.jpg,2017-03-31T22:00:00Z,,,,,skipped_existing,destination JPEG already exists
2017/03/31/HMI.m2017.03.31_23.00.00.jpg,2017-03-31T23:00:00Z,,,,,skipped_existing,destination JPEG already exists
2017/04/01/HMI.m2017.04.01_00.00.00.jpg,2017-04-01T00:00:00Z,,,,,skipped_existing,destination JPEG already exists
2017/04/01/HMI.m2017.04.01_01.00.00.jpg,2017-04-01T01:00:00Z,,,,,skipped_existing,destination JPEG already exists
2017/04/01/HMI.m2017.04.01_02.00.00.jpg,2017-04-01T02:00:00Z,,,,,skipped_existing,destination JPEG already exists
2017/04/01/HMI.m2017.04.01_03.00.00.jpg,2017-04-01T03:00:00Z,,,,,skipped_existing,destination JPEG already exists
2017/04/01/HMI.m2017.04.01_04.00.00.jpg,2017-04-01T04:00:00Z,,,,,skipped_existing,destination JPEG already exists
2017/04/01/HMI.m2017.04.01_05.00.00.jpg,2017-04-01T05:00:00Z,,,,,skipped_existing,destination JPEG already exists
2017/04/01/HMI.m2017.04.01_06.00.00.jpg,2017-04-01T06:00:00Z,,,,,skipped_existing,destination JPEG already exists
2017/04/01/HMI.m2017.04.01_07.00.00.jpg,2017-04-01T07:00:00Z,,,,,skipped_existing,destination JPEG already exists
2017/04/01/HMI.m2017.04.01_08.00.00.jpg,2017-04-01T08:00:00Z,,,,,skipped_existing,destination JPEG already exists
2017/04/01/HMI.m2017.04.01_09.00.00.jpg,2017-04-01T09:00:00Z,,,,,skipped_existing,destination JPEG already exists
2017/04/01/HMI.m2017.04.01_10.00.00.jpg,2017-04-01T10:00:00Z,,,,,skipped_existing,destination JPEG already exists
2017/04/01/HMI.m2017.04.01_11.00.00.jpg,2017-04-01T11:00:00Z,,,,,skipped_existing,destination JPEG already exists
2017/04/01/HMI.m2017.04.01_12.00.00.jpg,2017-04-01T12:00:00Z,,,,,skipped_existing,destination JPEG already exists
2017/04/01/HMI.m2017.04.01_13.00.00.jpg,2017-04-01T13:00:00Z,,,,,skipped_existing,destination JPEG already exists
2017/04/01/HMI.m2017.04.01_14.00.00.jpg,2017-04-01T14:00:00Z,,,,,skipped_existing,destination JPEG already exists
2017/04/01/HMI.m2017.04.01_15.00.00.jpg,2017-04-01T15:00:00Z,,,,,skipped_existing,destination JPEG already exists
2017/04/01/HMI.m2017.04.01_16.00.00.jpg,2017-04-01T16:00:00Z,,,,,skipped_existing,destination JPEG already exists
2017/04/01/HMI.m2017.04.01_17.00.00.jpg,2017-04-01T17:00:00Z,,,,,skipped_existing,destination JPEG already exists
2017/04/01/HMI.m2017.04.01_18.00.00.jpg,2017-04-01T18:00:00Z,,,,,skipped_existing,destination JPEG already exists
2017/04/01/HMI.m2017.04.01_19.00.00.jpg,2017-04-01T19:00:00Z,,,,,skipped_existing,destination JPEG already exists
2017/04/01/HMI.m2017.04.01_20.00.00.jpg,2017-04-01T20:00:00Z,,,,,skipped_existing,destination JPEG already exists
2017/04/01/HMI.m2017.04.01_21.00.00.jpg,2017-04-01T21:00:00Z,,,,,skipped_existing,destination JPEG already exists
2017/04/01/HMI.m2017.04.01_22.00.00.jpg,2017-04-01T22:00:00Z,,,,,skipped_existing,destination JPEG already exists
2017/04/01/HMI.m2017.04.01_23.00.00.jpg,2017-04-01T23:00:00Z,,,,,skipped_existing,destination JPEG already exists
2017/04/02/HMI.m2017.04.02_00.00.00.jpg,2017-04-02T00:00:00Z,,,,,skipped_existing,destination JPEG already exists
2017/04/02/HMI.m2017.04.02_01.00.00.jpg,2017-04-02T01:00:00Z,,,,,skipped_existing,destination JPEG already exists
2017/04/02/HMI.m2017.04.02_02.00.00.jpg,2017-04-02T02:00:00Z,,,,,skipped_existing,destination JPEG already exists
2017/04/02/HMI.m2017.04.02_03.00.00.jpg,2017-04-02T03:00:00Z,,,,,skipped_existing,destination JPEG already exists
2017/04/02/HMI.m2017.04.02_04.00.00.jpg,2017-04-02T04:00:00Z,,,,,skipped_existing,destination JPEG already exists
2017/04/02/HMI.m2017.04.02_05.00.00.jpg,2017-04-02T05:00:00Z,,,,,skipped_existing,destination JPEG already exists
2017/04/02/HMI.m2017.04.02_06.00.00.jpg,2017-04-02T06:00:00Z,,,,,skipped_existing,destination JPEG already exists
2017/04/02/HMI.m2017.04.02_07.00.00.jpg,2017-04-02T07:00:00Z,,,,,skipped_existing,destination JPEG already exists
2017/04/02/HMI.m2017.04.02_08.00.00.jpg,2017-04-02T08:00:00Z,,,,,skipped_existing,destination JPEG already exists
2017/04/02/HMI.m2017.04.02_09.00.00.jpg,2017-04-02T09:00:00Z,,,,,skipped_existing,destination JPEG already exists
2017/04/02/HMI.m2017.04.02_10.00.00.jpg,2017-04-02T10:00:00Z,,,,,skipped_existing,destination JPEG already exists
2017/04/02/HMI.m2017.04.02_11.00.00.jpg,2017-04-02T11:00:00Z,,,,,skipped_existing,destination JPEG already exists
2017/04/02/HMI.m2017.04.02_12.00.00.jpg,2017-04-02T12:00:00Z,,,,,skipped_existing,destination JPEG already exists
2017/04/02/HMI.m2017.04.02_13.00.00.jpg,2017-04-02T13:00:00Z,,,,,skipped_existing,destination JPEG already exists
2017/04/02/HMI.m2017.04.02_14.00.00.jpg,2017-04-02T14:00:00Z,,,,,skipped_existing,destination JPEG already exists
2017/04/02/HMI.m2017.04.02_15.00.00.jpg,2017-04-02T15:00:00Z,,,,,skipped_existing,destination JPEG already exists
2017/04/02/HMI.m2017.04.02_16.00.00.jpg,2017-04-02T16:00:00Z,,,,,skipped_existing,destination JPEG already exists
2017/04/02/HMI.m2017.04.02_17.00.00.jpg,2017-04-02T17:00:00Z,,,,,skipped_existing,destination JPEG already exists
2017/04/02/HMI.m2017.04.02_18.00.00.jpg,2017-04-02T18:00:00Z,,,,,skipped_existing,destination JPEG already exists
2017/04/02/HMI.m2017.04.02_19.00.00.jpg,2017-04-02T19:00:00Z,,,,,skipped_existing,destination JPEG already exists
2017/04/02/HMI.m2017.04.02_20.00.00.jpg,2017-04-02T20:00:00Z,,,,,skipped_existing,destination JPEG already exists
2017/04/02/HMI.m2017.04.02_21.00.00.jpg,2017-04-02T21:00:00Z,,,,,skipped_existing,destination JPEG already exists
2017/04/02/HMI.m2017.04.02_22.00.00.jpg,2017-04-02T22:00:00Z,,,,,skipped_existing,destination JPEG already exists
2017/04/02/HMI.m2017.04.02_23.00.00.jpg,2017-04-02T23:00:00Z,,,,,skipped_existing,destination JPEG already exists
2017/04/03/HMI.m2017.04.03_00.00.00.jpg,2017-04-03T00:00:00Z,,,,,skipped_existing,destination JPEG already exists
2017/04/03/HMI.m2017.04.03_01.00.00.jpg,2017-04-03T01:00:00Z,,,,,skipped_existing,destination JPEG already exists
2017/04/03/HMI.m2017.04.03_02.00.00.jpg,2017-04-03T02:00:00Z,,,,,skipped_existing,destination JPEG already exists
2017/04/03/HMI.m2017.04.03_03.00.00.jpg,2017-04-03T03:00:00Z,,,,,skipped_existing,destination JPEG already exists
2017/04/03/HMI.m2017.04.03_04.00.00.jpg,2017-04-03T04:00:00Z,,,,,skipped_existing,destination JPEG already exists
2017/04/03/HMI.m2017.04.03_05.00.00.jpg,2017-04-03T05:00:00Z,,,,,skipped_existing,destination JPEG already exists
2017/04/03/HMI.m2017.04.03_06.00.00.jpg,2017-04-03T06:00:00Z,,,,,skipped_existing,destination JPEG already exists
2017/04/03/HMI.m2017.04.03_07.00.00.jpg,2017-04-03T07:00:00Z,,,,,skipped_existing,destination JPEG already exists
2017/04/03/HMI.m2017.04.03_08.00.00.jpg,2017-04-03T08:00:00Z,,,,,skipped_existing,destination JPEG already exists
2017/04/03/HMI.m2017.04.03_09.00.00.jpg,2017-04-03T09:00:00Z,,,,,skipped_existing,destination JPEG already exists
2017/04/03/HMI.m2017.04.03_10.00.00.jpg,2017-04-03T10:00:00Z,,,,,skipped_existing,destination JPEG already exists
2017/04/03/HMI.m2017.04.03_11.00.00.jpg,2017-04-03T11:00:00Z,,,,,skipped_existing,destination JPEG already exists
2017/04/03/HMI.m2017.04.03_12.00.00.jpg,2017-04-03T12:00:00Z,,,,,skipped_existing,destination JPEG already exists
2017/04/03/HMI.m2017.04.03_13.00.00.jpg,2017-04-03T13:00:00Z,,,,,skipped_existing,destination JPEG already exists
2017/04/03/HMI.m2017.04.03_14.00.00.jpg,2017-04-03T14:00:00Z,,,,,skipped_existing,destination JPEG already exists
2017/04/04/HMI.m2017.04.04_07.00.00.jpg,2017-04-04T07:00:00Z,,,,,skipped_existing,destination JPEG already exists
2017/04/07/HMI.m2017.04.07_07.00.00.jpg,2017-04-07T07:00:00Z,,,,,skipped_existing,destination JPEG already exists
2017/04/07/HMI.m2017.04.07_19.00.00.jpg,2017-04-07T19:00:00Z,,,,,skipped_existing,destination JPEG already exists
2017/04/08/HMI.m2017.04.08_09.00.00.jpg,2017-04-08T09:00:00Z,,,,,skipped_existing,destination JPEG already exists
2017/04/09/HMI.m2017.04.09_11.00.00.jpg,2017-04-09T11:00:00Z,,,,,skipped_existing,destination JPEG already exists
2017/04/10/HMI.m2017.04.10_12.00.00.jpg,2017-04-10T12:00:00Z,,,,,skipped_existing,destination JPEG already exists
2017/04/11/HMI.m2017.04.11_14.00.00.jpg,2017-04-11T14:00:00Z,,,,,skipped_existing,destination JPEG already exists
2017/04/13/HMI.m2017.04.13_04.00.00.jpg,2017-04-13T04:00:00Z,,,,,skipped_existing,destination JPEG already exists
2017/04/13/HMI.m2017.04.13_12.00.00.jpg,2017-04-13T12:00:00Z,,,,,skipped_existing,destination JPEG already exists
2017/04/13/HMI.m2017.04.13_17.00.00.jpg,2017-04-13T17:00:00Z,,,,,skipped_existing,destination JPEG already exists
2017/04/14/HMI.m2017.04.14_18.00.00.jpg,2017-04-14T18:00:00Z,,,,,skipped_existing,destination JPEG already exists
2017/04/15/HMI.m2017.04.15_11.00.00.jpg,2017-04-15T11:00:00Z,,,,,skipped_existing,destination JPEG already exists
2017/04/20/HMI.m2017.04.20_12.00.00.jpg,2017-04-20T12:00:00Z,,,,,skipped_existing,destination JPEG already exists
2017/04/20/HMI.m2017.04.20_15.00.00.jpg,2017-04-20T15:00:00Z,,,,,skipped_existing,destination JPEG already exists
2017/04/22/HMI.m2017.04.22_20.00.00.jpg,2017-04-22T20:00:00Z,,,,,skipped_existing,destination JPEG already exists
2017/04/23/HMI.m2017.04.23_07.00.00.jpg,2017-04-23T07:00:00Z,,,,,skipped_existing,destination JPEG already exists
2017/04/23/HMI.m2017.04.23_08.00.00.jpg,2017-04-23T08:00:00Z,,,,,skipped_existing,destination JPEG already exists
2017/04/23/HMI.m2017.04.23_10.00.00.jpg,2017-04-23T10:00:00Z,,,,,skipped_existing,destination JPEG already exists
2017/04/24/HMI.m2017.04.24_05.00.00.jpg,2017-04-24T05:00:00Z,,,,,skipped_existing,destination JPEG already exists
2017/04/25/HMI.m2017.04.25_10.00.00.jpg,2017-04-25T10:00:00Z,,,,,skipped_existing,destination JPEG already exists
2017/04/27/HMI.m2017.04.27_03.00.00.jpg,2017-04-27T03:00:00Z,,,,,skipped_existing,destination JPEG already exists
2017/04/28/HMI.m2017.04.28_02.00.00.jpg,2017-04-28T02:00:00Z,,,,,skipped_existing,destination JPEG already exists
2017/04/28/HMI.m2017.04.28_20.00.00.jpg,2017-04-28T20:00:00Z,,,,,skipped_existing,destination JPEG already exists
2017/04/28/HMI.m2017.04.28_22.00.00.jpg,2017-04-28T22:00:00Z,,,,,skipped_existing,destination JPEG already exists
2017/04/29/HMI.m2017.04.29_19.00.00.jpg,2017-04-29T19:00:00Z,,,,,skipped_existing,destination JPEG already exists
2017/04/30/HMI.m2017.04.30_23.00.00.jpg,2017-04-30T23:00:00Z,,,,,skipped_existing,destination JPEG already exists
2017/05/04/HMI.m2017.05.04_02.00.00.jpg,2017-05-04T02:00:00Z,,,,,skipped_existing,destination JPEG already exists
2017/05/04/HMI.m2017.05.04_21.00.00.jpg,2017-05-04T21:00:00Z,,,,,skipped_existing,destination JPEG already exists
2017/05/05/HMI.m2017.05.05_17.00.00.jpg,2017-05-05T17:00:00Z,,,,,skipped_existing,destination JPEG already exists
2017/05/10/HMI.m2017.05.10_11.00.00.jpg,2017-05-10T11:00:00Z,,,,,skipped_existing,destination JPEG already exists
2017/05/11/HMI.m2017.05.11_13.00.00.jpg,2017-05-11T13:00:00Z,,,,,skipped_existing,destination JPEG already exists
2017/05/12/HMI.m2017.05.12_04.00.00.jpg,2017-05-12T04:00:00Z,,,,,skipped_existing,destination JPEG already exists
2017/05/12/HMI.m2017.05.12_06.00.00.jpg,2017-05-12T06:00:00Z,,,,,skipped_existing,destination JPEG already exists
2017/05/13/HMI.m2017.05.13_15.00.00.jpg,2017-05-13T15:00:00Z,,,,,skipped_existing,destination JPEG already exists
2017/05/15/HMI.m2017.05.15_14.00.00.jpg,2017-05-15T14:00:00Z,,,,,skipped_existing,destination JPEG already exists
2017/05/16/HMI.m2017.05.16_14.00.00.jpg,2017-05-16T14:00:00Z,,,,,skipped_existing,destination JPEG already exists
2017/05/18/HMI.m2017.05.18_09.00.00.jpg,2017-05-18T09:00:00Z,,,,,skipped_existing,destination JPEG already exists
2017/05/22/HMI.m2017.05.22_00.00.00.jpg,2017-05-22T00:00:00Z,,,,,skipped_existing,destination JPEG already exists
2017/05/22/HMI.m2017.05.22_08.00.00.jpg,2017-05-22T08:00:00Z,,,,,skipped_existing,destination JPEG already exists
2017/05/22/HMI.m2017.05.22_16.00.00.jpg,2017-05-22T16:00:00Z,,,,,skipped_existing,destination JPEG already exists
2017/05/22/HMI.m2017.05.22_18.00.00.jpg,2017-05-22T18:00:00Z,,,,,skipped_existing,destination JPEG already exists
2017/05/23/HMI.m2017.05.23_16.00.00.jpg,2017-05-23T16:00:00Z,,,,,skipped_existing,destination JPEG already exists
2017/05/24/HMI.m2017.05.24_02.00.00.jpg,2017-05-24T02:00:00Z,,,,,skipped_existing,destination JPEG already exists
2017/05/24/HMI.m2017.05.24_08.00.00.jpg,2017-05-24T08:00:00Z,,,,,skipped_existing,destination JPEG already exists
2017/05/25/HMI.m2017.05.25_05.00.00.jpg,2017-05-25T05:00:00Z,,,,,skipped_existing,destination JPEG already exists
2017/05/28/HMI.m2017.05.28_03.00.00.jpg,2017-05-28T03:00:00Z,,,,,skipped_existing,destination JPEG already exists
2017/05/30/HMI.m2017.05.30_01.00.00.jpg,2017-05-30T01:00:00Z,,,,,skipped_existing,destination JPEG already exists
2017/05/30/HMI.m2017.05.30_11.00.00.jpg,2017-05-30T11:00:00Z,,,,,skipped_existing,destination JPEG already exists
2017/05/30/HMI.m2017.05.30_21.00.00.jpg,2017-05-30T21:00:00Z,,,,,skipped_existing,destination JPEG already exists
2017/05/30/HMI.m2017.05.30_23.00.00.jpg,2017-05-30T23:00:00Z,,,,,skipped_existing,destination JPEG already exists
2017/05/31/HMI.m2017.05.31_00.00.00.jpg,2017-05-31T00:00:00Z,,,,,skipped_existing,destination JPEG already exists
2017/05/31/HMI.m2017.05.31_07.00.00.jpg,2017-05-31T07:00:00Z,,,,,skipped_existing,destination JPEG already exists
2017/06/01/HMI.m2017.06.01_20.00.00.jpg,2017-06-01T20:00:00Z,,,,,skipped_existing,destination JPEG already exists
2017/06/02/HMI.m2017.06.02_00.00.00.jpg,2017-06-02T00:00:00Z,,,,,skipped_existing,destination JPEG already exists
2017/06/02/HMI.m2017.06.02_06.00.00.jpg,2017-06-02T06:00:00Z,,,,,skipped_existing,destination JPEG already exists
2017/06/03/HMI.m2017.06.03_20.00.00.jpg,2017-06-03T20:00:00Z,,,,,skipped_existing,destination JPEG already exists
2017/06/06/HMI.m2017.06.06_05.00.00.jpg,2017-06-06T05:00:00Z,,,,,skipped_existing,destination JPEG already exists
2017/06/07/HMI.m2017.06.07_13.00.00.jpg,2017-06-07T13:00:00Z,,,,,skipped_existing,destination JPEG already exists
2017/06/11/HMI.m2017.06.11_14.00.00.jpg,2017-06-11T14:00:00Z,,,,,skipped_existing,destination JPEG already exists
2017/06/12/HMI.m2017.06.12_05.00.00.jpg,2017-06-12T05:00:00Z,,,,,skipped_existing,destination JPEG already exists
2017/06/14/HMI.m2017.06.14_02.00.00.jpg,2017-06-14T02:00:00Z,,,,,skipped_existing,destination JPEG already exists
2017/06/14/HMI.m2017.06.14_05.00.00.jpg,2017-06-14T05:00:00Z,,,,,skipped_existing,destination JPEG already exists
2017/06/20/HMI.m2017.06.20_14.00.00.jpg,2017-06-20T14:00:00Z,,,,,skipped_existing,destination JPEG already exists
2017/06/21/HMI.m2017.06.21_02.00.00.jpg,2017-06-21T02:00:00Z,,,,,skipped_existing,destination JPEG already exists
2017/06/21/HMI.m2017.06.21_12.00.00.jpg,2017-06-21T12:00:00Z,,,,,skipped_existing,destination JPEG already exists
2017/06/21/HMI.m2017.06.21_21.00.00.jpg,2017-06-21T21:00:00Z,,,,,skipped_existing,destination JPEG already exists
2017/06/23/HMI.m2017.06.23_19.00.00.jpg,2017-06-23T19:00:00Z,,,,,skipped_existing,destination JPEG already exists
2017/06/24/HMI.m2017.06.24_14.00.00.jpg,2017-06-24T14:00:00Z,,,,,skipped_existing,destination JPEG already exists
2017/06/25/HMI.m2017.06.25_07.00.00.jpg,2017-06-25T07:00:00Z,,,,,skipped_existing,destination JPEG already exists
2017/06/27/HMI.m2017.06.27_13.00.00.jpg,2017-06-27T13:00:00Z,,,,,skipped_existing,destination JPEG already exists
2017/06/27/HMI.m2017.06.27_22.00.00.jpg,2017-06-27T22:00:00Z,,,,,skipped_existing,destination JPEG already exists
2017/06/27/HMI.m2017.06.27_23.00.00.jpg,2017-06-27T23:00:00Z,,,,,skipped_existing,destination JPEG already exists
2017/06/29/HMI.m2017.06.29_04.00.00.jpg,2017-06-29T04:00:00Z,,,,,skipped_existing,destination JPEG already exists
2017/06/29/HMI.m2017.06.29_09.00.00.jpg,2017-06-29T09:00:00Z,,,,,skipped_existing,destination JPEG already exists
2017/06/30/HMI.m2017.06.30_09.00.00.jpg,2017-06-30T09:00:00Z,,,,,skipped_existing,destination JPEG already exists
2017/06/30/HMI.m2017.06.30_20.00.00.jpg,2017-06-30T20:00:00Z,,,,,skipped_existing,destination JPEG already exists
2017/07/02/HMI.m2017.07.02_06.00.00.jpg,2017-07-02T06:00:00Z,,,,,skipped_existing,destination JPEG already exists
2017/07/02/HMI.m2017.07.02_16.00.00.jpg,2017-07-02T16:00:00Z,,,,,skipped_existing,destination JPEG already exists
2017/07/02/HMI.m2017.07.02_17.00.00.jpg,2017-07-02T17:00:00Z,,,,,skipped_existing,destination JPEG already exists
2017/07/02/HMI.m2017.07.02_18.00.00.jpg,2017-07-02T18:00:00Z,,,,,skipped_existing,destination JPEG already exists
2017/07/02/HMI.m2017.07.02_19.00.00.jpg,2017-07-02T19:00:00Z,,,,,skipped_existing,destination JPEG already exists
2017/07/02/HMI.m2017.07.02_20.00.00.jpg,2017-07-02T20:00:00Z,,,,,skipped_existing,destination JPEG already exists
2017/07/02/HMI.m2017.07.02_21.00.00.jpg,2017-07-02T21:00:00Z,,,,,skipped_existing,destination JPEG already exists
2017/07/02/HMI.m2017.07.02_23.00.00.jpg,2017-07-02T23:00:00Z,,,,,skipped_existing,destination JPEG already exists
2017/07/03/HMI.m2017.07.03_02.00.00.jpg,2017-07-03T02:00:00Z,,,,,skipped_existing,destination JPEG already exists
2017/07/03/HMI.m2017.07.03_03.00.00.jpg,2017-07-03T03:00:00Z,,,,,skipped_existing,destination JPEG already exists
2017/07/03/HMI.m2017.07.03_04.00.00.jpg,2017-07-03T04:00:00Z,,,,,skipped_existing,destination JPEG already exists
2017/07/03/HMI.m2017.07.03_05.00.00.jpg,2017-07-03T05:00:00Z,,,,,skipped_existing,destination JPEG already exists
2017/07/03/HMI.m2017.07.03_06.00.00.jpg,2017-07-03T06:00:00Z,,,,,skipped_existing,destination JPEG already exists
2017/07/03/HMI.m2017.07.03_07.00.00.jpg,2017-07-03T07:00:00Z,,,,,skipped_existing,destination JPEG already exists
2017/07/03/HMI.m2017.07.03_09.00.00.jpg,2017-07-03T09:00:00Z,,,,,skipped_existing,destination JPEG already exists
2017/07/03/HMI.m2017.07.03_10.00.00.jpg,2017-07-03T10:00:00Z,,,,,skipped_existing,destination JPEG already exists
2017/07/03/HMI.m2017.07.03_11.00.00.jpg,2017-07-03T11:00:00Z,,,,,skipped_existing,destination JPEG already exists
2017/07/03/HMI.m2017.07.03_12.00.00.jpg,2017-07-03T12:00:00Z,,,,,skipped_existing,destination JPEG already exists
2017/07/03/HMI.m2017.07.03_13.00.00.jpg,2017-07-03T13:00:00Z,,,,,skipped_existing,destination JPEG already exists
2017/07/03/HMI.m2017.07.03_14.00.00.jpg,2017-07-03T14:00:00Z,,,,,skipped_existing,destination JPEG already exists
2017/07/03/HMI.m2017.07.03_15.00.00.jpg,2017-07-03T15:00:00Z,,,,,skipped_existing,destination JPEG already exists
2017/07/04/HMI.m2017.07.04_06.00.00.jpg,2017-07-04T06:00:00Z,,,,,skipped_existing,destination JPEG already exists
2017/07/04/HMI.m2017.07.04_15.00.00.jpg,2017-07-04T15:00:00Z,,,,,skipped_existing,destination JPEG already exists
2017/07/04/HMI.m2017.07.04_22.00.00.jpg,2017-07-04T22:00:00Z,,,,,skipped_existing,destination JPEG already exists
2017/07/04/HMI.m2017.07.04_23.00.00.jpg,2017-07-04T23:00:00Z,,,,,skipped_existing,destination JPEG already exists
2017/07/05/HMI.m2017.07.05_10.00.00.jpg,2017-07-05T10:00:00Z,,,,,skipped_existing,destination JPEG already exists
2017/07/05/HMI.m2017.07.05_12.00.00.jpg,2017-07-05T12:00:00Z,,,,,skipped_existing,destination JPEG already exists
2017/07/06/HMI.m2017.07.06_05.00.00.jpg,2017-07-06T05:00:00Z,,,,,skipped_existing,destination JPEG already exists
2017/07/07/HMI.m2017.07.07_10.00.00.jpg,2017-07-07T10:00:00Z,,,,,skipped_existing,destination JPEG already exists
2017/07/08/HMI.m2017.07.08_06.00.00.jpg,2017-07-08T06:00:00Z,,,,,skipped_existing,destination JPEG already exists
2017/07/08/HMI.m2017.07.08_07.00.00.jpg,2017-07-08T07:00:00Z,,,,,skipped_existing,destination JPEG already exists
2017/07/08/HMI.m2017.07.08_08.00.00.jpg,2017-07-08T08:00:00Z,,,,,skipped_existing,destination JPEG already exists
2017/07/08/HMI.m2017.07.08_09.00.00.jpg,2017-07-08T09:00:00Z,,,,,skipped_existing,destination JPEG already exists
2017/07/08/HMI.m2017.07.08_10.00.00.jpg,2017-07-08T10:00:00Z,,,,,skipped_existing,destination JPEG already exists
2017/07/08/HMI.m2017.07.08_12.00.00.jpg,2017-07-08T12:00:00Z,,,,,skipped_existing,destination JPEG already exists
2017/07/08/HMI.m2017.07.08_13.00.00.jpg,2017-07-08T13:00:00Z,,,,,skipped_existing,destination JPEG already exists
2017/07/08/HMI.m2017.07.08_14.00.00.jpg,2017-07-08T14:00:00Z,,,,,skipped_existing,destination JPEG already exists
2017/07/08/HMI.m2017.07.08_15.00.00.jpg,2017-07-08T15:00:00Z,,,,,skipped_existing,destination JPEG already exists
2017/07/08/HMI.m2017.07.08_17.00.00.jpg,2017-07-08T17:00:00Z,,,,,skipped_existing,destination JPEG already exists
2017/07/08/HMI.m2017.07.08_21.00.00.jpg,2017-07-08T21:00:00Z,,,,,skipped_existing,destination JPEG already exists
2017/07/09/HMI.m2017.07.09_00.00.00.jpg,2017-07-09T00:00:00Z,,,,,skipped_existing,destination JPEG already exists
2017/07/09/HMI.m2017.07.09_01.00.00.jpg,2017-07-09T01:00:00Z,,,,,skipped_existing,destination JPEG already exists
2017/07/09/HMI.m2017.07.09_20.00.00.jpg,2017-07-09T20:00:00Z,,,,,skipped_existing,destination JPEG already exists
2017/07/09/HMI.m2017.07.09_23.00.00.jpg,2017-07-09T23:00:00Z,,,,,skipped_existing,destination JPEG already exists
2017/07/10/HMI.m2017.07.10_04.00.00.jpg,2017-07-10T04:00:00Z,,,,,skipped_existing,destination JPEG already exists
2017/07/10/HMI.m2017.07.10_09.00.00.jpg,2017-07-10T09:00:00Z,,,,,skipped_existing,destination JPEG already exists
2017/07/11/HMI.m2017.07.11_23.00.00.jpg,2017-07-11T23:00:00Z,,,,,skipped_existing,destination JPEG already exists
2017/07/12/HMI.m2017.07.12_04.00.00.jpg,2017-07-12T04:00:00Z,,,,,skipped_existing,destination JPEG already exists
2017/07/13/HMI.m2017.07.13_02.00.00.jpg,2017-07-13T02:00:00Z,,,,,skipped_existing,destination JPEG already exists
2017/07/13/HMI.m2017.07.13_04.00.00.jpg,2017-07-13T04:00:00Z,,,,,skipped_existing,destination JPEG already exists
2017/07/13/HMI.m2017.07.13_05.00.00.jpg,2017-07-13T05:00:00Z,,,,,skipped_existing,destination JPEG already exists
2017/07/13/HMI.m2017.07.13_06.00.00.jpg,2017-07-13T06:00:00Z,,,,,skipped_existing,destination JPEG already exists
2017/07/13/HMI.m2017.07.13_07.00.00.jpg,2017-07-13T07:00:00Z,,,,,skipped_existing,destination JPEG already exists
2017/07/13/HMI.m2017.07.13_08.00.00.jpg,2017-07-13T08:00:00Z,,,,,skipped_existing,destination JPEG already exists
2017/07/13/HMI.m2017.07.13_09.00.00.jpg,2017-07-13T09:00:00Z,,,,,skipped_existing,destination JPEG already exists
2017/07/13/HMI.m2017.07.13_11.00.00.jpg,2017-07-13T11:00:00Z,,,,,skipped_existing,destination JPEG already exists
2017/07/13/HMI.m2017.07.13_13.00.00.jpg,2017-07-13T13:00:00Z,,,,,skipped_existing,destination JPEG already exists
2017/07/13/HMI.m2017.07.13_14.00.00.jpg,2017-07-13T14:00:00Z,,,,,skipped_existing,destination JPEG already exists
2017/07/13/HMI.m2017.07.13_15.00.00.jpg,2017-07-13T15:00:00Z,,,,,skipped_existing,destination JPEG already exists
2017/07/13/HMI.m2017.07.13_16.00.00.jpg,2017-07-13T16:00:00Z,,,,,skipped_existing,destination JPEG already exists
2017/07/13/HMI.m2017.07.13_18.00.00.jpg,2017-07-13T18:00:00Z,,,,,skipped_existing,destination JPEG already exists
2017/07/13/HMI.m2017.07.13_19.00.00.jpg,2017-07-13T19:00:00Z,,,,,skipped_existing,destination JPEG already exists
2017/07/13/HMI.m2017.07.13_20.00.00.jpg,2017-07-13T20:00:00Z,,,,,skipped_existing,destination JPEG already exists
2017/07/13/HMI.m2017.07.13_21.00.00.jpg,2017-07-13T21:00:00Z,,,,,skipped_existing,destination JPEG already exists
2017/07/13/HMI.m2017.07.13_22.00.00.jpg,2017-07-13T22:00:00Z,,,,,skipped_existing,destination JPEG already exists
2017/07/13/HMI.m2017.07.13_23.00.00.jpg,2017-07-13T23:00:00Z,,,,,skipped_existing,destination JPEG already exists
2017/07/15/HMI.m2017.07.15_06.00.00.jpg,2017-07-15T06:00:00Z,,,,,skipped_existing,destination JPEG already exists
2017/07/16/HMI.m2017.07.16_10.00.00.jpg,2017-07-16T10:00:00Z,,,,,skipped_existing,destination JPEG already exists
2017/07/16/HMI.m2017.07.16_11.00.00.jpg,2017-07-16T11:00:00Z,,,,,skipped_existing,destination JPEG already exists
2017/07/16/HMI.m2017.07.16_12.00.00.jpg,2017-07-16T12:00:00Z,,,,,skipped_existing,destination JPEG already exists
2017/07/19/HMI.m2017.07.19_07.00.00.jpg,2017-07-19T07:00:00Z,,,,,skipped_existing,destination JPEG already exists
2017/07/20/HMI.m2017.07.20_16.00.00.jpg,2017-07-20T16:00:00Z,,,,,skipped_existing,destination JPEG already exists
2017/07/21/HMI.m2017.07.21_12.00.00.jpg,2017-07-21T12:00:00Z,,,,,skipped_existing,destination JPEG already exists
2017/07/24/HMI.m2017.07.24_04.00.00.jpg,2017-07-24T04:00:00Z,,,,,skipped_existing,destination JPEG already exists
2017/07/24/HMI.m2017.07.24_23.00.00.jpg,2017-07-24T23:00:00Z,,,,,skipped_existing,destination JPEG already exists
2017/07/27/HMI.m2017.07.27_09.00.00.jpg,2017-07-27T09:00:00Z,,,,,skipped_existing,destination JPEG already exists
2017/07/28/HMI.m2017.07.28_11.00.00.jpg,2017-07-28T11:00:00Z,,,,,skipped_existing,destination JPEG already exists
2017/07/28/HMI.m2017.07.28_13.00.00.jpg,2017-07-28T13:00:00Z,,,,,skipped_existing,destination JPEG already exists
2017/07/30/HMI.m2017.07.30_10.00.00.jpg,2017-07-30T10:00:00Z,,,,,skipped_existing,destination JPEG already exists
2017/07/30/HMI.m2017.07.30_12.00.00.jpg,2017-07-30T12:00:00Z,,,,,skipped_existing,destination JPEG already exists
2017/08/02/HMI.m2017.08.02_05.00.00.jpg,2017-08-02T05:00:00Z,,,,,skipped_existing,destination JPEG already exists
2017/08/03/HMI.m2017.08.03_05.00.00.jpg,2017-08-03T05:00:00Z,,,,,skipped_existing,destination JPEG already exists
2017/08/03/HMI.m2017.08.03_12.00.00.jpg,2017-08-03T12:00:00Z,,,,,skipped_existing,destination JPEG already exists
2017/08/04/HMI.m2017.08.04_04.00.00.jpg,2017-08-04T04:00:00Z,,,,,skipped_existing,destination JPEG already exists
2017/08/04/HMI.m2017.08.04_14.00.00.jpg,2017-08-04T14:00:00Z,,,,,skipped_existing,destination JPEG already exists
2017/08/06/HMI.m2017.08.06_06.00.00.jpg,2017-08-06T06:00:00Z,,,,,skipped_existing,destination JPEG already exists
2017/08/07/HMI.m2017.08.07_11.00.00.jpg,2017-08-07T11:00:00Z,,,,,skipped_existing,destination JPEG already exists
2017/08/07/HMI.m2017.08.07_23.00.00.jpg,2017-08-07T23:00:00Z,,,,,skipped_existing,destination JPEG already exists
2017/08/08/HMI.m2017.08.08_16.00.00.jpg,2017-08-08T16:00:00Z,,,,,skipped_existing,destination JPEG already exists
2017/08/08/HMI.m2017.08.08_19.00.00.jpg,2017-08-08T19:00:00Z,,,,,skipped_existing,destination JPEG already exists
2017/08/08/HMI.m2017.08.08_23.00.00.jpg,2017-08-08T23:00:00Z,,,,,skipped_existing,destination JPEG already exists
2017/08/10/HMI.m2017.08.10_03.00.00.jpg,2017-08-10T03:00:00Z,2017-08-09 23:59:52Z,10808,106148216,,skipped_unavailable,Closest HMI observation is 10808s from 2017-08-10T03:00:00Z
2017/08/11/HMI.m2017.08.11_17.00.00.jpg,2017-08-11T17:00:00Z,,,,,skipped_existing,destination JPEG already exists
2017/08/12/HMI.m2017.08.12_09.00.00.jpg,2017-08-12T09:00:00Z,,,,,skipped_existing,destination JPEG already exists
2017/08/12/HMI.m2017.08.12_23.00.00.jpg,2017-08-12T23:00:00Z,,,,,skipped_existing,destination JPEG already exists
2017/08/14/HMI.m2017.08.14_12.00.00.jpg,2017-08-14T12:00:00Z,2017-08-13 23:59:52Z,43208,106159973,,skipped_unavailable,Closest HMI observation is 43208s from 2017-08-14T12:00:00Z
2017/08/14/HMI.m2017.08.14_14.00.00.jpg,2017-08-14T14:00:00Z,2017-08-15 00:00:37Z,36037,106161891,,skipped_unavailable,Closest HMI observation is 36037s from 2017-08-14T14:00:00Z
2017/08/16/HMI.m2017.08.16_02.00.00.jpg,2017-08-16T02:00:00Z,,,,,skipped_existing,destination JPEG already exists
2017/08/16/HMI.m2017.08.16_05.00.00.jpg,2017-08-16T05:00:00Z,,,,,skipped_existing,destination JPEG already exists
2017/08/17/HMI.m2017.08.17_10.00.00.jpg,2017-08-17T10:00:00Z,,,,,skipped_existing,destination JPEG already exists
2017/08/18/HMI.m2017.08.18_16.00.00.jpg,2017-08-18T16:00:00Z,,,,,skipped_existing,destination JPEG already exists
2017/08/19/HMI.m2017.08.19_02.00.00.jpg,2017-08-19T02:00:00Z,,,,,skipped_existing,destination JPEG already exists
2017/08/19/HMI.m2017.08.19_03.00.00.jpg,2017-08-19T03:00:00Z,,,,,skipped_existing,destination JPEG already exists
2017/08/19/HMI.m2017.08.19_04.00.00.jpg,2017-08-19T04:00:00Z,,,,,skipped_existing,destination JPEG already exists
2017/08/19/HMI.m2017.08.19_05.00.00.jpg,2017-08-19T05:00:00Z,,,,,skipped_existing,destination JPEG already exists
2017/08/19/HMI.m2017.08.19_06.00.00.jpg,2017-08-19T06:00:00Z,,,,,skipped_existing,destination JPEG already exists
2017/08/19/HMI.m2017.08.19_08.00.00.jpg,2017-08-19T08:00:00Z,,,,,skipped_existing,destination JPEG already exists
2017/08/19/HMI.m2017.08.19_10.00.00.jpg,2017-08-19T10:00:00Z,,,,,skipped_existing,destination JPEG already exists
2017/08/19/HMI.m2017.08.19_11.00.00.jpg,2017-08-19T11:00:00Z,,,,,skipped_existing,destination JPEG already exists
2017/08/19/HMI.m2017.08.19_12.00.00.jpg,2017-08-19T12:00:00Z,,,,,skipped_existing,destination JPEG already exists
2017/08/19/HMI.m2017.08.19_13.00.00.jpg,2017-08-19T13:00:00Z,,,,,skipped_existing,destination JPEG already exists
2017/08/19/HMI.m2017.08.19_14.00.00.jpg,2017-08-19T14:00:00Z,,,,,skipped_existing,destination JPEG already exists
2017/08/19/HMI.m2017.08.19_16.00.00.jpg,2017-08-19T16:00:00Z,,,,,skipped_existing,destination JPEG already exists
2017/08/19/HMI.m2017.08.19_18.00.00.jpg,2017-08-19T18:00:00Z,,,,,skipped_existing,destination JPEG already exists
2017/08/19/HMI.m2017.08.19_19.00.00.jpg,2017-08-19T19:00:00Z,,,,,skipped_existing,destination JPEG already exists
2017/08/19/HMI.m2017.08.19_20.00.00.jpg,2017-08-19T20:00:00Z,,,,,skipped_existing,destination JPEG already exists
2017/08/19/HMI.m2017.08.19_21.00.00.jpg,2017-08-19T21:00:00Z,,,,,skipped_existing,destination JPEG already exists
2017/08/19/HMI.m2017.08.19_22.00.00.jpg,2017-08-19T22:00:00Z,,,,,skipped_existing,destination JPEG already exists
2017/08/19/HMI.m2017.08.19_23.00.00.jpg,2017-08-19T23:00:00Z,,,,,skipped_existing,destination JPEG already exists
2017/08/20/HMI.m2017.08.20_00.00.00.jpg,2017-08-20T00:00:00Z,,,,,skipped_existing,destination JPEG already exists
2017/08/20/HMI.m2017.08.20_01.00.00.jpg,2017-08-20T01:00:00Z,,,,,skipped_existing,destination JPEG already exists
2017/08/20/HMI.m2017.08.20_09.00.00.jpg,2017-08-20T09:00:00Z,,,,,skipped_existing,destination JPEG already exists
2017/08/20/HMI.m2017.08.20_11.00.00.jpg,2017-08-20T11:00:00Z,,,,,skipped_existing,destination JPEG already exists
2017/08/23/HMI.m2017.08.23_23.00.00.jpg,2017-08-23T23:00:00Z,,,,,skipped_existing,destination JPEG already exists
2017/08/24/HMI.m2017.08.24_00.00.00.jpg,2017-08-24T00:00:00Z,,,,,skipped_existing,destination JPEG already exists
2017/08/24/HMI.m2017.08.24_04.00.00.jpg,2017-08-24T04:00:00Z,,,,,skipped_existing,destination JPEG already exists
2017/08/26/HMI.m2017.08.26_18.00.00.jpg,2017-08-26T18:00:00Z,,,,,skipped_existing,destination JPEG already exists
2017/08/27/HMI.m2017.08.27_03.00.00.jpg,2017-08-27T03:00:00Z,,,,,skipped_existing,destination JPEG already exists
2017/08/28/HMI.m2017.08.28_01.00.00.jpg,2017-08-28T01:00:00Z,,,,,skipped_existing,destination JPEG already exists
2017/08/31/HMI.m2017.08.31_02.00.00.jpg,2017-08-31T02:00:00Z,,,,,skipped_existing,destination JPEG already exists
2017/08/31/HMI.m2017.08.31_10.00.00.jpg,2017-08-31T10:00:00Z,,,,,skipped_existing,destination JPEG already exists
2017/08/31/HMI.m2017.08.31_19.00.00.jpg,2017-08-31T19:00:00Z,,,,,skipped_existing,destination JPEG already exists
2017/09/01/HMI.m2017.09.01_08.00.00.jpg,2017-09-01T08:00:00Z,,,,,skipped_existing,destination JPEG already exists
2017/09/02/HMI.m2017.09.02_02.00.00.jpg,2017-09-02T02:00:00Z,,,,,skipped_existing,destination JPEG already exists
2017/09/02/HMI.m2017.09.02_05.00.00.jpg,2017-09-02T05:00:00Z,,,,,skipped_existing,destination JPEG already exists
2017/09/02/HMI.m2017.09.02_19.00.00.jpg,2017-09-02T19:00:00Z,,,,,skipped_existing,destination JPEG already exists
2017/09/03/HMI.m2017.09.03_04.00.00.jpg,2017-09-03T04:00:00Z,,,,,skipped_existing,destination JPEG already exists
2017/09/03/HMI.m2017.09.03_06.00.00.jpg,2017-09-03T06:00:00Z,,,,,skipped_existing,destination JPEG already exists
2017/09/03/HMI.m2017.09.03_08.00.00.jpg,2017-09-03T08:00:00Z,,,,,skipped_existing,destination JPEG already exists
2017/09/03/HMI.m2017.09.03_09.00.00.jpg,2017-09-03T09:00:00Z,,,,,skipped_existing,destination JPEG already exists
2017/09/03/HMI.m2017.09.03_10.00.00.jpg,2017-09-03T10:00:00Z,,,,,skipped_existing,destination JPEG already exists
2017/09/03/HMI.m2017.09.03_11.00.00.jpg,2017-09-03T11:00:00Z,,,,,skipped_existing,destination JPEG already exists
2017/09/03/HMI.m2017.09.03_12.00.00.jpg,2017-09-03T12:00:00Z,,,,,skipped_existing,destination JPEG already exists
2017/09/03/HMI.m2017.09.03_13.00.00.jpg,2017-09-03T13:00:00Z,,,,,skipped_existing,destination JPEG already exists
2017/09/03/HMI.m2017.09.03_14.00.00.jpg,2017-09-03T14:00:00Z,,,,,skipped_existing,destination JPEG already exists
2017/09/03/HMI.m2017.09.03_19.00.00.jpg,2017-09-03T19:00:00Z,,,,,skipped_existing,destination JPEG already exists
2017/09/03/HMI.m2017.09.03_20.00.00.jpg,2017-09-03T20:00:00Z,,,,,skipped_existing,destination JPEG already exists
2017/09/03/HMI.m2017.09.03_21.00.00.jpg,2017-09-03T21:00:00Z,,,,,skipped_existing,destination JPEG already exists
2017/09/04/HMI.m2017.09.04_00.00.00.jpg,2017-09-04T00:00:00Z,,,,,skipped_existing,destination JPEG already exists
2017/09/04/HMI.m2017.09.04_01.00.00.jpg,2017-09-04T01:00:00Z,,,,,skipped_existing,destination JPEG already exists
2017/09/04/HMI.m2017.09.04_02.00.00.jpg,2017-09-04T02:00:00Z,,,,,skipped_existing,destination JPEG already exists
2017/09/04/HMI.m2017.09.04_03.00.00.jpg,2017-09-04T03:00:00Z,,,,,skipped_existing,destination JPEG already exists
2017/09/04/HMI.m2017.09.04_05.00.00.jpg,2017-09-04T05:00:00Z,,,,,skipped_existing,destination JPEG already exists
2017/09/04/HMI.m2017.09.04_06.00.00.jpg,2017-09-04T06:00:00Z,,,,,skipped_existing,destination JPEG already exists
2017/09/04/HMI.m2017.09.04_08.00.00.jpg,2017-09-04T08:00:00Z,,,,,skipped_existing,destination JPEG already exists
2017/09/04/HMI.m2017.09.04_09.00.00.jpg,2017-09-04T09:00:00Z,,,,,skipped_existing,destination JPEG already exists
2017/09/04/HMI.m2017.09.04_10.00.00.jpg,2017-09-04T10:00:00Z,,,,,skipped_existing,destination JPEG already exists
2017/09/04/HMI.m2017.09.04_11.00.00.jpg,2017-09-04T11:00:00Z,,,,,skipped_existing,destination JPEG already exists
2017/09/04/HMI.m2017.09.04_12.00.00.jpg,2017-09-04T12:00:00Z,,,,,skipped_existing,destination JPEG already exists
2017/09/04/HMI.m2017.09.04_13.00.00.jpg,2017-09-04T13:00:00Z,,,,,skipped_existing,destination JPEG already exists
2017/09/04/HMI.m2017.09.04_14.00.00.jpg,2017-09-04T14:00:00Z,,,,,skipped_existing,destination JPEG already exists
2017/09/04/HMI.m2017.09.04_15.00.00.jpg,2017-09-04T15:00:00Z,,,,,skipped_existing,destination JPEG already exists
2017/09/04/HMI.m2017.09.04_16.00.00.jpg,2017-09-04T16:00:00Z,,,,,skipped_existing,destination JPEG already exists
2017/09/04/HMI.m2017.09.04_17.00.00.jpg,2017-09-04T17:00:00Z,,,,,skipped_existing,destination JPEG already exists
2017/09/04/HMI.m2017.09.04_19.00.00.jpg,2017-09-04T19:00:00Z,,,,,skipped_existing,destination JPEG already exists
2017/09/04/HMI.m2017.09.04_20.00.00.jpg,2017-09-04T20:00:00Z,,,,,skipped_existing,destination JPEG already exists
2017/09/04/HMI.m2017.09.04_22.00.00.jpg,2017-09-04T22:00:00Z,,,,,skipped_existing,destination JPEG already exists
2017/09/04/HMI.m2017.09.04_23.00.00.jpg,2017-09-04T23:00:00Z,,,,,skipped_existing,destination JPEG already exists
2017/09/05/HMI.m2017.09.05_00.00.00.jpg,2017-09-05T00:00:00Z,,,,,skipped_existing,destination JPEG already exists
2017/09/05/HMI.m2017.09.05_01.00.00.jpg,2017-09-05T01:00:00Z,2017-09-04 23:59:50Z,3610,106230593,,skipped_unavailable,Closest HMI observation is 3610s from 2017-09-05T01:00:00Z
2017/09/05/HMI.m2017.09.05_03.00.00.jpg,2017-09-05T03:00:00Z,2017-09-04 23:59:50Z,10810,106230593,,skipped_unavailable,Closest HMI observation is 10810s from 2017-09-05T03:00:00Z
2017/09/05/HMI.m2017.09.05_05.00.00.jpg,2017-09-05T05:00:00Z,2017-09-04 23:59:50Z,18010,106230593,,skipped_unavailable,Closest HMI observation is 18010s from 2017-09-05T05:00:00Z
2017/09/05/HMI.m2017.09.05_06.00.00.jpg,2017-09-05T06:00:00Z,2017-09-04 23:59:50Z,21610,106230593,,skipped_unavailable,Closest HMI observation is 21610s from 2017-09-05T06:00:00Z
2017/09/05/HMI.m2017.09.05_08.00.00.jpg,2017-09-05T08:00:00Z,2017-09-04 23:59:50Z,28810,106230593,,skipped_unavailable,Closest HMI observation is 28810s from 2017-09-05T08:00:00Z
2017/09/05/HMI.m2017.09.05_09.00.00.jpg,2017-09-05T09:00:00Z,2017-09-04 23:59:50Z,32410,106230593,,skipped_unavailable,Closest HMI observation is 32410s from 2017-09-05T09:00:00Z
2017/09/05/HMI.m2017.09.05_10.00.00.jpg,2017-09-05T10:00:00Z,2017-09-04 23:59:50Z,36010,106230593,,skipped_unavailable,Closest HMI observation is 36010s from 2017-09-05T10:00:00Z
2017/09/05/HMI.m2017.09.05_12.00.00.jpg,2017-09-05T12:00:00Z,2017-09-04 23:59:50Z,43210,106230593,,skipped_unavailable,Closest HMI observation is 43210s from 2017-09-05T12:00:00Z
2017/09/05/HMI.m2017.09.05_13.00.00.jpg,2017-09-05T13:00:00Z,2017-09-06 00:00:35Z,39635,106232357,,skipped_unavailable,Closest HMI observation is 39635s from 2017-09-05T13:00:00Z
2017/09/05/HMI.m2017.09.05_14.00.00.jpg,2017-09-05T14:00:00Z,2017-09-06 00:00:35Z,36035,106232357,,skipped_unavailable,Closest HMI observation is 36035s from 2017-09-05T14:00:00Z
2017/09/05/HMI.m2017.09.05_16.00.00.jpg,2017-09-05T16:00:00Z,2017-09-06 00:00:35Z,28835,106232357,,skipped_unavailable,Closest HMI observation is 28835s from 2017-09-05T16:00:00Z
2017/09/05/HMI.m2017.09.05_17.00.00.jpg,2017-09-05T17:00:00Z,2017-09-06 00:00:35Z,25235,106232357,,skipped_unavailable,Closest HMI observation is 25235s from 2017-09-05T17:00:00Z
2017/09/05/HMI.m2017.09.05_18.00.00.jpg,2017-09-05T18:00:00Z,2017-09-06 00:00:35Z,21635,106232357,,skipped_unavailable,Closest HMI observation is 21635s from 2017-09-05T18:00:00Z
2017/09/05/HMI.m2017.09.05_19.00.00.jpg,2017-09-05T19:00:00Z,2017-09-06 00:00:35Z,18035,106232357,,skipped_unavailable,Closest HMI observation is 18035s from 2017-09-05T19:00:00Z
2017/09/05/HMI.m2017.09.05_21.00.00.jpg,2017-09-05T21:00:00Z,2017-09-06 00:00:35Z,10835,106232357,,skipped_unavailable,Closest HMI observation is 10835s from 2017-09-05T21:00:00Z
2017/09/05/HMI.m2017.09.05_22.00.00.jpg,2017-09-05T22:00:00Z,2017-09-06 00:00:35Z,7235,106232357,,skipped_unavailable,Closest HMI observation is 7235s from 2017-09-05T22:00:00Z
2017/09/06/HMI.m2017.09.06_00.00.00.jpg,2017-09-06T00:00:00Z,,,,,skipped_existing,destination JPEG already exists
2017/09/06/HMI.m2017.09.06_01.00.00.jpg,2017-09-06T01:00:00Z,,,,,skipped_existing,destination JPEG already exists
2017/09/06/HMI.m2017.09.06_02.00.00.jpg,2017-09-06T02:00:00Z,,,,,skipped_existing,destination JPEG already exists
2017/09/06/HMI.m2017.09.06_06.00.00.jpg,2017-09-06T06:00:00Z,,,,,skipped_existing,destination JPEG already exists
2017/09/06/HMI.m2017.09.06_09.00.00.jpg,2017-09-06T09:00:00Z,,,,,skipped_existing,destination JPEG already exists
2017/09/06/HMI.m2017.09.06_11.00.00.jpg,2017-09-06T11:00:00Z,,,,,skipped_existing,destination JPEG already exists
2017/09/06/HMI.m2017.09.06_14.00.00.jpg,2017-09-06T14:00:00Z,,,,,skipped_existing,destination JPEG already exists
2017/09/06/HMI.m2017.09.06_15.00.00.jpg,2017-09-06T15:00:00Z,,,,,skipped_existing,destination JPEG already exists
2017/09/06/HMI.m2017.09.06_16.00.00.jpg,2017-09-06T16:00:00Z,,,,,skipped_existing,destination JPEG already exists
2017/09/06/HMI.m2017.09.06_17.00.00.jpg,2017-09-06T17:00:00Z,,,,,skipped_existing,destination JPEG already exists
2017/09/06/HMI.m2017.09.06_18.00.00.jpg,2017-09-06T18:00:00Z,,,,,skipped_existing,destination JPEG already exists
2017/09/06/HMI.m2017.09.06_19.00.00.jpg,2017-09-06T19:00:00Z,,,,,skipped_existing,destination JPEG already exists
2017/09/06/HMI.m2017.09.06_20.00.00.jpg,2017-09-06T20:00:00Z,,,,,skipped_existing,destination JPEG already exists
2017/09/06/HMI.m2017.09.06_21.00.00.jpg,2017-09-06T21:00:00Z,,,,,skipped_existing,destination JPEG already exists
2017/09/07/HMI.m2017.09.07_00.00.00.jpg,2017-09-07T00:00:00Z,,,,,skipped_existing,destination JPEG already exists
2017/09/07/HMI.m2017.09.07_02.00.00.jpg,2017-09-07T02:00:00Z,,,,,skipped_existing,destination JPEG already exists
2017/09/07/HMI.m2017.09.07_03.00.00.jpg,2017-09-07T03:00:00Z,,,,,skipped_existing,destination JPEG already exists
2017/09/07/HMI.m2017.09.07_04.00.00.jpg,2017-09-07T04:00:00Z,,,,,skipped_existing,destination JPEG already exists
2017/09/07/HMI.m2017.09.07_05.00.00.jpg,2017-09-07T05:00:00Z,,,,,skipped_existing,destination JPEG already exists
2017/09/07/HMI.m2017.09.07_06.00.00.jpg,2017-09-07T06:00:00Z,,,,,skipped_existing,destination JPEG already exists
2017/09/07/HMI.m2017.09.07_08.00.00.jpg,2017-09-07T08:00:00Z,,,,,skipped_existing,destination JPEG already exists
2017/09/07/HMI.m2017.09.07_09.00.00.jpg,2017-09-07T09:00:00Z,,,,,skipped_existing,destination JPEG already exists
2017/09/07/HMI.m2017.09.07_10.00.00.jpg,2017-09-07T10:00:00Z,,,,,skipped_existing,destination JPEG already exists
2017/09/07/HMI.m2017.09.07_11.00.00.jpg,2017-09-07T11:00:00Z,,,,,skipped_existing,destination JPEG already exists
2017/09/07/HMI.m2017.09.07_14.00.00.jpg,2017-09-07T14:00:00Z,,,,,skipped_existing,destination JPEG already exists
2017/09/07/HMI.m2017.09.07_15.00.00.jpg,2017-09-07T15:00:00Z,,,,,skipped_existing,destination JPEG already exists
2017/09/07/HMI.m2017.09.07_18.00.00.jpg,2017-09-07T18:00:00Z,,,,,skipped_existing,destination JPEG already exists
2017/09/07/HMI.m2017.09.07_20.00.00.jpg,2017-09-07T20:00:00Z,,,,,skipped_existing,destination JPEG already exists
2017/09/07/HMI.m2017.09.07_21.00.00.jpg,2017-09-07T21:00:00Z,,,,,skipped_existing,destination JPEG already exists
2017/09/07/HMI.m2017.09.07_22.00.00.jpg,2017-09-07T22:00:00Z,,,,,skipped_existing,destination JPEG already exists
2017/09/07/HMI.m2017.09.07_23.00.00.jpg,2017-09-07T23:00:00Z,,,,,skipped_existing,destination JPEG already exists
2017/09/08/HMI.m2017.09.08_00.00.00.jpg,2017-09-08T00:00:00Z,,,,,skipped_existing,destination JPEG already exists
2017/09/08/HMI.m2017.09.08_01.00.00.jpg,2017-09-08T01:00:00Z,,,,,skipped_existing,destination JPEG already exists
2017/09/08/HMI.m2017.09.08_02.00.00.jpg,2017-09-08T02:00:00Z,,,,,skipped_existing,destination JPEG already exists
2017/09/08/HMI.m2017.09.08_03.00.00.jpg,2017-09-08T03:00:00Z,,,,,skipped_existing,destination JPEG already exists
2017/09/08/HMI.m2017.09.08_04.00.00.jpg,2017-09-08T04:00:00Z,,,,,skipped_existing,destination JPEG already exists
2017/09/08/HMI.m2017.09.08_05.00.00.jpg,2017-09-08T05:00:00Z,,,,,skipped_existing,destination JPEG already exists
2017/09/08/HMI.m2017.09.08_06.00.00.jpg,2017-09-08T06:00:00Z,,,,,skipped_existing,destination JPEG already exists
2017/09/08/HMI.m2017.09.08_08.00.00.jpg,2017-09-08T08:00:00Z,,,,,skipped_existing,destination JPEG already exists
2017/09/08/HMI.m2017.09.08_10.00.00.jpg,2017-09-08T10:00:00Z,,,,,skipped_existing,destination JPEG already exists
2017/09/08/HMI.m2017.09.08_11.00.00.jpg,2017-09-08T11:00:00Z,,,,,skipped_existing,destination JPEG already exists
2017/09/08/HMI.m2017.09.08_13.00.00.jpg,2017-09-08T13:00:00Z,,,,,skipped_existing,destination JPEG already exists
2017/09/08/HMI.m2017.09.08_14.00.00.jpg,2017-09-08T14:00:00Z,,,,,skipped_existing,destination JPEG already exists
2017/09/08/HMI.m2017.09.08_16.00.00.jpg,2017-09-08T16:00:00Z,,,,,skipped_existing,destination JPEG already exists
2017/09/08/HMI.m2017.09.08_17.00.00.jpg,2017-09-08T17:00:00Z,,,,,skipped_existing,destination JPEG already exists
2017/09/08/HMI.m2017.09.08_19.00.00.jpg,2017-09-08T19:00:00Z,,,,,skipped_existing,destination JPEG already exists
2017/09/08/HMI.m2017.09.08_20.00.00.jpg,2017-09-08T20:00:00Z,,,,,skipped_existing,destination JPEG already exists
2017/09/08/HMI.m2017.09.08_22.00.00.jpg,2017-09-08T22:00:00Z,,,,,skipped_existing,destination JPEG already exists
2017/09/08/HMI.m2017.09.08_23.00.00.jpg,2017-09-08T23:00:00Z,,,,,skipped_existing,destination JPEG already exists
2017/09/09/HMI.m2017.09.09_00.00.00.jpg,2017-09-09T00:00:00Z,,,,,skipped_existing,destination JPEG already exists
2017/09/09/HMI.m2017.09.09_01.00.00.jpg,2017-09-09T01:00:00Z,,,,,skipped_existing,destination JPEG already exists
2017/09/09/HMI.m2017.09.09_02.00.00.jpg,2017-09-09T02:00:00Z,,,,,skipped_existing,destination JPEG already exists
2017/09/09/HMI.m2017.09.09_04.00.00.jpg,2017-09-09T04:00:00Z,,,,,skipped_existing,destination JPEG already exists
2017/09/09/HMI.m2017.09.09_05.00.00.jpg,2017-09-09T05:00:00Z,,,,,skipped_existing,destination JPEG already exists
2017/09/09/HMI.m2017.09.09_06.00.00.jpg,2017-09-09T06:00:00Z,,,,,skipped_existing,destination JPEG already exists
2017/09/09/HMI.m2017.09.09_07.00.00.jpg,2017-09-09T07:00:00Z,,,,,skipped_existing,destination JPEG already exists
2017/09/09/HMI.m2017.09.09_08.00.00.jpg,2017-09-09T08:00:00Z,,,,,skipped_existing,destination JPEG already exists
2017/09/09/HMI.m2017.09.09_09.00.00.jpg,2017-09-09T09:00:00Z,,,,,skipped_existing,destination JPEG already exists
2017/09/09/HMI.m2017.09.09_10.00.00.jpg,2017-09-09T10:00:00Z,,,,,skipped_existing,destination JPEG already exists
2017/09/09/HMI.m2017.09.09_11.00.00.jpg,2017-09-09T11:00:00Z,,,,,skipped_existing,destination JPEG already exists
2017/09/09/HMI.m2017.09.09_13.00.00.jpg,2017-09-09T13:00:00Z,,,,,skipped_existing,destination JPEG already exists
2017/09/09/HMI.m2017.09.09_14.00.00.jpg,2017-09-09T14:00:00Z,,,,,skipped_existing,destination JPEG already exists
2017/09/09/HMI.m2017.09.09_15.00.00.jpg,2017-09-09T15:00:00Z,,,,,skipped_existing,destination JPEG already exists
2017/09/09/HMI.m2017.09.09_16.00.00.jpg,2017-09-09T16:00:00Z,,,,,skipped_existing,destination JPEG already exists
2017/09/09/HMI.m2017.09.09_17.00.00.jpg,2017-09-09T17:00:00Z,,,,,skipped_existing,destination JPEG already exists
2017/09/09/HMI.m2017.09.09_18.00.00.jpg,2017-09-09T18:00:00Z,,,,,skipped_existing,destination JPEG already exists
2017/09/09/HMI.m2017.09.09_21.00.00.jpg,2017-09-09T21:00:00Z,,,,,skipped_existing,destination JPEG already exists
2017/09/09/HMI.m2017.09.09_22.00.00.jpg,2017-09-09T22:00:00Z,,,,,skipped_existing,destination JPEG already exists
2017/09/10/HMI.m2017.09.10_00.00.00.jpg,2017-09-10T00:00:00Z,,,,,skipped_existing,destination JPEG already exists
2017/09/10/HMI.m2017.09.10_01.00.00.jpg,2017-09-10T01:00:00Z,,,,,skipped_existing,destination JPEG already exists
2017/09/10/HMI.m2017.09.10_02.00.00.jpg,2017-09-10T02:00:00Z,,,,,skipped_existing,destination JPEG already exists
