relative_jpg,requested_utc,returned_utc,offset_seconds,helioviewer_id,jp2_sha256,status,reason
2015/01/02/HMI.m2015.01.02_13.00.00.jpg,2015-01-02T13:00:00Z,,,,,skipped_existing,destination JPEG already exists
2015/01/02/HMI.m2015.01.02_15.00.00.jpg,2015-01-02T15:00:00Z,,,,,skipped_existing,destination JPEG already exists
2015/01/02/HMI.m2015.01.02_21.00.00.jpg,2015-01-02T21:00:00Z,,,,,skipped_existing,destination JPEG already exists
2015/01/03/HMI.m2015.01.03_00.00.00.jpg,2015-01-03T00:00:00Z,,,,,skipped_existing,destination JPEG already exists
2015/01/03/HMI.m2015.01.03_02.00.00.jpg,2015-01-03T02:00:00Z,,,,,skipped_existing,destination JPEG already exists
2015/01/03/HMI.m2015.01.03_05.00.00.jpg,2015-01-03T05:00:00Z,,,,,skipped_existing,destination JPEG already exists
2015/01/03/HMI.m2015.01.03_08.00.00.jpg,2015-01-03T08:00:00Z,,,,,skipped_existing,destination JPEG already exists
2015/01/03/HMI.m2015.01.03_09.00.00.jpg,2015-01-03T09:00:00Z,,,,,skipped_existing,destination JPEG already exists
2015/01/03/HMI.m2015.01.03_11.00.00.jpg,2015-01-03T11:00:00Z,,,,,skipped_existing,destination JPEG already exists
2015/01/03/HMI.m2015.01.03_14.00.00.jpg,2015-01-03T14:00:00Z,,,,,skipped_existing,destination JPEG already exists
2015/01/03/HMI.m2015.01.03_17.00.00.jpg,2015-01-03T17:00:00Z,,,,,skipped_existing,destination JPEG already exists
2015/01/03/HMI.m2015.01.03_19.00.00.jpg,2015-01-03T19:00:00Z,,,,,skipped_existing,destination JPEG already exists
2015/01/03/HMI.m2015.01.03_21.00.00.jpg,2015-01-03T21:00:00Z,,,,,skipped_existing,destination JPEG already exists
2015/01/04/HMI.m2015.01.04_13.00.00.jpg,2015-01-04T13:00:00Z,,,,,skipped_existing,destination JPEG already exists
2015/01/04/HMI.m2015.01.04_14.00.00.jpg,2015-01-04T14:00:00Z,,,,,skipped_existing,destination JPEG already exists
2015/01/04/HMI.m2015.01.04_15.00.00.jpg,2015-01-04T15:00:00Z,,,,,skipped_existing,destination JPEG already exists
2015/01/05/HMI.m2015.01.05_02.00.00.jpg,2015-01-05T02:00:00Z,,,,,skipped_existing,destination JPEG already exists
2015/01/05/HMI.m2015.01.05_19.00.00.jpg,2015-01-05T19:00:00Z,,,,,skipped_existing,destination JPEG already exists
2015/01/07/HMI.m2015.01.07_14.00.00.jpg,2015-01-07T14:00:00Z,,,,,skipped_existing,destination JPEG already exists
2015/01/11/HMI.m2015.01.11_05.00.00.jpg,2015-01-11T05:00:00Z,,,,,skipped_existing,destination JPEG already exists
2015/01/12/HMI.m2015.01.12_09.00.00.jpg,2015-01-12T09:00:00Z,,,,,skipped_existing,destination JPEG already exists
2015/01/12/HMI.m2015.01.12_14.00.00.jpg,2015-01-12T14:00:00Z,,,,,skipped_existing,destination JPEG already exists
2015/01/12/HMI.m2015.01.12_19.00.00.jpg,2015-01-12T19:00:00Z,,,,,skipped_existing,destination JPEG already exists
2015/01/12/HMI.m2015.01.12_21.00.00.jpg,2015-01-12T21:00:00Z,,,,,skipped_existing,destination JPEG already exists
2015/01/13/HMI.m2015.01.13_00.00.00.jpg,2015-01-13T00:00:00Z,,,,,skipped_existing,destination JPEG already exists
2015/01/13/HMI.m2015.01.13_03.00.00.jpg,2015-01-13T03:00:00Z,,,,,skipped_existing,destination JPEG already exists
2015/01/13/HMI.m2015.01.13_04.00.00.jpg,2015-01-13T04:00:00Z,,,,,skipped_existing,destination JPEG already exists
2015/01/13/HMI.m2015.01.13_17.00.00.jpg,2015-01-13T17:00:00Z,,,,,skipped_existing,destination JPEG already exists
2015/01/13/HMI.m2015.01.13_18.00.00.jpg,2015-01-13T18:00:00Z,,,,,skipped_existing,destination JPEG already exists
2015/01/13/HMI.m2015.01.13_21.00.00.jpg,2015-01-13T21:00:00Z,,,,,skipped_existing,destination JPEG already exists
2015/01/14/HMI.m2015.01.14_06.00.00.jpg,2015-01-14T06:00:00Z,,,,,skipped_existing,destination JPEG already exists
2015/01/14/HMI.m2015.01.14_10.00.00.jpg,2015-01-14T10:00:00Z,,,,,skipped_existing,destination JPEG already exists
2015/01/18/HMI.m2015.01.18_17.00.00.jpg,2015-01-18T17:00:00Z,,,,,skipped_existing,destination JPEG already exists
2015/01/19/HMI.m2015.01.19_05.00.00.jpg,2015-01-19T05:00:00Z,,,,,skipped_existing,destination JPEG already exists
2015/01/19/HMI.m2015.01.19_18.00.00.jpg,2015-01-19T18:00:00Z,,,,,skipped_existing,destination JPEG already exists
2015/01/19/HMI.m2015.01.19_23.00.00.jpg,2015-01-19T23:00:00Z,,,,,skipped_existing,destination JPEG already exists
2015/01/20/HMI.m2015.01.20_12.00.00.jpg,2015-01-20T12:00:00Z,,,,,skipped_existing,destination JPEG already exists
2015/01/21/HMI.m2015.01.21_05.00.00.jpg,2015-01-21T05:00:00Z,,,,,skipped_existing,destination JPEG already exists
2015/01/21/HMI.m2015.01.21_11.00.00.jpg,2015-01-21T11:00:00Z,,,,,skipped_existing,destination JPEG already exists
2015/01/21/HMI.m2015.01.21_16.00.00.jpg,2015-01-21T16:00:00Z,,,,,skipped_existing,destination JPEG already exists
2015/01/21/HMI.m2015.01.21_18.00.00.jpg,2015-01-21T18:00:00Z,,,,,skipped_existing,destination JPEG already exists
2015/01/21/HMI.m2015.01.21_19.00.00.jpg,2015-01-21T19:00:00Z,,,,,skipped_existing,destination JPEG already exists
2015/01/21/HMI.m2015.01.21_21.00.00.jpg,2015-01-21T21:00:00Z,,,,,skipped_existing,destination JPEG already exists
2015/01/21/HMI.m2015.01.21_23.00.00.jpg,2015-01-21T23:00:00Z,,,,,skipped_existing,destination JPEG already exists
2015/01/22/HMI.m2015.01.22_00.00.00.jpg,2015-01-22T00:00:00Z,,,,,skipped_existing,destination JPEG already exists
2015/01/22/HMI.m2015.01.22_03.00.00.jpg,2015-01-22T03:00:00Z,,,,,skipped_existing,destination JPEG already exists
2015/01/22/HMI.m2015.01.22_07.00.00.jpg,2015-01-22T07:00:00Z,,,,,skipped_existing,destination JPEG already exists
2015/01/23/HMI.m2015.01.23_09.00.00.jpg,2015-01-23T09:00:00Z,,,,,skipped_existing,destination JPEG already exists
2015/01/23/HMI.m2015.01.23_22.00.00.jpg,2015-01-23T22:00:00Z,,,,,skipped_existing,destination JPEG already exists
2015/01/24/HMI.m2015.01.24_01.00.00.jpg,2015-01-24T01:00:00Z,,,,,skipped_existing,destination JPEG already exists
2015/01/25/HMI.m2015.01.25_18.00.00.jpg,2015-01-25T18:00:00Z,,,,,skipped_existing,destination JPEG already exists
2015/01/26/HMI.m2015.01.26_01.00.00.jpg,2015-01-26T01:00:00Z,,,,,skipped_existing,destination JPEG already exists
2015/01/26/HMI.m2015.01.26_06.00.00.jpg,2015-01-26T06:00:00Z,,,,,skipped_existing,destination JPEG already exists
2015/01/26/HMI.m2015.01.26_07.00.00.jpg,2015-01-26T07:00:00Z,,,,,skipped_existing,destination JPEG already exists
2015/01/26/HMI.m2015.01.26_09.00.00.jpg,2015-01-26T09:00:00Z,,,,,skipped_existing,destination JPEG already exists
2015/01/26/HMI.m2015.01.26_13.00.00.jpg,2015-01-26T13:00:00Z,,,,,skipped_existing,destination JPEG already exists
2015/01/26/HMI.m2015.01.26_16.00.00.jpg,2015-01-26T16:00:00Z,,,,,skipped_existing,destination JPEG already exists
2015/01/27/HMI.m2015.01.27_05.00.00.jpg,2015-01-27T05:00:00Z,,,,,skipped_existing,destination JPEG already exists
2015/01/27/HMI.m2015.01.27_06.00.00.jpg,2015-01-27T06:00:00Z,,,,,skipped_existing,destination JPEG already exists
2015/01/27/HMI.m2015.01.27_07.00.00.jpg,2015-01-27T07:00:00Z,,,,,skipped_existing,destination JPEG already exists
2015/01/27/HMI.m2015.01.27_08.00.00.jpg,2015-01-27T08:00:00Z,,,,,skipped_existing,destination JPEG already exists
2015/01/27/HMI.m2015.01.27_13.00.00.jpg,2015-01-27T13:00:00Z,,,,,skipped_existing,destination JPEG already exists
2015/01/27/HMI.m2015.01.27_14.00.00.jpg,2015-01-27T14:00:00Z,,,,,skipped_existing,destination JPEG already exists
2015/01/27/HMI.m2015.01.27_16.00.00.jpg,2015-01-27T16:00:00Z,,,,,skipped_existing,destination JPEG already exists
2015/01/27/HMI.m2015.01.27_19.00.00.jpg,2015-01-27T19:00:00Z,,,,,skipped_existing,destination JPEG already exists
2015/01/27/HMI.m2015.01.27_20.00.00.jpg,2015-01-27T20:00:00Z,,,,,skipped_existing,destination JPEG already exists
2015/01/28/HMI.m2015.01.28_01.00.00.jpg,2015-01-28T01:00:00Z,,,,,skipped_existing,destination JPEG already exists
2015/01/28/HMI.m2015.01.28_06.00.00.jpg,2015-01-28T06:00:00Z,,,,,skipped_existing,destination JPEG already exists
2015/01/28/HMI.m2015.01.28_09.00.00.jpg,2015-01-28T09:00:00Z,,,,,skipped_existing,destination JPEG already exists
2015/01/28/HMI.m2015.01.28_10.00.00.jpg,2015-01-28T10:00:00Z,,,,,skipped_existing,destination JPEG already exists
2015/01/28/HMI.m2015.01.28_11.00.00.jpg,2015-01-28T11:00:00Z,,,,,skipped_existing,destination JPEG already exists
2015/01/28/HMI.m2015.01.28_16.00.00.jpg,2015-01-28T16:00:00Z,,,,,skipped_existing,destination JPEG already exists
2015/01/28/HMI.m2015.01.28_23.00.00.jpg,2015-01-28T23:00:00Z,,,,,skipped_existing,destination JPEG already exists
2015/01/29/HMI.m2015.01.29_04.00.00.jpg,2015-01-29T04:00:00Z,,,,,skipped_existing,destination JPEG already exists
2015/01/29/HMI.m2015.01.29_06.00.00.jpg,2015-01-29T06:00:00Z,,,,,skipped_existing,destination JPEG already exists
2015/01/29/HMI.m2015.01.29_11.00.00.jpg,2015-01-29T11:00:00Z,,,,,skipped_existing,destination JPEG already exists
2015/01/29/HMI.m2015.01.29_16.00.00.jpg,2015-01-29T16:00:00Z,,,,,skipped_existing,destination JPEG already exists
2015/01/29/HMI.m2015.01.29_20.00.00.jpg,2015-01-29T20:00:00Z,,,,,skipped_existing,destination JPEG already exists
2015/01/30/HMI.m2015.01.30_01.00.00.jpg,2015-01-30T01:00:00Z,,,,,skipped_existing,destination JPEG already exists
2015/01/30/HMI.m2015.01.30_04.00.00.jpg,2015-01-30T04:00:00Z,,,,,skipped_existing,destination JPEG already exists
2015/01/30/HMI.m2015.01.30_06.00.00.jpg,2015-01-30T06:00:00Z,,,,,skipped_existing,destination JPEG already exists
2015/01/30/HMI.m2015.01.30_12.00.00.jpg,2015-01-30T12:00:00Z,,,,,skipped_existing,destination JPEG already exists
2015/01/30/HMI.m2015.01.30_22.00.00.jpg,2015-01-30T22:00:00Z,,,,,skipped_existing,destination JPEG already exists
2015/01/31/HMI.m2015.01.31_19.00.00.jpg,2015-01-31T19:00:00Z,,,,,skipped_existing,destination JPEG already exists
2015/02/01/HMI.m2015.02.01_09.00.00.jpg,2015-02-01T09:00:00Z,,,,,skipped_existing,destination JPEG already exists
2015/02/01/HMI.m2015.02.01_14.00.00.jpg,2015-02-01T14:00:00Z,,,,,skipped_existing,destination JPEG already exists
2015/02/02/HMI.m2015.02.02_01.00.00.jpg,2015-02-02T01:00:00Z,,,,,skipped_existing,destination JPEG already exists
2015/02/02/HMI.m2015.02.02_06.00.00.jpg,2015-02-02T06:00:00Z,,,,,skipped_existing,destination JPEG already exists
2015/02/03/HMI.m2015.02.03_03.00.00.jpg,2015-02-03T03:00:00Z,,,,,skipped_existing,destination JPEG already exists
2015/02/03/HMI.m2015.02.03_04.00.00.jpg,2015-02-03T04:00:00Z,,,,,skipped_existing,destination JPEG already exists
2015/02/03/HMI.m2015.02.03_05.00.00.jpg,2015-02-03T05:00:00Z,,,,,skipped_existing,destination JPEG already exists
2015/02/03/HMI.m2015.02.03_15.00.00.jpg,2015-02-03T15:00:00Z,,,,,skipped_existing,destination JPEG already exists
2015/02/03/HMI.m2015.02.03_16.00.00.jpg,2015-02-03T16:00:00Z,,,,,skipped_existing,destination JPEG already exists
2015/02/03/HMI.m2015.02.03_19.00.00.jpg,2015-02-03T19:00:00Z,,,,,skipped_existing,destination JPEG already exists
2015/02/03/HMI.m2015.02.03_21.00.00.jpg,2015-02-03T21:00:00Z,,,,,skipped_existing,destination JPEG already exists
2015/02/04/HMI.m2015.02.04_02.00.00.jpg,2015-02-04T02:00:00Z,,,,,skipped_existing,destination JPEG already exists
2015/02/04/HMI.m2015.02.04_11.00.00.jpg,2015-02-04T11:00:00Z,,,,,skipped_existing,destination JPEG already exists
2015/02/06/HMI.m2015.02.06_14.00.00.jpg,2015-02-06T14:00:00Z,,,,,skipped_existing,destination JPEG already exists
2015/02/06/HMI.m2015.02.06_21.00.00.jpg,2015-02-06T21:00:00Z,,,,,skipped_existing,destination JPEG already exists
2015/02/07/HMI.m2015.02.07_04.00.00.jpg,2015-02-07T04:00:00Z,,,,,skipped_existing,destination JPEG already exists
2015/02/08/HMI.m2015.02.08_05.00.00.jpg,2015-02-08T05:00:00Z,,,,,skipped_existing,destination JPEG already exists
2015/02/08/HMI.m2015.02.08_07.00.00.jpg,2015-02-08T07:00:00Z,,,,,skipped_existing,destination JPEG already exists
2015/02/08/HMI.m2015.02.08_23.00.00.jpg,2015-02-08T23:00:00Z,,,,,skipped_existing,destination JPEG already exists
2015/02/09/HMI.m2015.02.09_02.00.00.jpg,2015-02-09T02:00:00Z,,,,,skipped_existing,destination JPEG already exists
2015/02/09/HMI.m2015.02.09_10.00.00.jpg,2015-02-09T10:00:00Z,,,,,skipped_existing,destination JPEG already exists
2015/02/09/HMI.m2015.02.09_13.00.00.jpg,2015-02-09T13:00:00Z,,,,,skipped_existing,destination JPEG already exists
2015/02/09/HMI.m2015.02.09_14.00.00.jpg,2015-02-09T14:00:00Z,,,,,skipped_existing,destination JPEG already exists
2015/02/09/HMI.m2015.02.09_17.00.00.jpg,2015-02-09T17:00:00Z,,,,,skipped_existing,destination JPEG already exists
2015/02/09/HMI.m2015.02.09_22.00.00.jpg,2015-02-09T22:00:00Z,,,,,skipped_existing,destination JPEG already exists
2015/02/10/HMI.m2015.02.10_02.00.00.jpg,2015-02-10T02:00:00Z,,,,,skipped_existing,destination JPEG already exists
2015/02/10/HMI.m2015.02.10_15.00.00.jpg,2015-02-10T15:00:00Z,,,,,skipped_existing,destination JPEG already exists
2015/02/10/HMI.m2015.02.10_22.00.00.jpg,2015-02-10T22:00:00Z,,,,,skipped_existing,destination JPEG already exists
2015/02/11/HMI.m2015.02.11_05.00.00.jpg,2015-02-11T05:00:00Z,,,,,skipped_existing,destination JPEG already exists
2015/02/11/HMI.m2015.02.11_23.00.00.jpg,2015-02-11T23:00:00Z,,,,,skipped_existing,destination JPEG already exists
2015/02/13/HMI.m2015.02.13_06.00.00.jpg,2015-02-13T06:00:00Z,,,,,skipped_existing,destination JPEG already exists
2015/02/13/HMI.m2015.02.13_19.00.00.jpg,2015-02-13T19:00:00Z,,,,,skipped_existing,destination JPEG already exists
2015/02/14/HMI.m2015.02.14_10.00.00.jpg,2015-02-14T10:00:00Z,,,,,skipped_existing,destination JPEG already exists
2015/02/15/HMI.m2015.02.15_08.00.00.jpg,2015-02-15T08:00:00Z,,,,,skipped_existing,destination JPEG already exists
2015/02/16/HMI.m2015.02.16_01.00.00.jpg,2015-02-16T01:00:00Z,,,,,skipped_existing,destination JPEG already exists
2015/02/16/HMI.m2015.02.16_07.00.00.jpg,2015-02-16T07:00:00Z,,,,,skipped_existing,destination JPEG already exists
2015/02/16/HMI.m2015.02.16_13.00.00.jpg,2015-02-16T13:00:00Z,,,,,skipped_existing,destination JPEG already exists
2015/02/17/HMI.m2015.02.17_10.00.00.jpg,2015-02-17T10:00:00Z,,,,,skipped_existing,destination JPEG already exists
2015/02/18/HMI.m2015.02.18_23.00.00.jpg,2015-02-18T23:00:00Z,,,,,skipped_existing,destination JPEG already exists
2015/02/19/HMI.m2015.02.19_15.00.00.jpg,2015-02-19T15:00:00Z,,,,,skipped_existing,destination JPEG already exists
2015/02/21/HMI.m2015.02.21_23.00.00.jpg,2015-02-21T23:00:00Z,,,,,skipped_existing,destination JPEG already exists
2015/02/22/HMI.m2015.02.22_07.00.00.jpg,2015-02-22T07:00:00Z,,,,,skipped_existing,destination JPEG already exists
2015/02/23/HMI.m2015.02.23_20.00.00.jpg,2015-02-23T20:00:00Z,,,,,skipped_existing,destination JPEG already exists
2015/02/24/HMI.m2015.02.24_16.00.00.jpg,2015-02-24T16:00:00Z,,,,,skipped_existing,destination JPEG already exists
2015/02/25/HMI.m2015.02.25_08.00.00.jpg,2015-02-25T08:00:00Z,,,,,skipped_existing,destination JPEG already exists
2015/02/25/HMI.m2015.02.25_17.00.00.jpg,2015-02-25T17:00:00Z,,,,,skipped_existing,destination JPEG already exists
2015/02/26/HMI.m2015.02.26_03.00.00.jpg,2015-02-26T03:00:00Z,,,,,skipped_existing,destination JPEG already exists
2015/02/26/HMI.m2015.02.26_05.00.00.jpg,2015-02-26T05:00:00Z,,,,,skipped_existing,destination JPEG already exists
2015/02/26/HMI.m2015.02.26_15.00.00.jpg,2015-02-26T15:00:00Z,,,,,skipped_existing,destination JPEG already exists
2015/02/27/HMI.m2015.02.27_00.00.00.jpg,2015-02-27T00:00:00Z,,,,,skipped_existing,destination JPEG already exists
2015/02/27/HMI.m2015.02.27_02.00.00.jpg,2015-02-27T02:00:00Z,,,,,skipped_existing,destination JPEG already exists
2015/02/28/HMI.m2015.02.28_03.00.00.jpg,2015-02-28T03:00:00Z,,,,,skipped_existing,destination JPEG already exists
2015/02/28/HMI.m2015.02.28_11.00.00.jpg,2015-02-28T11:00:00Z,,,,,skipped_existing,destination JPEG already exists
2015/02/28/HMI.m2015.02.28_13.00.00.jpg,2015-02-28T13:00:00Z,,,,,skipped_existing,destination JPEG already exists
2015/03/01/HMI.m2015.03.01_02.00.00.jpg,2015-03-01T02:00:00Z,,,,,skipped_existing,destination JPEG already exists
2015/03/01/HMI.m2015.03.01_11.00.00.jpg,2015-03-01T11:00:00Z,,,,,skipped_existing,destination JPEG already exists
2015/03/01/HMI.m2015.03.01_12.00.00.jpg,2015-03-01T12:00:00Z,,,,,skipped_existing,destination JPEG already exists
2015/03/01/HMI.m2015.03.01_15.00.00.jpg,2015-03-01T15:00:00Z,,,,,skipped_existing,destination JPEG already exists
2015/03/01/HMI.m2015.03.01_20.00.00.jpg,2015-03-01T20:00:00Z,,,,,skipped_existing,destination JPEG already exists
2015/03/01/HMI.m2015.03.01_22.00.00.jpg,2015-03-01T22:00:00Z,,,,,skipped_existing,destination JPEG already exists
2015/03/02/HMI.m2015.03.02_02.00.00.jpg,2015-03-02T02:00:00Z,,,,,skipped_existing,destination JPEG already exists
2015/03/02/HMI.m2015.03.02_05.00.00.jpg,2015-03-02T05:00:00Z,,,,,skipped_existing,destination JPEG already exists
2015/03/02/HMI.m2015.03.02_06.00.00.jpg,2015-03-02T06:00:00Z,,,,,skipped_existing,destination JPEG already exists
2015/03/02/HMI.m2015.03.02_10.00.00.jpg,2015-03-02T10:00:00Z,,,,,skipped_existing,destination JPEG already exists
2015/03/02/HMI.m2015.03.02_13.00.00.jpg,2015-03-02T13:00:00Z,,,,,skipped_existing,destination JPEG already exists
2015/03/02/HMI.m2015.03.02_18.00.00.jpg,2015-03-02T18:00:00Z,,,,,skipped_existing,destination JPEG already exists
2015/03/02/HMI.m2015.03.02_22.00.00.jpg,2015-03-02T22:00:00Z,,,,,skipped_existing,destination JPEG already exists
2015/03/02/HMI.m2015.03.02_23.00.00.jpg,2015-03-02T23:00:00Z,,,,,skipped_existing,destination JPEG already exists
2015/03/03/HMI.m2015.03.03_23.00.00.jpg,2015-03-03T23:00:00Z,,,,,skipped_existing,destination JPEG already exists
2015/03/04/HMI.m2015.03.04_05.00.00.jpg,2015-03-04T05:00:00Z,,,,,skipped_existing,destination JPEG already exists
2015/03/04/HMI.m2015.03.04_18.00.00.jpg,2015-03-04T18:00:00Z,,,,,skipped_existing,destination JPEG already exists
2015/03/04/HMI.m2015.03.04_22.00.00.jpg,2015-03-04T22:00:00Z,,,,,skipped_existing,destination JPEG already exists
2015/03/04/HMI.m2015.03.04_23.00.00.jpg,2015-03-04T23:00:00Z,,,,,skipped_existing,destination JPEG already exists
2015/03/05/HMI.m2015.03.05_03.00.00.jpg,2015-03-05T03:00:00Z,,,,,skipped_existing,destination JPEG already exists
2015/03/05/HMI.m2015.03.05_06.00.00.jpg,2015-03-05T06:00:00Z,,,,,skipped_existing,destination JPEG already exists
2015/03/05/HMI.m2015.03.05_12.00.00.jpg,2015-03-05T12:00:00Z,,,,,skipped_existing,destination JPEG already exists
2015/03/05/HMI.m2015.03.05_16.00.00.jpg,2015-03-05T16:00:00Z,,,,,skipped_existing,destination JPEG already exists
2015/03/05/HMI.m2015.03.05_17.00.00.jpg,2015-03-05T17:00:00Z,,,,,skipped_existing,destination JPEG already exists
2015/03/05/HMI.m2015.03.05_18.00.00.jpg,2015-03-05T18:00:00Z,,,,,skipped_existing,destination JPEG already exists
2015/03/05/HMI.m2015.03.05_19.00.00.jpg,2015-03-05T19:00:00Z,,,,,skipped_existing,destination JPEG already exists
2015/03/05/HMI.m2015.03.05_20.00.00.jpg,2015-03-05T20:00:00Z,,,,,skipped_existing,destination JPEG already exists
2015/03/05/HMI.m2015.03.05_21.00.00.jpg,2015-03-05T21:00:00Z,,,,,skipped_existing,destination JPEG already exists
2015/03/05/HMI.m2015.03.05_22.00.00.jpg,2015-03-05T22:00:00Z,,,,,skipped_existing,destination JPEG already exists
2015/03/06/HMI.m2015.03.06_01.00.00.jpg,2015-03-06T01:00:00Z,,,,,skipped_existing,destination JPEG already exists
2015/03/06/HMI.m2015.03.06_05.00.00.jpg,2015-03-06T05:00:00Z,,,,,skipped_existing,destination JPEG already exists
2015/03/06/HMI.m2015.03.06_11.00.00.jpg,2015-03-06T11:00:00Z,,,,,skipped_existing,destination JPEG already exists
2015/03/06/HMI.m2015.03.06_23.00.00.jpg,2015-03-06T23:00:00Z,,,,,skipped_existing,destination JPEG already exists
2015/03/07/HMI.m2015.03.07_02.00.00.jpg,2015-03-07T02:00:00Z,,,,,skipped_existing,destination JPEG already exists
2015/03/07/HMI.m2015.03.07_04.00.00.jpg,2015-03-07T04:00:00Z,,,,,skipped_existing,destination JPEG already exists
2015/03/07/HMI.m2015.03.07_05.00.00.jpg,2015-03-07T05:00:00Z,,,,,skipped_existing,destination JPEG already exists
2015/03/07/HMI.m2015.03.07_06.00.00.jpg,2015-03-07T06:00:00Z,,,,,skipped_existing,destination JPEG already exists
2015/03/07/HMI.m2015.03.07_08.00.00.jpg,2015-03-07T08:00:00Z,,,,,skipped_existing,destination JPEG already exists
2015/03/07/HMI.m2015.03.07_09.00.00.jpg,2015-03-07T09:00:00Z,,,,,skipped_existing,destination JPEG already exists
2015/03/07/HMI.m2015.03.07_12.00.00.jpg,2015-03-07T12:00:00Z,,,,,skipped_existing,destination JPEG already exists
2015/03/07/HMI.m2015.03.07_14.00.00.jpg,2015-03-07T14:00:00Z,,,,,skipped_existing,destination JPEG already exists
2015/03/07/HMI.m2015.03.07_15.00.00.jpg,2015-03-07T15:00:00Z,,,,,skipped_existing,destination JPEG already exists
2015/03/07/HMI.m2015.03.07_17.00.00.jpg,2015-03-07T17:00:00Z,,,,,skipped_existing,destination JPEG already exists
2015/03/07/HMI.m2015.03.07_18.00.00.jpg,2015-03-07T18:00:00Z,,,,,skipped_existing,destination JPEG already exists
2015/03/07/HMI.m2015.03.07_19.00.00.jpg,2015-03-07T19:00:00Z,,,,,skipped_existing,destination JPEG already exists
2015/03/08/HMI.m2015.03.08_18.00.00.jpg,2015-03-08T18:00:00Z,,,,,skipped_existing,destination JPEG already exists
2015/03/08/HMI.m2015.03.08_19.00.00.jpg,2015-03-08T19:00:00Z,,,,,skipped_existing,destination JPEG already exists
2015/03/08/HMI.m2015.03.08_22.00.00.jpg,2015-03-08T22:00:00Z,,,,,skipped_existing,destination JPEG already exists
2015/03/08/HMI.m2015.03.08_23.00.00.jpg,2015-03-08T23:00:00Z,,,,,skipped_existing,destination JPEG already exists
2015/03/09/HMI.m2015.03.09_00.00.00.jpg,2015-03-09T00:00:00Z,,,,,skipped_existing,destination JPEG already exists
2015/03/09/HMI.m2015.03.09_01.00.00.jpg,2015-03-09T01:00:00Z,,,,,skipped_existing,destination JPEG already exists
2015/03/09/HMI.m2015.03.09_03.00.00.jpg,2015-03-09T03:00:00Z,,,,,skipped_existing,destination JPEG already exists
2015/03/09/HMI.m2015.03.09_04.00.00.jpg,2015-03-09T04:00:00Z,,,,,skipped_existing,destination JPEG already exists
2015/03/09/HMI.m2015.03.09_09.00.00.jpg,2015-03-09T09:00:00Z,,,,,skipped_existing,destination JPEG already exists
2015/03/09/HMI.m2015.03.09_10.00.00.jpg,2015-03-09T10:00:00Z,,,,,skipped_existing,destination JPEG already exists
2015/03/09/HMI.m2015.03.09_12.00.00.jpg,2015-03-09T12:00:00Z,,,,,skipped_existing,destination JPEG already exists
2015/03/09/HMI.m2015.03.09_15.00.00.jpg,2015-03-09T15:00:00Z,,,,,skipped_existing,destination JPEG already exists
2015/03/09/HMI.m2015.03.09_23.00.00.jpg,2015-03-09T23:00:00Z,,,,,skipped_existing,destination JPEG already exists
2015/03/10/HMI.m2015.03.10_01.00.00.jpg,2015-03-10T01:00:00Z,,,,,skipped_existing,destination JPEG already exists
2015/03/10/HMI.m2015.03.10_05.00.00.jpg,2015-03-10T05:00:00Z,,,,,skipped_existing,destination JPEG already exists
2015/03/10/HMI.m2015.03.10_06.00.00.jpg,2015-03-10T06:00:00Z,,,,,skipped_existing,destination JPEG already exists
2015/03/10/HMI.m2015.03.10_13.00.00.jpg,2015-03-10T13:00:00Z,,,,,skipped_existing,destination JPEG already exists
2015/03/10/HMI.m2015.03.10_14.00.00.jpg,2015-03-10T14:00:00Z,,,,,skipped_existing,destination JPEG already exists
2015/03/10/HMI.m2015.03.10_22.00.00.jpg,2015-03-10T22:00:00Z,,,,,skipped_existing,destination JPEG already exists
2015/03/11/HMI.m2015.03.11_00.00.00.jpg,2015-03-11T00:00:00Z,,,,,skipped_existing,destination JPEG already exists
2015/03/11/HMI.m2015.03.11_05.00.00.jpg,2015-03-11T05:00:00Z,,,,,skipped_existing,destination JPEG already exists
2015/03/11/HMI.m2015.03.11_06.00.00.jpg,2015-03-11T06:00:00Z,,,,,skipped_existing,destination JPEG already exists
2015/03/11/HMI.m2015.03.11_10.00.00.jpg,2015-03-11T10:00:00Z,,,,,skipped_existing,destination JPEG already exists
2015/03/11/HMI.m2015.03.11_20.00.00.jpg,2015-03-11T20:00:00Z,,,,,skipped_existing,destination JPEG already exists
2015/03/11/HMI.m2015.03.11_23.00.00.jpg,2015-03-11T23:00:00Z,,,,,skipped_existing,destination JPEG already exists
2015/03/12/HMI.m2015.03.12_01.00.00.jpg,2015-03-12T01:00:00Z,,,,,skipped_existing,destination JPEG already exists
2015/03/12/HMI.m2015.03.12_05.00.00.jpg,2015-03-12T05:00:00Z,,,,,skipped_existing,destination JPEG already exists
2015/03/12/HMI.m2015.03.12_08.00.00.jpg,2015-03-12T08:00:00Z,,,,,skipped_existing,destination JPEG already exists
2015/03/12/HMI.m2015.03.12_11.00.00.jpg,2015-03-12T11:00:00Z,,,,,skipped_existing,destination JPEG already exists
2015/03/12/HMI.m2015.03.12_13.00.00.jpg,2015-03-12T13:00:00Z,,,,,skipped_existing,destination JPEG already exists
2015/03/12/HMI.m2015.03.12_16.00.00.jpg,2015-03-12T16:00:00Z,,,,,skipped_existing,destination JPEG already exists
2015/03/12/HMI.m2015.03.12_18.00.00.jpg,2015-03-12T18:00:00Z,,,,,skipped_existing,destination JPEG already exists
2015/03/12/HMI.m2015.03.12_22.00.00.jpg,2015-03-12T22:00:00Z,,,,,skipped_existing,destination JPEG already exists
2015/03/13/HMI.m2015.03.13_00.00.00.jpg,2015-03-13T00:00:00Z,,,,,skipped_existing,destination JPEG already exists
2015/03/13/HMI.m2015.03.13_01.00.00.jpg,2015-03-13T01:00:00Z,,,,,skipped_existing,destination JPEG already exists
2015/03/13/HMI.m2015.03.13_03.00.00.jpg,2015-03-13T03:00:00Z,,,,,skipped_existing,destination JPEG already exists
2015/03/13/HMI.m2015.03.13_04.00.00.jpg,2015-03-13T04:00:00Z,,,,,skipped_existing,destination JPEG already exists
2015/03/13/HMI.m2015.03.13_05.00.00.jpg,2015-03-13T05:00:00Z,,,,,skipped_existing,destination JPEG already exists
2015/03/13/HMI.m2015.03.13_08.00.00.jpg,2015-03-13T08:00:00Z,,,,,skipped_existing,destination JPEG already exists
2015/03/13/HMI.m2015.03.13_10.00.00.jpg,2015-03-13T10:00:00Z,,,,,skipped_existing,destination JPEG already exists
2015/03/13/HMI.m2015.03.13_15.00.00.jpg,2015-03-13T15:00:00Z,,,,,skipped_existing,destination JPEG already exists
2015/03/13/HMI.m2015.03.13_16.00.00.jpg,2015-03-13T16:00:00Z,,,,,skipped_existing,destination JPEG already exists
2015/03/13/HMI.m2015.03.13_17.00.00.jpg,2015-03-13T17:00:00Z,,,,,skipped_existing,destination JPEG already exists
2015/03/14/HMI.m2015.03.14_00.00.00.jpg,2015-03-14T00:00:00Z,,,,,skipped_existing,destination JPEG already exists
2015/03/14/HMI.m2015.03.14_01.00.00.jpg,2015-03-14T01:00:00Z,,,,,skipped_existing,destination JPEG already exists
2015/03/14/HMI.m2015.03.14_04.00.00.jpg,2015-03-14T04:00:00Z,,,,,skipped_existing,destination JPEG already exists
2015/03/14/HMI.m2015.03.14_10.00.00.jpg,2015-03-14T10:00:00Z,,,,,skipped_existing,destination JPEG already exists
2015/03/14/HMI.m2015.03.14_14.00.00.jpg,2015-03-14T14:00:00Z,,,,,skipped_existing,destination JPEG already exists
2015/03/14/HMI.m2015.03.14_16.00.00.jpg,2015-03-14T16:00:00Z,,,,,skipped_existing,destination JPEG already exists
2015/03/14/HMI.m2015.03.14_20.00.00.jpg,2015-03-14T20:00:00Z,,,,,skipped_existing,destination JPEG already exists
2015/03/14/HMI.m2015.03.14_22.00.00.jpg,2015-03-14T22:00:00Z,,,,,skipped_existing,destination JPEG already exists
2015/03/14/HMI.m2015.03.14_23.00.00.jpg,2015-03-14T23:00:00Z,,,,,skipped_existing,destination JPEG already exists
2015/03/15/HMI.m2015.03.15_00.00.00.jpg,2015-03-15T00:00:00Z,,,,,skipped_existing,destination JPEG already exists
2015/03/15/HMI.m2015.03.15_04.00.00.jpg,2015-03-15T04:00:00Z,,,,,skipped_existing,destination JPEG already exists
2015/03/15/HMI.m2015.03.15_06.00.00.jpg,2015-03-15T06:00:00Z,,,,,skipped_existing,destination JPEG already exists
2015/03/15/HMI.m2015.03.15_10.00.00.jpg,2015-03-15T10:00:00Z,,,,,skipped_existing,destination JPEG already exists
2015/03/15/HMI.m2015.03.15_11.00.00.jpg,2015-03-15T11:00:00Z,,,,,skipped_existing,destination JPEG already exists
2015/03/15/HMI.m2015.03.15_21.00.00.jpg,2015-03-15T21:00:00Z,,,,,skipped_existing,destination JPEG already exists
2015/03/16/HMI.m2015.03.16_00.00.00.jpg,2015-03-16T00:00:00Z,,,,,skipped_existing,destination JPEG already exists
2015/03/16/HMI.m2015.03.16_01.00.00.jpg,2015-03-16T01:00:00Z,,,,,skipped_existing,destination JPEG already exists
2015/03/16/HMI.m2015.03.16_03.00.00.jpg,2015-03-16T03:00:00Z,,,,,skipped_existing,destination JPEG already exists
2015/03/16/HMI.m2015.03.16_06.00.00.jpg,2015-03-16T06:00:00Z,,,,,skipped_existing,destination JPEG already exists
2015/03/16/HMI.m2015.03.16_08.00.00.jpg,2015-03-16T08:00:00Z,,,,,skipped_existing,destination JPEG already exists
2015/03/17/HMI.m2015.03.17_01.00.00.jpg,2015-03-17T01:00:00Z,,,,,skipped_existing,destination JPEG already exists
2015/03/17/HMI.m2015.03.17_07.00.00.jpg,2015-03-17T07:00:00Z,,,,,skipped_existing,destination JPEG already exists
2015/03/17/HMI.m2015.03.17_14.00.00.jpg,2015-03-17T14:00:00Z,,,,,skipped_existing,destination JPEG already exists
2015/03/17/HMI.m2015.03.17_16.00.00.jpg,2015-03-17T16:00:00Z,,,,,skipped_existing,destination JPEG already exists
2015/03/17/HMI.m2015.03.17_21.00.00.jpg,2015-03-17T21:00:00Z,,,,,skipped_existing,destination JPEG already exists
2015/03/19/HMI.m2015.03.19_03.00.00.jpg,2015-03-19T03:00:00Z,,,,,skipped_existing,destination JPEG already exists
2015/03/21/HMI.m2015.03.21_12.00.00.jpg,2015-03-21T12:00:00Z,,,,,skipped_existing,destination JPEG already exists
2015/03/22/HMI.m2015.03.22_19.00.00.jpg,2015-03-22T19:00:00Z,,,,,skipped_existing,destination JPEG already exists
2015/03/22/HMI.m2015.03.22_21.00.00.jpg,2015-03-22T21:00:00Z,,,,,skipped_existing,destination JPEG already exists
2015/03/23/HMI.m2015.03.23_19.00.00.jpg,2015-03-23T19:00:00Z,,,,,skipped_existing,destination JPEG already exists
2015/03/24/HMI.m2015.03.24_14.00.00.jpg,2015-03-24T14:00:00Z,,,,,skipped_existing,destination JPEG already exists
2015/03/25/HMI.m2015.03.25_09.00.00.jpg,2015-03-25T09:00:00Z,,,,,skipped_existing,destination JPEG already exists
2015/03/26/HMI.m2015.03.26_08.00.00.jpg,2015-03-26T08:00:00Z,,,,,skipped_existing,destination JPEG already exists
2015/03/26/HMI.m2015.03.26_09.00.00.jpg,2015-03-26T09:00:00Z,,,,,skipped_existing,destination JPEG already exists
2015/03/26/HMI.m2015.03.26_16.00.00.jpg,2015-03-26T16:00:00Z,,,,,skipped_existing,destination JPEG already exists
2015/03/28/HMI.m2015.03.28_06.00.00.jpg,2015-03-28T06:00:00Z,,,,,skipped_existing,destination JPEG already exists
2015/03/30/HMI.m2015.03.30_19.00.00.jpg,2015-03-30T19:00:00Z,,,,,skipped_existing,destination JPEG already exists
2015/03/31/HMI.m2015.03.31_10.00.00.jpg,2015-03-31T10:00:00Z,,,,,skipped_existing,destination JPEG already exists
2015/03/31/HMI.m2015.03.31_15.00.00.jpg,2015-03-31T15:00:00Z,,,,,skipped_existing,destination JPEG already exists
2015/04/02/HMI.m2015.04.02_02.00.00.jpg,2015-04-02T02:00:00Z,,,,,skipped_existing,destination JPEG already exists
2015/04/04/HMI.m2015.04.04_11.00.00.jpg,2015-04-04T11:00:00Z,,,,,skipped_existing,destination JPEG already exists
2015/04/05/HMI.m2015.04.05_11.00.00.jpg,2015-04-05T11:00:00Z,,,,,skipped_existing,destination JPEG already exists
2015/04/05/HMI.m2015.04.05_16.00.00.jpg,2015-04-05T16:00:00Z,,,,,skipped_existing,destination JPEG already exists
2015/04/06/HMI.m2015.04.06_01.00.00.jpg,2015-04-06T01:00:00Z,,,,,skipped_existing,destination JPEG already exists
2015/04/06/HMI.m2015.04.06_09.00.00.jpg,2015-04-06T09:00:00Z,,,,,skipped_existing,destination JPEG already exists
2015/04/07/HMI.m2015.04.07_15.00.00.jpg,2015-04-07T15:00:00Z,,,,,skipped_existing,destination JPEG already exists
2015/04/07/HMI.m2015.04.07_16.00.00.jpg,2015-04-07T16:00:00Z,,,,,skipped_existing,destination JPEG already exists
2015/04/07/HMI.m2015.04.07_17.00.00.jpg,2015-04-07T17:00:00Z,,,,,skipped_existing,destination JPEG already exists
2015/04/07/HMI.m2015.04.07_19.00.00.jpg,2015-04-07T19:00:00Z,,,,,skipped_existing,destination JPEG already exists
2015/04/07/HMI.m2015.04.07_20.00.00.jpg,2015-04-07T20:00:00Z,,,,,skipped_existing,destination JPEG already exists
2015/04/07/HMI.m2015.04.07_22.00.00.jpg,2015-04-07T22:00:00Z,,,,,skipped_existing,destination JPEG already exists
2015/04/07/HMI.m2015.04.07_23.00.00.jpg,2015-04-07T23:00:00Z,,,,,skipped_existing,destination JPEG already exists
2015/04/08/HMI.m2015.04.08_00.00.00.jpg,2015-04-08T00:00:00Z,,,,,skipped_existing,destination JPEG already exists
2015/04/08/HMI.m2015.04.08_02.00.00.jpg,2015-04-08T02:00:00Z,,,,,skipped_existing,destination JPEG already exists
2015/04/08/HMI.m2015.04.08_06.00.00.jpg,2015-04-08T06:00:00Z,,,,,skipped_existing,destination JPEG already exists
2015/04/08/HMI.m2015.04.08_08.00.00.jpg,2015-04-08T08:00:00Z,,,,,skipped_existing,destination JPEG already exists
2015/04/08/HMI.m2015.04.08_09.00.00.jpg,2015-04-08T09:00:00Z,,,,,skipped_existing,destination JPEG already exists
2015/04/08/HMI.m2015.04.08_10.00.00.jpg,2015-04-08T10:00:00Z,,,,,skipped_existing,destination JPEG already exists
2015/04/08/HMI.m2015.04.08_12.00.00.jpg,2015-04-08T12:00:00Z,,,,,skipped_existing,destination JPEG already exists
2015/04/08/HMI.m2015.04.08_14.00.00.jpg,2015-04-08T14:00:00Z,,,,,skipped_existing,destination JPEG already exists
2015/04/09/HMI.m2015.04.09_00.00.00.jpg,2015-04-09T00:00:00Z,,,,,skipped_existing,destination JPEG already exists
2015/04/10/HMI.m2015.04.10_05.00.00.jpg,2015-04-10T05:00:00Z,,,,,skipped_existing,destination JPEG already exists
2015/04/10/HMI.m2015.04.10_12.00.00.jpg,2015-04-10T12:00:00Z,,,,,skipped_existing,destination JPEG already exists
2015/04/11/HMI.m2015.04.11_09.00.00.jpg,2015-04-11T09:00:00Z,,,,,skipped_existing,destination JPEG already exists
2015/04/11/HMI.m2015.04.11_12.00.00.jpg,2015-04-11T12:00:00Z,,,,,skipped_existing,destination JPEG already exists
2015/04/11/HMI.m2015.04.11_18.00.00.jpg,2015-04-11T18:00:00Z,,,,,skipped_existing,destination JPEG already exists
2015/04/11/HMI.m2015.04.11_19.00.00.jpg,2015-04-11T19:00:00Z,,,,,skipped_existing,destination JPEG already exists
2015/04/11/HMI.m2015.04.11_21.00.00.jpg,2015-04-11T21:00:00Z,,,,,skipped_existing,destination JPEG already exists
2015/04/11/HMI.m2015.04.11_23.00.00.jpg,2015-04-11T23:00:00Z,,,,,skipped_existing,destination JPEG already exists
2015/04/12/HMI.m2015.04.12_04.00.00.jpg,2015-04-12T04:00:00Z,,,,,skipped_existing,destination JPEG already exists
2015/04/12/HMI.m2015.04.12_05.00.00.jpg,2015-04-12T05:00:00Z,,,,,skipped_existing,destination JPEG already exists
2015/04/12/HMI.m2015.04.12_13.00.00.jpg,2015-04-12T13:00:00Z,,,,,skipped_existing,destination JPEG already exists
2015/04/12/HMI.m2015.04.12_15.00.00.jpg,2015-04-12T15:00:00Z,,,,,skipped_existing,destination JPEG already exists
2015/04/13/HMI.m2015.04.13_22.00.00.jpg,2015-04-13T22:00:00Z,,,,,skipped_existing,destination JPEG already exists
2015/04/14/HMI.m2015.04.14_14.00.00.jpg,2015-04-14T14:00:00Z,,,,,skipped_existing,destination JPEG already exists
2015/04/15/HMI.m2015.04.15_08.00.00.jpg,2015-04-15T08:00:00Z,,,,,skipped_existing,destination JPEG already exists
2015/04/15/HMI.m2015.04.15_12.00.00.jpg,2015-04-15T12:00:00Z,,,,,skipped_existing,destination JPEG already exists
2015/04/16/HMI.m2015.04.16_00.00.00.jpg,2015-04-16T00:00:00Z,,,,,skipped_existing,destination JPEG already exists
2015/04/17/HMI.m2015.04.17_11.00.00.jpg,2015-04-17T11:00:00Z,,,,,skipped_existing,destination JPEG already exists
2015/04/18/HMI.m2015.04.18_16.00.00.jpg,2015-04-18T16:00:00Z,,,,,skipped_existing,destination JPEG already exists
2015/04/20/HMI.m2015.04.20_11.00.00.jpg,2015-04-20T11:00:00Z,,,,,skipped_existing,destination JPEG already exists
2015/04/20/HMI.m2015.04.20_12.00.00.jpg,2015-04-20T12:00:00Z,,,,,skipped_existing,destination JPEG already exists
2015/04/20/HMI.m2015.04.20_14.00.00.jpg,2015-04-20T14:00:00Z,,,,,skipped_existing,destination JPEG already exists
2015/04/20/HMI.m2015.04.20_17.00.00.jpg,2015-04-20T17:00:00Z,,,,,skipped_existing,destination JPEG already exists
2015/04/20/HMI.m2015.04.20_18.00.00.jpg,2015-04-20T18:00:00Z,,,,,skipped_existing,destination JPEG already exists
2015/04/20/HMI.m2015.04.20_19.00.00.jpg,2015-04-20T19:00:00Z,,,,,skipped_existing,destination JPEG already exists
2015/04/20/HMI.m2015.04.20_20.00.00.jpg,2015-04-20T20:00:00Z,,,,,skipped_existing,destination JPEG already exists
2015/04/20/HMI.m2015.04.20_21.00.00.jpg,2015-04-20T21:00:00Z,,,,,skipped_existing,destination JPEG already exists
2015/04/21/HMI.m2015.04.21_00.00.00.jpg,2015-04-21T00:00:00Z,,,,,skipped_existing,destination JPEG already exists
2015/04/21/HMI.m2015.04.21_01.00.00.jpg,2015-04-21T01:00:00Z,,,,,skipped_existing,destination JPEG already exists
2015/04/21/HMI.m2015.04.21_02.00.00.jpg,2015-04-21T02:00:00Z,,,,,skipped_existing,destination JPEG already exists
2015/04/21/HMI.m2015.04.21_06.00.00.jpg,2015-04-21T06:00:00Z,,,,,skipped_existing,destination JPEG already exists
2015/04/21/HMI.m2015.04.21_13.00.00.jpg,2015-04-21T13:00:00Z,,,,,skipped_existing,destination JPEG already exists
2015/04/21/HMI.m2015.04.21_18.00.00.jpg,2015-04-21T18:00:00Z,,,,,skipped_existing,destination JPEG already exists
2015/04/21/HMI.m2015.04.21_23.00.00.jpg,2015-04-21T23:00:00Z,,,,,skipped_existing,destination JPEG already exists
2015/04/22/HMI.m2015.04.22_00.00.00.jpg,2015-04-22T00:00:00Z,,,,,skipped_existing,destination JPEG already exists
2015/04/22/HMI.m2015.04.22_02.00.00.jpg,2015-04-22T02:00:00Z,,,,,skipped_existing,destination JPEG already exists
2015/04/22/HMI.m2015.04.22_08.00.00.jpg,2015-04-22T08:00:00Z,,,,,skipped_existing,destination JPEG already exists
2015/04/22/HMI.m2015.04.22_10.00.00.jpg,2015-04-22T10:00:00Z,,,,,skipped_existing,destination JPEG already exists
2015/04/22/HMI.m2015.04.22_11.00.00.jpg,2015-04-22T11:00:00Z,,,,,skipped_existing,destination JPEG already exists
2015/04/22/HMI.m2015.04.22_15.00.00.jpg,2015-04-22T15:00:00Z,,,,,skipped_existing,destination JPEG already exists
2015/04/22/HMI.m2015.04.22_16.00.00.jpg,2015-04-22T16:00:00Z,,,,,skipped_existing,destination JPEG already exists
2015/04/22/HMI.m2015.04.22_17.00.00.jpg,2015-04-22T17:00:00Z,,,,,skipped_existing,destination JPEG already exists
2015/04/22/HMI.m2015.04.22_20.00.00.jpg,2015-04-22T20:00:00Z,,,,,skipped_existing,destination JPEG already exists
2015/04/22/HMI.m2015.04.22_22.00.00.jpg,2015-04-22T22:00:00Z,,,,,skipped_existing,destination JPEG already exists
2015/04/22/HMI.m2015.04.22_23.00.00.jpg,2015-04-22T23:00:00Z,,,,,skipped_existing,destination JPEG already exists
2015/04/23/HMI.m2015.04.23_04.00.00.jpg,2015-04-23T04:00:00Z,,,,,skipped_existing,destination JPEG already exists
2015/04/23/HMI.m2015.04.23_06.00.00.jpg,2015-04-23T06:00:00Z,,,,,skipped_existing,destination JPEG already exists
2015/04/23/HMI.m2015.04.23_09.00.00.jpg,2015-04-23T09:00:00Z,,,,,skipped_existing,destination JPEG already exists
2015/04/26/HMI.m2015.04.26_14.00.00.jpg,2015-04-26T14:00:00Z,,,,,skipped_existing,destination JPEG already exists
2015/04/27/HMI.m2015.04.27_00.00.00.jpg,2015-04-27T00:00:00Z,,,,,skipped_existing,destination JPEG already exists
2015/04/27/HMI.m2015.04.27_09.00.00.jpg,2015-04-27T09:00:00Z,,,,,skipped_existing,destination JPEG already exists
2015/04/28/HMI.m2015.04.28_18.00.00.jpg,2015-04-28T18:00:00Z,,,,,skipped_existing,destination JPEG already exists
2015/04/30/HMI.m2015.04.30_00.00.00.jpg,2015-04-30T00:00:00Z,,,,,skipped_existing,destination JPEG already exists
2015/04/30/HMI.m2015.04.30_18.00.00.jpg,2015-04-30T18:00:00Z,,,,,skipped_existing,destination JPEG already exists
2015/05/01/HMI.m2015.05.01_02.00.00.jpg,2015-05-01T02:00:00Z,,,,,skipped_existing,destination JPEG already exists
2015/05/01/HMI.m2015.05.01_10.00.00.jpg,2015-05-01T10:00:00Z,,,,,skipped_existing,destination JPEG already exists
2015/05/01/HMI.m2015.05.01_18.00.00.jpg,2015-05-01T18:00:00Z,,,,,skipped_existing,destination JPEG already exists
2015/05/03/HMI.m2015.05.03_16.00.00.jpg,2015-05-03T16:00:00Z,,,,,skipped_existing,destination JPEG already exists
2015/05/04/HMI.m2015.05.04_03.00.00.jpg,2015-05-04T03:00:00Z,,,,,skipped_existing,destination JPEG already exists
2015/05/04/HMI.m2015.05.04_13.00.00.jpg,2015-05-04T13:00:00Z,,,,,skipped_existing,destination JPEG already exists
2015/05/04/HMI.m2015.05.04_17.00.00.jpg,2015-05-04T17:00:00Z,,,,,skipped_existing,destination JPEG already exists
2015/05/04/HMI.m2015.05.04_20.00.00.jpg,2015-05-04T20:00:00Z,,,,,skipped_existing,destination JPEG already exists
2015/05/05/HMI.m2015.05.05_03.00.00.jpg,2015-05-05T03:00:00Z,,,,,skipped_existing,destination JPEG already exists
2015/05/05/HMI.m2015.05.05_13.00.00.jpg,2015-05-05T13:00:00Z,,,,,skipped_existing,destination JPEG already exists
2015/05/05/HMI.m2015.05.05_19.00.00.jpg,2015-05-05T19:00:00Z,,,,,skipped_existing,destination JPEG already exists
2015/05/05/HMI.m2015.05.05_21.00.00.jpg,2015-05-05T21:00:00Z,,,,,skipped_existing,destination JPEG already exists
2015/05/05/HMI.m2015.05.05_22.00.00.jpg,2015-05-05T22:00:00Z,,,,,skipped_existing,destination JPEG already exists
2015/05/06/HMI.m2015.05.06_04.00.00.jpg,2015-05-06T04:00:00Z,,,,,skipped_existing,destination JPEG already exists
2015/05/06/HMI.m2015.05.06_07.00.00.jpg,2015-05-06T07:00:00Z,,,,,skipped_existing,destination JPEG already exists
2015/05/06/HMI.m2015.05.06_09.00.00.jpg,2015-05-06T09:00:00Z,,,,,skipped_existing,destination JPEG already exists
2015/05/06/HMI.m2015.05.06_15.00.00.jpg,2015-05-06T15:00:00Z,,,,,skipped_existing,destination JPEG already exists
2015/05/06/HMI.m2015.05.06_20.00.00.jpg,2015-05-06T20:00:00Z,,,,,skipped_existing,destination JPEG already exists
2015/05/06/HMI.m2015.05.06_21.00.00.jpg,2015-05-06T21:00:00Z,,,,,skipped_existing,destination JPEG already exists
2015/05/08/HMI.m2015.05.08_17.00.00.jpg,2015-05-08T17:00:00Z,,,,,skipped_existing,destination JPEG already exists
2015/05/08/HMI.m2015.05.08_21.00.00.jpg,2015-05-08T21:00:00Z,,,,,skipped_existing,destination JPEG already exists
2015/05/09/HMI.m2015.05.09_12.00.00.jpg,2015-05-09T12:00:00Z,,,,,skipped_existing,destination JPEG already exists
2015/05/09/HMI.m2015.05.09_21.00.00.jpg,2015-05-09T21:00:00Z,,,,,skipped_existing,destination JPEG already exists
2015/05/09/HMI.m2015.05.09_22.00.00.jpg,2015-05-09T22:00:00Z,,,,,skipped_existing,destination JPEG already exists
2015/05/11/HMI.m2015.05.11_06.00.00.jpg,2015-05-11T06:00:00Z,,,,,skipped_existing,destination JPEG already exists
2015/05/11/HMI.m2015.05.11_18.00.00.jpg,2015-05-11T18:00:00Z,,,,,skipped_existing,destination JPEG already exists
2015/05/12/HMI.m2015.05.12_15.00.00.jpg,2015-05-12T15:00:00Z,,,,,skipped_existing,destination JPEG already exists
2015/05/15/HMI.m2015.05.15_16.00.00.jpg,2015-05-15T16:00:00Z,,,,,skipped_existing,destination JPEG already exists
2015/05/15/HMI.m2015.05.15_18.00.00.jpg,2015-05-15T18:00:00Z,,,,,skipped_existing,destination JPEG already exists
2015/05/16/HMI.m2015.05.16_14.00.00.jpg,2015-05-16T14:00:00Z,,,,,skipped_existing,destination JPEG already exists
2015/05/16/HMI.m2015.05.16_15.00.00.jpg,2015-05-16T15:00:00Z,,,,,skipped_existing,destination JPEG already exists
2015/05/16/HMI.m2015.05.16_18.00.00.jpg,2015-05-16T18:00:00Z,,,,,skipped_existing,destination JPEG already exists
2015/05/17/HMI.m2015.05.17_16.00.00.jpg,2015-05-17T16:00:00Z,,,,,skipped_existing,destination JPEG already exists
2015/05/17/HMI.m2015.05.17_20.00.00.jpg,2015-05-17T20:00:00Z,,,,,skipped_existing,destination JPEG already exists
2015/05/20/HMI.m2015.05.20_01.00.00.jpg,2015-05-20T01:00:00Z,,,,,skipped_existing,destination JPEG already exists
2015/05/20/HMI.m2015.05.20_07.00.00.jpg,2015-05-20T07:00:00Z,,,,,skipped_existing,destination JPEG already exists
2015/05/21/HMI.m2015.05.21_22.00.00.jpg,2015-05-21T22:00:00Z,,,,,skipped_existing,destination JPEG already exists
2015/05/22/HMI.m2015.05.22_12.00.00.jpg,2015-05-22T12:00:00Z,,,,,skipped_existing,destination JPEG already exists
2015/05/22/HMI.m2015.05.22_21.00.00.jpg,2015-05-22T21:00:00Z,,,,,skipped_existing,destination JPEG already exists
2015/05/24/HMI.m2015.05.24_09.00.00.jpg,2015-05-24T09:00:00Z,,,,,skipped_existing,destination JPEG already exists
2015/05/24/HMI.m2015.05.24_15.00.00.jpg,2015-05-24T15:00:00Z,,,,,skipped_existing,destination JPEG already exists
2015/05/24/HMI.m2015.05.24_23.00.00.jpg,2015-05-24T23:00:00Z,,,,,skipped_existing,destination JPEG already exists
2015/05/26/HMI.m2015.05.26_05.00.00.jpg,2015-05-26T05:00:00Z,,,,,skipped_existing,destination JPEG already exists
2015/05/27/HMI.m2015.05.27_07.00.00.jpg,2015-05-27T07:00:00Z,,,,,skipped_existing,destination JPEG already exists
2015/05/28/HMI.m2015.05.28_03.00.00.jpg,2015-05-28T03:00:00Z,,,,,skipped_existing,destination JPEG already exists
2015/05/28/HMI.m2015.05.28_05.00.00.jpg,2015-05-28T05:00:00Z,,,,,skipped_existing,destination JPEG already exists
2015/05/28/HMI.m2015.05.28_11.00.00.jpg,2015-05-28T11:00:00Z,,,,,skipped_existing,destination JPEG already exists
2015/05/28/HMI.m2015.05.28_15.00.00.jpg,2015-05-28T15:00:00Z,,,,,skipped_existing,destination JPEG already exists
2015/05/31/HMI.m2015.05.31_01.00.00.jpg,2015-05-31T01:00:00Z,,,,,skipped_existing,destination JPEG already exists
2015/06/02/HMI.m2015.06.02_18.00.00.jpg,2015-06-02T18:00:00Z,,,,,skipped_existing,destination JPEG already exists
2015/06/03/HMI.m2015.06.03_08.00.00.jpg,2015-06-03T08:00:00Z,,,,,skipped_existing,destination JPEG already exists
2015/06/04/HMI.m2015.06.04_17.00.00.jpg,2015-06-04T17:00:00Z,,,,,skipped_existing,destination JPEG already exists
2015/06/05/HMI.m2015.06.05_02.00.00.jpg,2015-06-05T02:00:00Z,,,,,skipped_existing,destination JPEG already exists
2015/06/05/HMI.m2015.06.05_05.00.00.jpg,2015-06-05T05:00:00Z,,,,,skipped_existing,destination JPEG already exists
2015/06/06/HMI.m2015.06.06_12.00.00.jpg,2015-06-06T12:00:00Z,,,,,skipped_existing,destination JPEG already exists
2015/06/07/HMI.m2015.06.07_22.00.00.jpg,2015-06-07T22:00:00Z,,,,,skipped_existing,destination JPEG already exists
2015/06/08/HMI.m2015.06.08_18.00.00.jpg,2015-06-08T18:00:00Z,,,,,skipped_existing,destination JPEG already exists
2015/06/09/HMI.m2015.06.09_13.00.00.jpg,2015-06-09T13:00:00Z,,,,,skipped_existing,destination JPEG already exists
2015/06/10/HMI.m2015.06.10_12.00.00.jpg,2015-06-10T12:00:00Z,,,,,skipped_existing,destination JPEG already exists
2015/06/10/HMI.m2015.06.10_13.00.00.jpg,2015-06-10T13:00:00Z,,,,,skipped_existing,destination JPEG already exists
2015/06/10/HMI.m2015.06.10_14.00.00.jpg,2015-06-10T14:00:00Z,,,,,skipped_existing,destination JPEG already exists
2015/06/10/HMI.m2015.06.10_15.00.00.jpg,2015-06-10T15:00:00Z,,,,,skipped_existing,destination JPEG already exists
2015/06/10/HMI.m2015.06.10_20.00.00.jpg,2015-06-10T20:00:00Z,,,,,skipped_existing,destination JPEG already exists
2015/06/10/HMI.m2015.06.10_21.00.00.jpg,2015-06-10T21:00:00Z,,,,,skipped_existing,destination JPEG already exists
2015/06/10/HMI.m2015.06.10_22.00.00.jpg,2015-06-10T22:00:00Z,,,,,skipped_existing,destination JPEG already exists
2015/06/11/HMI.m2015.06.11_00.00.00.jpg,2015-06-11T00:00:00Z,,,,,skipped_existing,destination JPEG already exists
2015/06/11/HMI.m2015.06.11_04.00.00.jpg,2015-06-11T04:00:00Z,,,,,skipped_existing,destination JPEG already exists
2015/06/11/HMI.m2015.06.11_05.00.00.jpg,2015-06-11T05:00:00Z,,,,,skipped_existing,destination JPEG already exists
2015/06/11/HMI.m2015.06.11_08.00.00.jpg,2015-06-11T08:00:00Z,,,,,skipped_existing,destination JPEG already exists
2015/06/12/HMI.m2015.06.12_08.00.00.jpg,2015-06-12T08:00:00Z,,,,,skipped_existing,destination JPEG already exists
2015/06/12/HMI.m2015.06.12_11.00.00.jpg,2015-06-12T11:00:00Z,,,,,skipped_existing,destination JPEG already exists
2015/06/12/HMI.m2015.06.12_12.00.00.jpg,2015-06-12T12:00:00Z,,,,,skipped_existing,destination JPEG already exists
2015/06/12/HMI.m2015.06.12_14.00.00.jpg,2015-06-12T14:00:00Z,,,,,skipped_existing,destination JPEG already exists
2015/06/12/HMI.m2015.06.12_17.00.00.jpg,2015-06-12T17:00:00Z,,,,,skipped_existing,destination JPEG already exists
2015/06/12/HMI.m2015.06.12_19.00.00.jpg,2015-06-12T19:00:00Z,,,,,skipped_existing,destination JPEG already exists
2015/06/12/HMI.m2015.06.12_20.00.00.jpg,2015-06-12T20:00:00Z,,,,,skipped_existing,destination JPEG already exists
2015/06/12/HMI.m2015.06.12_23.00.00.jpg,2015-06-12T23:00:00Z,,,,,skipped_existing,destination JPEG already exists
2015/06/13/HMI.m2015.06.13_00.00.00.jpg,2015-06-13T00:00:00Z,,,,,skipped_existing,destination JPEG already exists
2015/06/13/HMI.m2015.06.13_02.00.00.jpg,2015-06-13T02:00:00Z,,,,,skipped_existing,destination JPEG already exists
2015/06/13/HMI.m2015.06.13_13.00.00.jpg,2015-06-13T13:00:00Z,,,,,skipped_existing,destination JPEG already exists
2015/06/13/HMI.m2015.06.13_16.00.00.jpg,2015-06-13T16:00:00Z,,,,,skipped_existing,destination JPEG already exists
2015/06/13/HMI.m2015.06.13_19.00.00.jpg,2015-06-13T19:00:00Z,,,,,skipped_existing,destination JPEG already exists
2015/06/13/HMI.m2015.06.13_20.00.00.jpg,2015-06-13T20:00:00Z,,,,,skipped_existing,destination JPEG already exists
2015/06/13/HMI.m2015.06.13_23.00.00.jpg,2015-06-13T23:00:00Z,,,,,skipped_existing,destination JPEG already exists
2015/06/14/HMI.m2015.06.14_00.00.00.jpg,2015-06-14T00:00:00Z,,,,,skipped_existing,destination JPEG already exists
2015/06/14/HMI.m2015.06.14_15.00.00.jpg,2015-06-14T15:00:00Z,,,,,skipped_existing,destination JPEG already exists
2015/06/15/HMI.m2015.06.15_09.00.00.jpg,2015-06-15T09:00:00Z,,,,,skipped_existing,destination JPEG already exists
2015/06/17/HMI.m2015.06.17_01.00.00.jpg,2015-06-17T01:00:00Z,,,,,skipped_existing,destination JPEG already exists
2015/06/17/HMI.m2015.06.17_02.00.00.jpg,2015-06-17T02:00:00Z,,,,,skipped_existing,destination JPEG already exists
2015/06/17/HMI.m2015.06.17_04.00.00.jpg,2015-06-17T04:00:00Z,,,,,skipped_existing,destination JPEG already exists
2015/06/17/HMI.m2015.06.17_06.00.00.jpg,2015-06-17T06:00:00Z,,,,,skipped_existing,destination JPEG already exists
2015/06/17/HMI.m2015.06.17_10.00.00.jpg,2015-06-17T10:00:00Z,,,,,skipped_existing,destination JPEG already exists
2015/06/17/HMI.m2015.06.17_16.00.00.jpg,2015-06-17T16:00:00Z,,,,,skipped_existing,destination JPEG already exists
2015/06/17/HMI.m2015.06.17_17.00.00.jpg,2015-06-17T17:00:00Z,,,,,skipped_existing,destination JPEG already exists
2015/06/17/HMI.m2015.06.17_18.00.00.jpg,2015-06-17T18:00:00Z,,,,,skipped_existing,destination JPEG already exists
2015/06/17/HMI.m2015.06.17_22.00.00.jpg,2015-06-17T22:00:00Z,,,,,skipped_existing,destination JPEG already exists
2015/06/18/HMI.m2015.06.18_00.00.00.jpg,2015-06-18T00:00:00Z,,,,,skipped_existing,destination JPEG already exists
2015/06/18/HMI.m2015.06.18_03.00.00.jpg,2015-06-18T03:00:00Z,,,,,skipped_existing,destination JPEG already exists
2015/06/18/HMI.m2015.06.18_08.00.00.jpg,2015-06-18T08:00:00Z,,,,,skipped_existing,destination JPEG already exists
2015/06/18/HMI.m2015.06.18_09.00.00.jpg,2015-06-18T09:00:00Z,,,,,skipped_existing,destination JPEG already exists
2015/06/18/HMI.m2015.06.18_11.00.00.jpg,2015-06-18T11:00:00Z,,,,,skipped_existing,destination JPEG already exists
2015/06/18/HMI.m2015.06.18_14.00.00.jpg,2015-06-18T14:00:00Z,,,,,skipped_existing,destination JPEG already exists
2015/06/18/HMI.m2015.06.18_16.00.00.jpg,2015-06-18T16:00:00Z,,,,,skipped_existing,destination JPEG already exists
2015/06/19/HMI.m2015.06.19_08.00.00.jpg,2015-06-19T08:00:00Z,,,,,skipped_existing,destination JPEG already exists
2015/06/19/HMI.m2015.06.19_09.00.00.jpg,2015-06-19T09:00:00Z,,,,,skipped_existing,destination JPEG already exists
2015/06/19/HMI.m2015.06.19_12.00.00.jpg,2015-06-19T12:00:00Z,,,,,skipped_existing,destination JPEG already exists
2015/06/19/HMI.m2015.06.19_16.00.00.jpg,2015-06-19T16:00:00Z,,,,,skipped_existing,destination JPEG already exists
2015/06/19/HMI.m2015.06.19_19.00.00.jpg,2015-06-19T19:00:00Z,,,,,skipped_existing,destination JPEG already exists
2015/06/19/HMI.m2015.06.19_23.00.00.jpg,2015-06-19T23:00:00Z,,,,,skipped_existing,destination JPEG already exists
2015/06/20/HMI.m2015.06.20_04.00.00.jpg,2015-06-20T04:00:00Z,,,,,skipped_existing,destination JPEG already exists
2015/06/20/HMI.m2015.06.20_07.00.00.jpg,2015-06-20T07:00:00Z,,,,,skipped_existing,destination JPEG already exists
2015/06/20/HMI.m2015.06.20_09.00.00.jpg,2015-06-20T09:00:00Z,,,,,skipped_existing,destination JPEG already exists
2015/06/20/HMI.m2015.06.20_11.00.00.jpg,2015-06-20T11:00:00Z,,,,,skipped_existing,destination JPEG already exists
2015/06/20/HMI.m2015.06.20_19.00.00.jpg,2015-06-20T19:00:00Z,,,,,skipped_existing,destination JPEG already exists
2015/06/20/HMI.m2015.06.20_21.00.00.jpg,2015-06-20T21:00:00Z,,,,,skipped_existing,destination JPEG already exists
2015/06/21/HMI.m2015.06.21_00.00.00.jpg,2015-06-21T00:00:00Z,,,,,skipped_existing,destination JPEG already exists
2015/06/21/HMI.m2015.06.21_01.00.00.jpg,2015-06-21T01:00:00Z,,,,,skipped_existing,destination JPEG already exists
2015/06/21/HMI.m2015.06.21_03.00.00.jpg,2015-06-21T03:00:00Z,,,,,skipped_existing,destination JPEG already exists
2015/06/21/HMI.m2015.06.21_09.00.00.jpg,2015-06-21T09:00:00Z,,,,,skipped_existing,destination JPEG already exists
2015/06/21/HMI.m2015.06.21_11.00.00.jpg,2015-06-21T11:00:00Z,,,,,skipped_existing,destination JPEG already exists
2015/06/21/HMI.m2015.06.21_16.00.00.jpg,2015-06-21T16:00:00Z,,,,,skipped_existing,destination JPEG already exists
2015/06/21/HMI.m2015.06.21_18.00.00.jpg,2015-06-21T18:00:00Z,,,,,skipped_existing,destination JPEG already exists
2015/06/22/HMI.m2015.06.22_01.00.00.jpg,2015-06-22T01:00:00Z,,,,,skipped_existing,destination JPEG already exists
2015/06/22/HMI.m2015.06.22_03.00.00.jpg,2015-06-22T03:00:00Z,,,,,skipped_existing,destination JPEG already exists
2015/06/22/HMI.m2015.06.22_05.00.00.jpg,2015-06-22T05:00:00Z,,,,,skipped_existing,destination JPEG already exists
2015/06/22/HMI.m2015.06.22_06.00.00.jpg,2015-06-22T06:00:00Z,,,,,skipped_existing,destination JPEG already exists
2015/06/22/HMI.m2015.06.22_09.00.00.jpg,2015-06-22T09:00:00Z,,,,,skipped_existing,destination JPEG already exists
2015/06/22/HMI.m2015.06.22_11.00.00.jpg,2015-06-22T11:00:00Z,,,,,skipped_existing,destination JPEG already exists
2015/06/22/HMI.m2015.06.22_16.00.00.jpg,2015-06-22T16:00:00Z,,,,,skipped_existing,destination JPEG already exists
2015/06/22/HMI.m2015.06.22_17.00.00.jpg,2015-06-22T17:00:00Z,,,,,skipped_existing,destination JPEG already exists
2015/06/23/HMI.m2015.06.23_01.00.00.jpg,2015-06-23T01:00:00Z,,,,,skipped_existing,destination JPEG already exists
2015/06/23/HMI.m2015.06.23_18.00.00.jpg,2015-06-23T18:00:00Z,,,,,skipped_existing,destination JPEG already exists
2015/06/23/HMI.m2015.06.23_22.00.00.jpg,2015-06-23T22:00:00Z,,,,,skipped_existing,destination JPEG already exists
2015/06/24/HMI.m2015.06.24_09.00.00.jpg,2015-06-24T09:00:00Z,,,,,skipped_existing,destination JPEG already exists
2015/06/24/HMI.m2015.06.24_10.00.00.jpg,2015-06-24T10:00:00Z,,,,,skipped_existing,destination JPEG already exists
2015/06/24/HMI.m2015.06.24_11.00.00.jpg,2015-06-24T11:00:00Z,,,,,skipped_existing,destination JPEG already exists
2015/06/24/HMI.m2015.06.24_17.00.00.jpg,2015-06-24T17:00:00Z,,,,,skipped_existing,destination JPEG already exists
2015/06/24/HMI.m2015.06.24_19.00.00.jpg,2015-06-24T19:00:00Z,,,,,skipped_existing,destination JPEG already exists
2015/06/24/HMI.m2015.06.24_20.00.00.jpg,2015-06-24T20:00:00Z,,,,,skipped_existing,destination JPEG already exists
2015/06/24/HMI.m2015.06.24_21.00.00.jpg,2015-06-24T21:00:00Z,,,,,skipped_existing,destination JPEG already exists
2015/06/25/HMI.m2015.06.25_01.00.00.jpg,2015-06-25T01:00:00Z,,,,,skipped_existing,destination JPEG already exists
2015/06/25/HMI.m2015.06.25_03.00.00.jpg,2015-06-25T03:00:00Z,,,,,skipped_existing,destination JPEG already exists
2015/06/25/HMI.m2015.06.25_04.00.00.jpg,2015-06-25T04:00:00Z,,,,,skipped_existing,destination JPEG already exists
2015/06/25/HMI.m2015.06.25_05.00.00.jpg,2015-06-25T05:00:00Z,,,,,skipped_existing,destination JPEG already exists
2015/06/26/HMI.m2015.06.26_13.00.00.jpg,2015-06-26T13:00:00Z,,,,,skipped_existing,destination JPEG already exists
2015/06/27/HMI.m2015.06.27_03.00.00.jpg,2015-06-27T03:00:00Z,,,,,skipped_existing,destination JPEG already exists
2015/06/28/HMI.m2015.06.28_08.00.00.jpg,2015-06-28T08:00:00Z,,,,,skipped_existing,destination JPEG already exists
2015/06/29/HMI.m2015.06.29_03.00.00.jpg,2015-06-29T03:00:00Z,,,,,skipped_existing,destination JPEG already exists
2015/06/30/HMI.m2015.06.30_03.00.00.jpg,2015-06-30T03:00:00Z,,,,,skipped_existing,destination JPEG already exists
2015/07/01/HMI.m2015.07.01_07.00.00.jpg,2015-07-01T07:00:00Z,,,,,skipped_existing,destination JPEG already exists
2015/07/02/HMI.m2015.07.02_11.00.00.jpg,2015-07-02T11:00:00Z,,,,,skipped_existing,destination JPEG already exists
2015/07/02/HMI.m2015.07.02_14.00.00.jpg,2015-07-02T14:00:00Z,,,,,skipped_existing,destination JPEG already exists
2015/07/02/HMI.m2015.07.02_15.00.00.jpg,2015-07-02T15:00:00Z,,,,,skipped_existing,destination JPEG already exists
2015/07/02/HMI.m2015.07.02_17.00.00.jpg,2015-07-02T17:00:00Z,,,,,skipped_existing,destination JPEG already exists
2015/07/02/HMI.m2015.07.02_18.00.00.jpg,2015-07-02T18:00:00Z,,,,,skipped_existing,destination JPEG already exists
2015/07/03/HMI.m2015.07.03_00.00.00.jpg,2015-07-03T00:00:00Z,,,,,skipped_existing,destination JPEG already exists
2015/07/03/HMI.m2015.07.03_04.00.00.jpg,2015-07-03T04:00:00Z,,,,,skipped_existing,destination JPEG already exists
2015/07/03/HMI.m2015.07.03_09.00.00.jpg,2015-07-03T09:00:00Z,,,,,skipped_existing,destination JPEG already exists
2015/07/04/HMI.m2015.07.04_01.00.00.jpg,2015-07-04T01:00:00Z,,,,,skipped_existing,destination JPEG already exists
2015/07/04/HMI.m2015.07.04_18.00.00.jpg,2015-07-04T18:00:00Z,,,,,skipped_existing,destination JPEG already exists
2015/07/05/HMI.m2015.07.05_12.00.00.jpg,2015-07-05T12:00:00Z,,,,,skipped_existing,destination JPEG already exists
2015/07/05/HMI.m2015.07.05_13.00.00.jpg,2015-07-05T13:00:00Z,,,,,skipped_existing,destination JPEG already exists
2015/07/05/HMI.m2015.07.05_14.00.00.jpg,2015-07-05T14:00:00Z,,,,,skipped_existing,destination JPEG already exists
2015/07/05/HMI.m2015.07.05_15.00.00.jpg,2015-07-05T15:00:00Z,,,,,skipped_existing,destination JPEG already exists
2015/07/05/HMI.m2015.07.05_16.00.00.jpg,2015-07-05T16:00:00Z,,,,,skipped_existing,destination JPEG already exists
2015/07/05/HMI.m2015.07.05_19.00.00.jpg,2015-07-05T19:00:00Z,,,,,skipped_existing,destination JPEG already exists
2015/07/05/HMI.m2015.07.05_20.00.00.jpg,2015-07-05T20:00:00Z,,,,,skipped_existing,destination JPEG already exists
2015/07/05/HMI.m2015.07.05_21.00.00.jpg,2015-07-05T21:00:00Z,,,,,skipped_existing,destination JPEG already exists
2015/07/05/HMI.m2015.07.05_23.00.00.jpg,2015-07-05T23:00:00Z,,,,,skipped_existing,destination JPEG already exists
2015/07/06/HMI.m2015.07.06_00.00.00.jpg,2015-07-06T00:00:00Z,,,,,skipped_existing,destination JPEG already exists
2015/07/06/HMI.m2015.07.06_06.00.00.jpg,2015-07-06T06:00:00Z,,,,,skipped_existing,destination JPEG already exists
2015/07/06/HMI.m2015.07.06_07.00.00.jpg,2015-07-06T07:00:00Z,,,,,skipped_existing,destination JPEG already exists
2015/07/06/HMI.m2015.07.06_09.00.00.jpg,2015-07-06T09:00:00Z,,,,,skipped_existing,destination JPEG already exists
2015/07/06/HMI.m2015.07.06_12.00.00.jpg,2015-07-06T12:00:00Z,,,,,skipped_existing,destination JPEG already exists
2015/07/06/HMI.m2015.07.06_13.00.00.jpg,2015-07-06T13:00:00Z,,,,,skipped_existing,destination JPEG already exists
2015/07/06/HMI.m2015.07.06_19.00.00.jpg,2015-07-06T19:00:00Z,,,,,skipped_existing,destination JPEG already exists
2015/07/07/HMI.m2015.07.07_13.00.00.jpg,2015-07-07T13:00:00Z,,,,,skipped_existing,destination JPEG already exists
2015/07/08/HMI.m2015.07.08_03.00.00.jpg,2015-07-08T03:00:00Z,,,,,skipped_existing,destination JPEG already exists
2015/07/08/HMI.m2015.07.08_10.00.00.jpg,2015-07-08T10:00:00Z,,,,,skipped_existing,destination JPEG already exists
2015/07/09/HMI.m2015.07.09_12.00.00.jpg,2015-07-09T12:00:00Z,,,,,skipped_existing,destination JPEG already exists
2015/07/09/HMI.m2015.07.09_19.00.00.jpg,2015-07-09T19:00:00Z,,,,,skipped_existing,destination JPEG already exists
2015/07/10/HMI.m2015.07.10_01.00.00.jpg,2015-07-10T01:00:00Z,,,,,skipped_existing,destination JPEG already exists
2015/07/10/HMI.m2015.07.10_02.00.00.jpg,2015-07-10T02:00:00Z,,,,,skipped_existing,destination JPEG already exists
2015/07/10/HMI.m2015.07.10_19.00.00.jpg,2015-07-10T19:00:00Z,,,,,skipped_existing,destination JPEG already exists
2015/07/11/HMI.m2015.07.11_03.00.00.jpg,2015-07-11T03:00:00Z,,,,,skipped_existing,destination JPEG already exists
2015/07/11/HMI.m2015.07.11_06.00.00.jpg,2015-07-11T06:00:00Z,,,,,skipped_existing,destination JPEG already exists
2015/07/11/HMI.m2015.07.11_15.00.00.jpg,2015-07-11T15:00:00Z,,,,,skipped_existing,destination JPEG already exists
2015/07/12/HMI.m2015.07.12_01.00.00.jpg,2015-07-12T01:00:00Z,,,,,skipped_existing,destination JPEG already exists
2015/07/12/HMI.m2015.07.12_22.00.00.jpg,2015-07-12T22:00:00Z,,,,,skipped_existing,destination JPEG already exists
2015/07/14/HMI.m2015.07.14_06.00.00.jpg,2015-07-14T06:00:00Z,,,,,skipped_existing,destination JPEG already exists
2015/07/14/HMI.m2015.07.14_14.00.00.jpg,2015-07-14T14:00:00Z,,,,,skipped_existing,destination JPEG already exists
2015/07/16/HMI.m2015.07.16_00.00.00.jpg,2015-07-16T00:00:00Z,,,,,skipped_existing,destination JPEG already exists
2015/07/16/HMI.m2015.07.16_04.00.00.jpg,2015-07-16T04:00:00Z,,,,,skipped_existing,destination JPEG already exists
2015/07/17/HMI.m2015.07.17_02.00.00.jpg,2015-07-17T02:00:00Z,,,,,skipped_existing,destination JPEG already exists
2015/07/17/HMI.m2015.07.17_06.00.00.jpg,2015-07-17T06:00:00Z,,,,,skipped_existing,destination JPEG already exists
2015/07/20/HMI.m2015.07.20_15.00.00.jpg,2015-07-20T15:00:00Z,,,,,skipped_existing,destination JPEG already exists
2015/07/22/HMI.m2015.07.22_23.00.00.jpg,2015-07-22T23:00:00Z,,,,,skipped_existing,destination JPEG already exists
2015/07/23/HMI.m2015.07.23_04.00.00.jpg,2015-07-23T04:00:00Z,,,,,skipped_existing,destination JPEG already exists
2015/07/23/HMI.m2015.07.23_07.00.00.jpg,2015-07-23T07:00:00Z,,,,,skipped_existing,destination JPEG already exists
2015/07/24/HMI.m2015.07.24_05.00.00.jpg,2015-07-24T05:00:00Z,,,,,skipped_existing,destination JPEG already exists
2015/07/24/HMI.m2015.07.24_23.00.00.jpg,2015-07-24T23:00:00Z,,,,,skipped_existing,destination JPEG already exists
2015/07/28/HMI.m2015.07.28_16.00.00.jpg,2015-07-28T16:00:00Z,,,,,skipped_existing,destination JPEG already exists
2015/07/29/HMI.m2015.07.29_08.00.00.jpg,2015-07-29T08:00:00Z,,,,,skipped_existing,destination JPEG already exists
2015/07/30/HMI.m2015.07.30_02.00.00.jpg,2015-07-30T02:00:00Z,,,,,skipped_existing,destination JPEG already exists
2015/07/30/HMI.m2015.07.30_14.00.00.jpg,2015-07-30T14:00:00Z,,,,,skipped_existing,destination JPEG already exists
2015/07/30/HMI.m2015.07.30_18.00.00.jpg,2015-07-30T18:00:00Z,,,,,skipped_existing,destination JPEG already exists
2015/07/30/HMI.m2015.07.30_20.00.00.jpg,2015-07-30T20:00:00Z,,,,,skipped_existing,destination JPEG already exists
2015/07/31/HMI.m2015.07.31_15.00.00.jpg,2015-07-31T15:00:00Z,,,,,skipped_existing,destination JPEG already exists
2015/08/01/HMI.m2015.08.01_21.00.00.jpg,2015-08-01T21:00:00Z,,,,,skipped_existing,destination JPEG already exists
2015/08/02/HMI.m2015.08.02_18.00.00.jpg,2015-08-02T18:00:00Z,,,,,skipped_existing,destination JPEG already exists
2015/08/03/HMI.m2015.08.03_22.00.00.jpg,2015-08-03T22:00:00Z,,,,,skipped_existing,destination JPEG already exists
2015/08/04/HMI.m2015.08.04_04.00.00.jpg,2015-08-04T04:00:00Z,,,,,skipped_existing,destination JPEG already exists
2015/08/06/HMI.m2015.08.06_00.00.00.jpg,2015-08-06T00:00:00Z,,,,,skipped_existing,destination JPEG already exists
2015/08/06/HMI.m2015.08.06_01.00.00.jpg,2015-08-06T01:00:00Z,,,,,skipped_existing,destination JPEG already exists
2015/08/06/HMI.m2015.08.06_14.00.00.jpg,2015-08-06T14:00:00Z,,,,,skipped_existing,destination JPEG already exists
2015/08/07/HMI.m2015.08.07_15.00.00.jpg,2015-08-07T15:00:00Z,,,,,skipped_existing,destination JPEG already exists
2015/08/08/HMI.m2015.08.08_11.00.00.jpg,2015-08-08T11:00:00Z,,,,,skipped_existing,destination JPEG already exists
2015/08/08/HMI.m2015.08.08_17.00.00.jpg,2015-08-08T17:00:00Z,,,,,skipped_existing,destination JPEG already exists
2015/08/08/HMI.m2015.08.08_18.00.00.jpg,2015-08-08T18:00:00Z,,,,,skipped_existing,destination JPEG already exists
2015/08/11/HMI.m2015.08.11_03.00.00.jpg,2015-08-11T03:00:00Z,,,,,skipped_existing,destination JPEG already exists
2015/08/11/HMI.m2015.08.11_17.00.00.jpg,2015-08-11T17:00:00Z,,,,,skipped_existing,destination JPEG already exists
2015/08/12/HMI.m2015.08.12_06.00.00.jpg,2015-08-12T06:00:00Z,,,,,skipped_existing,destination JPEG already exists
2015/08/12/HMI.m2015.08.12_16.00.00.jpg,2015-08-12T16:00:00Z,,,,,skipped_existing,destination JPEG already exists
2015/08/13/HMI.m2015.08.13_22.00.00.jpg,2015-08-13T22:00:00Z,,,,,skipped_existing,destination JPEG already exists
2015/08/15/HMI.m2015.08.15_22.00.00.jpg,2015-08-15T22:00:00Z,,,,,skipped_existing,destination JPEG already exists
2015/08/16/HMI.m2015.08.16_03.00.00.jpg,2015-08-16T03:00:00Z,,,,,skipped_existing,destination JPEG already exists
2015/08/17/HMI.m2015.08.17_00.00.00.jpg,2015-08-17T00:00:00Z,,,,,skipped_existing,destination JPEG already exists
2015/08/17/HMI.m2015.08.17_05.00.00.jpg,2015-08-17T05:00:00Z,,,,,skipped_existing,destination JPEG already exists
2015/08/18/HMI.m2015.08.18_09.00.00.jpg,2015-08-18T09:00:00Z,,,,,skipped_existing,destination JPEG already exists
2015/08/18/HMI.m2015.08.18_17.00.00.jpg,2015-08-18T17:00:00Z,,,,,skipped_existing,destination JPEG already exists
2015/08/19/HMI.m2015.08.19_22.00.00.jpg,2015-08-19T22:00:00Z,,,,,skipped_existing,destination JPEG already exists
2015/08/20/HMI.m2015.08.20_07.00.00.jpg,2015-08-20T07:00:00Z,,,,,skipped_existing,destination JPEG already exists
2015/08/20/HMI.m2015.08.20_08.00.00.jpg,2015-08-20T08:00:00Z,,,,,skipped_existing,destination JPEG already exists
2015/08/20/HMI.m2015.08.20_09.00.00.jpg,2015-08-20T09:00:00Z,,,,,skipped_existing,destination JPEG already exists
2015/08/20/HMI.m2015.08.20_10.00.00.jpg,2015-08-20T10:00:00Z,,,,,skipped_existing,destination JPEG already exists
2015/08/20/HMI.m2015.08.20_13.00.00.jpg,2015-08-20T13:00:00Z,,,,,skipped_existing,destination JPEG already exists
2015/08/20/HMI.m2015.08.20_17.00.00.jpg,2015-08-20T17:00:00Z,,,,,skipped_existing,destination JPEG already exists
2015/08/20/HMI.m2015.08.20_19.00.00.jpg,2015-08-20T19:00:00Z,,,,,skipped_existing,destination JPEG already exists
2015/08/20/HMI.m2015.08.20_22.00.00.jpg,2015-08-20T22:00:00Z,,,,,skipped_existing,destination JPEG already exists
2015/08/20/HMI.m2015.08.20_23.00.00.jpg,2015-08-20T23:00:00Z,,,,,skipped_existing,destination JPEG already exists
2015/08/21/HMI.m2015.08.21_04.00.00.jpg,2015-08-21T04:00:00Z,,,,,skipped_existing,destination JPEG already exists
2015/08/21/HMI.m2015.08.21_05.00.00.jpg,2015-08-21T05:00:00Z,,,,,skipped_existing,destination JPEG already exists
2015/08/21/HMI.m2015.08.21_06.00.00.jpg,2015-08-21T06:00:00Z,,,,,skipped_existing,destination JPEG already exists
2015/08/21/HMI.m2015.08.21_09.00.00.jpg,2015-08-21T09:00:00Z,,,,,skipped_existing,destination JPEG already exists
2015/08/21/HMI.m2015.08.21_10.00.00.jpg,2015-08-21T10:00:00Z,,,,,skipped_existing,destination JPEG already exists
2015/08/21/HMI.m2015.08.21_14.00.00.jpg,2015-08-21T14:00:00Z,,,,,skipped_existing,destination JPEG already exists
2015/08/21/HMI.m2015.08.21_16.00.00.jpg,2015-08-21T16:00:00Z,,,,,skipped_existing,destination JPEG already exists
2015/08/21/HMI.m2015.08.21_17.00.00.jpg,2015-08-21T17:00:00Z,,,,,skipped_existing,destination JPEG already exists
2015/08/21/HMI.m2015.08.21_18.00.00.jpg,2015-08-21T18:00:00Z,,,,,skipped_existing,destination JPEG already exists
2015/08/21/HMI.m2015.08.21_19.00.00.jpg,2015-08-21T19:00:00Z,,,,,skipped_existing,destination JPEG already exists
2015/08/21/HMI.m2015.08.21_20.00.00.jpg,2015-08-21T20:00:00Z,,,,,skipped_existing,destination JPEG already exists
2015/08/21/HMI.m2015.08.21_22.00.00.jpg,2015-08-21T22:00:00Z,,,,,skipped_existing,destination JPEG already exists
2015/08/21/HMI.m2015.08.21_23.00.00.jpg,2015-08-21T23:00:00Z,,,,,skipped_existing,destination JPEG already exists
2015/08/22/HMI.m2015.08.22_03.00.00.jpg,2015-08-22T03:00:00Z,,,,,skipped_existing,destination JPEG already exists
2015/08/22/HMI.m2015.08.22_05.00.00.jpg,2015-08-22T05:00:00Z,,,,,skipped_existing,destination JPEG already exists
2015/08/22/HMI.m2015.08.22_07.00.00.jpg,2015-08-22T07:00:00Z,,,,,skipped_existing,destination JPEG already exists
2015/08/22/HMI.m2015.08.22_10.00.00.jpg,2015-08-22T10:00:00Z,,,,,skipped_existing,destination JPEG already exists
2015/08/22/HMI.m2015.08.22_12.00.00.jpg,2015-08-22T12:00:00Z,,,,,skipped_existing,destination JPEG already exists
2015/08/22/HMI.m2015.08.22_16.00.00.jpg,2015-08-22T16:00:00Z,,,,,skipped_existing,destination JPEG already exists
2015/08/22/HMI.m2015.08.22_21.00.00.jpg,2015-08-22T21:00:00Z,,,,,skipped_existing,destination JPEG already exists
2015/08/23/HMI.m2015.08.23_03.00.00.jpg,2015-08-23T03:00:00Z,,,,,skipped_existing,destination JPEG already exists
2015/08/23/HMI.m2015.08.23_09.00.00.jpg,2015-08-23T09:00:00Z,,,,,skipped_existing,destination JPEG already exists
2015/08/23/HMI.m2015.08.23_15.00.00.jpg,2015-08-23T15:00:00Z,,,,,skipped_existing,destination JPEG already exists
2015/08/23/HMI.m2015.08.23_16.00.00.jpg,2015-08-23T16:00:00Z,,,,,skipped_existing,destination JPEG already exists
2015/08/23/HMI.m2015.08.23_19.00.00.jpg,2015-08-23T19:00:00Z,,,,,skipped_existing,destination JPEG already exists
2015/08/24/HMI.m2015.08.24_00.00.00.jpg,2015-08-24T00:00:00Z,,,,,skipped_existing,destination JPEG already exists
2015/08/24/HMI.m2015.08.24_04.00.00.jpg,2015-08-24T04:00:00Z,,,,,skipped_existing,destination JPEG already exists
2015/08/24/HMI.m2015.08.24_05.00.00.jpg,2015-08-24T05:00:00Z,,,,,skipped_existing,destination JPEG already exists
2015/08/24/HMI.m2015.08.24_08.00.00.jpg,2015-08-24T08:00:00Z,,,,,skipped_existing,destination JPEG already exists
2015/08/24/HMI.m2015.08.24_09.00.00.jpg,2015-08-24T09:00:00Z,,,,,skipped_existing,destination JPEG already exists
2015/08/24/HMI.m2015.08.24_10.00.00.jpg,2015-08-24T10:00:00Z,,,,,skipped_existing,destination JPEG already exists
2015/08/24/HMI.m2015.08.24_12.00.00.jpg,2015-08-24T12:00:00Z,,,,,skipped_existing,destination JPEG already exists
2015/08/24/HMI.m2015.08.24_17.00.00.jpg,2015-08-24T17:00:00Z,,,,,skipped_existing,destination JPEG already exists
2015/08/26/HMI.m2015.08.26_06.00.00.jpg,2015-08-26T06:00:00Z,,,,,skipped_existing,destination JPEG already exists
2015/08/26/HMI.m2015.08.26_11.00.00.jpg,2015-08-26T11:00:00Z,,,,,skipped_existing,destination JPEG already exists
2015/08/26/HMI.m2015.08.26_17.00.00.jpg,2015-08-26T17:00:00Z,,,,,skipped_existing,destination JPEG already exists
2015/08/26/HMI.m2015.08.26_18.00.00.jpg,2015-08-26T18:00:00Z,,,,,skipped_existing,destination JPEG already exists
2015/08/26/HMI.m2015.08.26_21.00.00.jpg,2015-08-26T21:00:00Z,,,,,skipped_existing,destination JPEG already exists
2015/08/27/HMI.m2015.08.27_03.00.00.jpg,2015-08-27T03:00:00Z,,,,,skipped_existing,destination JPEG already exists
2015/08/27/HMI.m2015.08.27_04.00.00.jpg,2015-08-27T04:00:00Z,,,,,skipped_existing,destination JPEG already exists
2015/08/27/HMI.m2015.08.27_14.00.00.jpg,2015-08-27T14:00:00Z,,,,,skipped_existing,destination JPEG already exists
2015/08/27/HMI.m2015.08.27_15.00.00.jpg,2015-08-27T15:00:00Z,,,,,skipped_existing,destination JPEG already exists
2015/08/27/HMI.m2015.08.27_16.00.00.jpg,2015-08-27T16:00:00Z,,,,,skipped_existing,destination JPEG already exists
2015/08/27/HMI.m2015.08.27_17.00.00.jpg,2015-08-27T17:00:00Z,,,,,skipped_existing,destination JPEG already exists
2015/08/27/HMI.m2015.08.27_21.00.00.jpg,2015-08-27T21:00:00Z,,,,,skipped_existing,destination JPEG already exists
2015/08/27/HMI.m2015.08.27_22.00.00.jpg,2015-08-27T22:00:00Z,,,,,skipped_existing,destination JPEG already exists
2015/08/28/HMI.m2015.08.28_04.00.00.jpg,2015-08-28T04:00:00Z,,,,,skipped_existing,destination JPEG already exists
2015/08/28/HMI.m2015.08.28_08.00.00.jpg,2015-08-28T08:00:00Z,,,,,skipped_existing,destination JPEG already exists
2015/08/28/HMI.m2015.08.28_09.00.00.jpg,2015-08-28T09:00:00Z,,,,,skipped_existing,destination JPEG already exists
2015/08/28/HMI.m2015.08.28_12.00.00.jpg,2015-08-28T12:00:00Z,,,,,skipped_existing,destination JPEG already exists
2015/08/28/HMI.m2015.08.28_13.00.00.jpg,2015-08-28T13:00:00Z,,,,,skipped_existing,destination JPEG already exists
2015/08/28/HMI.m2015.08.28_14.00.00.jpg,2015-08-28T14:00:00Z,,,,,skipped_existing,destination JPEG already exists
2015/08/28/HMI.m2015.08.28_16.00.00.jpg,2015-08-28T16:00:00Z,,,,,skipped_existing,destination JPEG already exists
2015/08/29/HMI.m2015.08.29_02.00.00.jpg,2015-08-29T02:00:00Z,,,,,skipped_existing,destination JPEG already exists
2015/08/29/HMI.m2015.08.29_03.00.00.jpg,2015-08-29T03:00:00Z,,,,,skipped_existing,destination JPEG already exists
2015/08/29/HMI.m2015.08.29_11.00.00.jpg,2015-08-29T11:00:00Z,,,,,skipped_existing,destination JPEG already exists
2015/08/29/HMI.m2015.08.29_12.00.00.jpg,2015-08-29T12:00:00Z,,,,,skipped_existing,destination JPEG already exists
2015/08/29/HMI.m2015.08.29_13.00.00.jpg,2015-08-29T13:00:00Z,,,,,skipped_existing,destination JPEG already exists
2015/08/29/HMI.m2015.08.29_15.00.00.jpg,2015-08-29T15:00:00Z,,,,,skipped_existing,destination JPEG already exists
2015/08/29/HMI.m2015.08.29_16.00.00.jpg,2015-08-29T16:00:00Z,,,,,skipped_existing,destination JPEG already exists
2015/08/29/HMI.m2015.08.29_17.00.00.jpg,2015-08-29T17:00:00Z,,,,,skipped_existing,destination JPEG already exists
2015/08/30/HMI.m2015.08.30_00.00.00.jpg,2015-08-30T00:00:00Z,,,,,skipped_existing,destination JPEG already exists
2015/08/30/HMI.m2015.08.30_02.00.00.jpg,2015-08-30T02:00:00Z,,,,,skipped_existing,destination JPEG already exists
2015/08/30/HMI.m2015.08.30_05.00.00.jpg,2015-08-30T05:00:00Z,,,,,skipped_existing,destination JPEG already exists
2015/09/01/HMI.m2015.09.01_00.00.00.jpg,2015-09-01T00:00:00Z,,,,,skipped_existing,destination JPEG already exists
2015/09/02/HMI.m2015.09.02_05.00.00.jpg,2015-09-02T05:00:00Z,,,,,skipped_existing,destination JPEG already exists
2015/09/02/HMI.m2015.09.02_06.00.00.jpg,2015-09-02T06:00:00Z,,,,,skipped_existing,destination JPEG already exists
2015/09/03/HMI.m2015.09.03_22.00.00.jpg,2015-09-03T22:00:00Z,,,,,skipped_existing,destination JPEG already exists
2015/09/04/HMI.m2015.09.04_17.00.00.jpg,2015-09-04T17:00:00Z,,,,,skipped_existing,destination JPEG already exists
2015/09/04/HMI.m2015.09.04_18.00.00.jpg,2015-09-04T18:00:00Z,,,,,skipped_existing,destination JPEG already exists
2015/09/04/HMI.m2015.09.04_19.00.00.jpg,2015-09-04T19:00:00Z,,,,,skipped_existing,destination JPEG already exists
2015/09/05/HMI.m2015.09.05_00.00.00.jpg,2015-09-05T00:00:00Z,,,,,skipped_existing,destination JPEG already exists
2015/09/06/HMI.m2015.09.06_14.00.00.jpg,2015-09-06T14:00:00Z,,,,,skipped_existing,destination JPEG already exists
2015/09/06/HMI.m2015.09.06_15.00.00.jpg,2015-09-06T15:00:00Z,,,,,skipped_existing,destination JPEG already exists
2015/09/07/HMI.m2015.09.07_14.00.00.jpg,2015-09-07T14:00:00Z,,,,,skipped_existing,destination JPEG already exists
2015/09/07/HMI.m2015.09.07_23.00.00.jpg,2015-09-07T23:00:00Z,,,,,skipped_existing,destination JPEG already exists
2015/09/08/HMI.m2015.09.08_03.00.00.jpg,2015-09-08T03:00:00Z,,,,,skipped_existing,destination JPEG already exists
2015/09/08/HMI.m2015.09.08_05.00.00.jpg,2015-09-08T05:00:00Z,,,,,skipped_existing,destination JPEG already exists
2015/09/08/HMI.m2015.09.08_17.00.00.jpg,2015-09-08T17:00:00Z,,,,,skipped_existing,destination JPEG already exists
2015/09/11/HMI.m2015.09.11_00.00.00.jpg,2015-09-11T00:00:00Z,,,,,skipped_existing,destination JPEG already exists
2015/09/11/HMI.m2015.09.11_15.00.00.jpg,2015-09-11T15:00:00Z,,,,,skipped_existing,destination JPEG already exists
2015/09/11/HMI.m2015.09.11_22.00.00.jpg,2015-09-11T22:00:00Z,,,,,skipped_existing,destination JPEG already exists
2015/09/12/HMI.m2015.09.12_09.00.00.jpg,2015-09-12T09:00:00Z,,,,,skipped_existing,destination JPEG already exists
2015/09/12/HMI.m2015.09.12_11.00.00.jpg,2015-09-12T11:00:00Z,,,,,skipped_existing,destination JPEG already exists
2015/09/12/HMI.m2015.09.12_17.00.00.jpg,2015-09-12T17:00:00Z,,,,,skipped_existing,destination JPEG already exists
2015/09/12/HMI.m2015.09.12_18.00.00.jpg,2015-09-12T18:00:00Z,,,,,skipped_existing,destination JPEG already exists
2015/09/13/HMI.m2015.09.13_23.00.00.jpg,2015-09-13T23:00:00Z,,,,,skipped_existing,destination JPEG already exists
2015/09/14/HMI.m2015.09.14_05.00.00.jpg,2015-09-14T05:00:00Z,,,,,skipped_existing,destination JPEG already exists
2015/09/14/HMI.m2015.09.14_13.00.00.jpg,2015-09-14T13:00:00Z,,,,,skipped_existing,destination JPEG already exists
2015/09/14/HMI.m2015.09.14_20.00.00.jpg,2015-09-14T20:00:00Z,,,,,skipped_existing,destination JPEG already exists
2015/09/15/HMI.m2015.09.15_05.00.00.jpg,2015-09-15T05:00:00Z,,,,,skipped_existing,destination JPEG already exists
2015/09/15/HMI.m2015.09.15_18.00.00.jpg,2015-09-15T18:00:00Z,,,,,skipped_existing,destination JPEG already exists
2015/09/16/HMI.m2015.09.16_10.00.00.jpg,2015-09-16T10:00:00Z,,,,,skipped_existing,destination JPEG already exists
2015/09/16/HMI.m2015.09.16_12.00.00.jpg,2015-09-16T12:00:00Z,,,,,skipped_existing,destination JPEG already exists
2015/09/16/HMI.m2015.09.16_13.00.00.jpg,2015-09-16T13:00:00Z,,,,,skipped_existing,destination JPEG already exists
2015/09/16/HMI.m2015.09.16_16.00.00.jpg,2015-09-16T16:00:00Z,,,,,skipped_existing,destination JPEG already exists
2015/09/16/HMI.m2015.09.16_17.00.00.jpg,2015-09-16T17:00:00Z,,,,,skipped_existing,destination JPEG already exists
2015/09/16/HMI.m2015.09.16_20.00.00.jpg,2015-09-16T20:00:00Z,,,,,skipped_existing,destination JPEG already exists
2015/09/16/HMI.m2015.09.16_22.00.00.jpg,2015-09-16T22:00:00Z,,,,,skipped_existing,destination JPEG already exists
2015/09/16/HMI.m2015.09.16_23.00.00.jpg,2015-09-16T23:00:00Z,,,,,skipped_existing,destination JPEG already exists
2015/09/17/HMI.m2015.09.17_00.00.00.jpg,2015-09-17T00:00:00Z,,,,,skipped_existing,destination JPEG already exists
2015/09/17/HMI.m2015.09.17_02.00.00.jpg,2015-09-17T02:00:00Z,,,,,skipped_existing,destination JPEG already exists
2015/09/17/HMI.m2015.09.17_04.00.00.jpg,2015-09-17T04:00:00Z,,,,,skipped_existing,destination JPEG already exists
2015/09/17/HMI.m2015.09.17_08.00.00.jpg,2015-09-17T08:00:00Z,,,,,skipped_existing,destination JPEG already exists
2015/09/17/HMI.m2015.09.17_09.00.00.jpg,2015-09-17T09:00:00Z,,,,,skipped_existing,destination JPEG already exists
2015/09/17/HMI.m2015.09.17_15.00.00.jpg,2015-09-17T15:00:00Z,,,,,skipped_existing,destination JPEG already exists
2015/09/17/HMI.m2015.09.17_22.00.00.jpg,2015-09-17T22:00:00Z,,,,,skipped_existing,destination JPEG already exists
2015/09/18/HMI.m2015.09.18_02.00.00.jpg,2015-09-18T02:00:00Z,,,,,skipped_existing,destination JPEG already exists
2015/09/18/HMI.m2015.09.18_23.00.00.jpg,2015-09-18T23:00:00Z,,,,,skipped_existing,destination JPEG already exists
2015/09/19/HMI.m2015.09.19_08.00.00.jpg,2015-09-19T08:00:00Z,,,,,skipped_existing,destination JPEG already exists
2015/09/19/HMI.m2015.09.19_14.00.00.jpg,2015-09-19T14:00:00Z,,,,,skipped_existing,destination JPEG already exists
2015/09/19/HMI.m2015.09.19_15.00.00.jpg,2015-09-19T15:00:00Z,,,,,skipped_existing,destination JPEG already exists
2015/09/19/HMI.m2015.09.19_17.00.00.jpg,2015-09-19T17:00:00Z,,,,,skipped_existing,destination JPEG already exists
2015/09/19/HMI.m2015.09.19_20.00.00.jpg,2015-09-19T20:00:00Z,,,,,skipped_existing,destination JPEG already exists
2015/09/19/HMI.m2015.09.19_23.00.00.jpg,2015-09-19T23:00:00Z,,,,,skipped_existing,destination JPEG already exists
2015/09/20/HMI.m2015.09.20_01.00.00.jpg,2015-09-20T01:00:00Z,,,,,skipped_existing,destination JPEG already exists
2015/09/20/HMI.m2015.09.20_02.00.00.jpg,2015-09-20T02:00:00Z,,,,,skipped_existing,destination JPEG already exists
2015/09/20/HMI.m2015.09.20_04.00.00.jpg,2015-09-20T04:00:00Z,,,,,skipped_existing,destination JPEG already exists
2015/09/20/HMI.m2015.09.20_08.00.00.jpg,2015-09-20T08:00:00Z,,,,,skipped_existing,destination JPEG already exists
2015/09/20/HMI.m2015.09.20_09.00.00.jpg,2015-09-20T09:00:00Z,,,,,skipped_existing,destination JPEG already exists
2015/09/20/HMI.m2015.09.20_14.00.00.jpg,2015-09-20T14:00:00Z,,,,,skipped_existing,destination JPEG already exists
2015/09/20/HMI.m2015.09.20_17.00.00.jpg,2015-09-20T17:00:00Z,,,,,skipped_existing,destination JPEG already exists
2015/09/20/HMI.m2015.09.20_19.00.00.jpg,2015-09-20T19:00:00Z,,,,,skipped_existing,destination JPEG already exists
2015/09/21/HMI.m2015.09.21_06.00.00.jpg,2015-09-21T06:00:00Z,,,,,skipped_existing,destination JPEG already exists
2015/09/21/HMI.m2015.09.21_15.00.00.jpg,2015-09-21T15:00:00Z,,,,,skipped_existing,destination JPEG already exists
2015/09/21/HMI.m2015.09.21_22.00.00.jpg,2015-09-21T22:00:00Z,,,,,skipped_existing,destination JPEG already exists
2015/09/22/HMI.m2015.09.22_14.00.00.jpg,2015-09-22T14:00:00Z,,,,,skipped_existing,destination JPEG already exists
2015/09/23/HMI.m2015.09.23_02.00.00.jpg,2015-09-23T02:00:00Z,,,,,skipped_existing,destination JPEG already exists
2015/09/23/HMI.m2015.09.23_19.00.00.jpg,2015-09-23T19:00:00Z,,,,,skipped_existing,destination JPEG already exists
2015/09/23/HMI.m2015.09.23_23.00.00.jpg,2015-09-23T23:00:00Z,,,,,skipped_existing,destination JPEG already exists
2015/09/25/HMI.m2015.09.25_08.00.00.jpg,2015-09-25T08:00:00Z,,,,,skipped_existing,destination JPEG already exists
2015/09/25/HMI.m2015.09.25_15.00.00.jpg,2015-09-25T15:00:00Z,,,,,skipped_existing,destination JPEG already exists
2015/09/26/HMI.m2015.09.26_11.00.00.jpg,2015-09-26T11:00:00Z,,,,,skipped_existing,destination JPEG already exists
2015/09/26/HMI.m2015.09.26_14.00.00.jpg,2015-09-26T14:00:00Z,,,,,skipped_existing,destination JPEG already exists
2015/09/26/HMI.m2015.09.26_16.00.00.jpg,2015-09-26T16:00:00Z,,,,,skipped_existing,destination JPEG already exists
2015/09/26/HMI.m2015.09.26_17.00.00.jpg,2015-09-26T17:00:00Z,,,,,skipped_existing,destination JPEG already exists
2015/09/26/HMI.m2015.09.26_18.00.00.jpg,2015-09-26T18:00:00Z,,,,,skipped_existing,destination JPEG already exists
2015/09/26/HMI.m2015.09.26_21.00.00.jpg,2015-09-26T21:00:00Z,,,,,skipped_existing,destination JPEG already exists
2015/09/26/HMI.m2015.09.26_23.00.00.jpg,2015-09-26T23:00:00Z,,,,,skipped_existing,destination JPEG already exists
2015/09/27/HMI.m2015.09.27_01.00.00.jpg,2015-09-27T01:00:00Z,,,,,skipped_existing,destination JPEG already exists
2015/09/27/HMI.m2015.09.27_02.00.00.jpg,2015-09-27T02:00:00Z,,,,,skipped_existing,destination JPEG already exists
2015/09/27/HMI.m2015.09.27_03.00.00.jpg,2015-09-27T03:00:00Z,,,,,skipped_existing,destination JPEG already exists
2015/09/27/HMI.m2015.09.27_08.00.00.jpg,2015-09-27T08:00:00Z,,,,,skipped_existing,destination JPEG already exists
2015/09/27/HMI.m2015.09.27_09.00.00.jpg,2015-09-27T09:00:00Z,,,,,skipped_existing,destination JPEG already exists
2015/09/27/HMI.m2015.09.27_14.00.00.jpg,2015-09-27T14:00:00Z,,,,,skipped_existing,destination JPEG already exists
2015/09/27/HMI.m2015.09.27_16.00.00.jpg,2015-09-27T16:00:00Z,,,,,skipped_existing,destination JPEG already exists
2015/09/27/HMI.m2015.09.27_17.00.00.jpg,2015-09-27T17:00:00Z,,,,,skipped_existing,destination JPEG already exists
2015/09/27/HMI.m2015.09.27_18.00.00.jpg,2015-09-27T18:00:00Z,,,,,skipped_existing,destination JPEG already exists
2015/09/27/HMI.m2015.09.27_20.00.00.jpg,2015-09-27T20:00:00Z,,,,,skipped_existing,destination JPEG already exists
2015/09/27/HMI.m2015.09.27_21.00.00.jpg,2015-09-27T21:00:00Z,,,,,skipped_existing,destination JPEG already exists
2015/09/27/HMI.m2015.09.27_22.00.00.jpg,2015-09-27T22:00:00Z,,,,,skipped_existing,destination JPEG already exists
2015/09/28/HMI.m2015.09.28_00.00.00.jpg,2015-09-28T00:00:00Z,,,,,skipped_existing,destination JPEG already exists
2015/09/28/HMI.m2015.09.28_03.00.00.jpg,2015-09-28T03:00:00Z,,,,,skipped_existing,destination JPEG already exists
2015/09/28/HMI.m2015.09.28_04.00.00.jpg,2015-09-28T04:00:00Z,,,,,skipped_existing,destination JPEG already exists
2015/09/28/HMI.m2015.09.28_05.00.00.jpg,2015-09-28T05:00:00Z,,,,,skipped_existing,destination JPEG already exists
2015/09/28/HMI.m2015.09.28_10.00.00.jpg,2015-09-28T10:00:00Z,,,,,skipped_existing,destination JPEG already exists
2015/09/28/HMI.m2015.09.28_12.00.00.jpg,2015-09-28T12:00:00Z,,,,,skipped_existing,destination JPEG already exists
2015/09/28/HMI.m2015.09.28_16.00.00.jpg,2015-09-28T16:00:00Z,,,,,skipped_existing,destination JPEG already exists
2015/09/28/HMI.m2015.09.28_17.00.00.jpg,2015-09-28T17:00:00Z,,,,,skipped_existing,destination JPEG already exists
2015/09/28/HMI.m2015.09.28_22.00.00.jpg,2015-09-28T22:00:00Z,,,,,skipped_existing,destination JPEG already exists
2015/09/29/HMI.m2015.09.29_03.00.00.jpg,2015-09-29T03:00:00Z,,,,,skipped_existing,destination JPEG already exists
2015/09/29/HMI.m2015.09.29_04.00.00.jpg,2015-09-29T04:00:00Z,,,,,skipped_existing,destination JPEG already exists
2015/09/29/HMI.m2015.09.29_07.00.00.jpg,2015-09-29T07:00:00Z,,,,,skipped_existing,destination JPEG already exists
2015/09/29/HMI.m2015.09.29_10.00.00.jpg,2015-09-29T10:00:00Z,,,,,skipped_existing,destination JPEG already exists
2015/09/29/HMI.m2015.09.29_11.00.00.jpg,2015-09-29T11:00:00Z,,,,,skipped_existing,destination JPEG already exists
2015/09/29/HMI.m2015.09.29_14.00.00.jpg,2015-09-29T14:00:00Z,,,,,skipped_existing,destination JPEG already exists
2015/09/29/HMI.m2015.09.29_15.00.00.jpg,2015-09-29T15:00:00Z,,,,,skipped_existing,destination JPEG already exists
2015/09/29/HMI.m2015.09.29_16.00.00.jpg,2015-09-29T16:00:00Z,,,,,skipped_existing,destination JPEG already exists
2015/09/29/HMI.m2015.09.29_17.00.00.jpg,2015-09-29T17:00:00Z,,,,,skipped_existing,destination JPEG already exists
2015/09/29/HMI.m2015.09.29_18.00.00.jpg,2015-09-29T18:00:00Z,,,,,skipped_existing,destination JPEG already exists
2015/09/29/HMI.m2015.09.29_21.00.00.jpg,2015-09-29T21:00:00Z,,,,,skipped_existing,destination JPEG already exists
2015/09/29/HMI.m2015.09.29_22.00.00.jpg,2015-09-29T22:00:00Z,,,,,skipped_existing,destination JPEG already exists
2015/09/30/HMI.m2015.09.30_00.00.00.jpg,2015-09-30T00:00:00Z,,,,,skipped_existing,destination JPEG already exists
2015/09/30/HMI.m2015.09.30_01.00.00.jpg,2015-09-30T01:00:00Z,,,,,skipped_existing,destination JPEG already exists
2015/09/30/HMI.m2015.09.30_04.00.00.jpg,2015-09-30T04:00:00Z,,,,,skipped_existing,destination JPEG already exists
2015/09/30/HMI.m2015.09.30_05.00.00.jpg,2015-09-30T05:00:00Z,,,,,skipped_existing,destination JPEG already exists
2015/09/30/HMI.m2015.09.30_08.00.00.jpg,2015-09-30T08:00:00Z,,,,,skipped_existing,destination JPEG already exists
2015/09/30/HMI.m2015.09.30_10.00.00.jpg,2015-09-30T10:00:00Z,,,,,skipped_existing,destination JPEG already exists
2015/09/30/HMI.m2015.09.30_11.00.00.jpg,2015-09-30T11:00:00Z,,,,,skipped_existing,destination JPEG already exists
2015/09/30/HMI.m2015.09.30_12.00.00.jpg,2015-09-30T12:00:00Z,,,,,skipped_existing,destination JPEG already exists
2015/09/30/HMI.m2015.09.30_14.00.00.jpg,2015-09-30T14:00:00Z,,,,,skipped_existing,destination JPEG already exists
2015/09/30/HMI.m2015.09.30_18.00.00.jpg,2015-09-30T18:00:00Z,,,,,skipped_existing,destination JPEG already exists
2015/09/30/HMI.m2015.09.30_20.00.00.jpg,2015-09-30T20:00:00Z,,,,,skipped_existing,destination JPEG already exists
2015/09/30/HMI.m2015.09.30_23.00.00.jpg,2015-09-30T23:00:00Z,,,,,skipped_existing,destination JPEG already exists
2015/10/01/HMI.m2015.10.01_00.00.00.jpg,2015-10-01T00:00:00Z,,,,,skipped_existing,destination JPEG already exists
2015/10/01/HMI.m2015.10.01_02.00.00.jpg,2015-10-01T02:00:00Z,,,,,skipped_existing,destination JPEG already exists
2015/10/01/HMI.m2015.10.01_04.00.00.jpg,2015-10-01T04:00:00Z,,,,,skipped_existing,destination JPEG already exists
2015/10/01/HMI.m2015.10.01_06.00.00.jpg,2015-10-01T06:00:00Z,,,,,skipped_existing,destination JPEG already exists
2015/10/01/HMI.m2015.10.01_08.00.00.jpg,2015-10-01T08:00:00Z,,,,,skipped_existing,destination JPEG already exists
2015/10/01/HMI.m2015.10.01_09.00.00.jpg,2015-10-01T09:00:00Z,,,,,skipped_existing,destination JPEG already exists
2015/10/01/HMI.m2015.10.01_10.00.00.jpg,2015-10-01T10:00:00Z,,,,,skipped_existing,destination JPEG already exists
2015/10/01/HMI.m2015.10.01_11.00.00.jpg,2015-10-01T11:00:00Z,,,,,skipped_existing,destination JPEG already exists
2015/10/01/HMI.m2015.10.01_13.00.00.jpg,2015-10-01T13:00:00Z,,,,,skipped_existing,destination JPEG already exists
2015/10/01/HMI.m2015.10.01_14.00.00.jpg,2015-10-01T14:00:00Z,,,,,skipped_existing,destination JPEG already exists
2015/10/01/HMI.m2015.10.01_15.00.00.jpg,2015-10-01T15:00:00Z,,,,,skipped_existing,destination JPEG already exists
2015/10/02/HMI.m2015.10.02_12.00.00.jpg,2015-10-02T12:00:00Z,,,,,skipped_existing,destination JPEG already exists
2015/10/02/HMI.m2015.10.02_14.00.00.jpg,2015-10-02T14:00:00Z,,,,,skipped_existing,destination JPEG already exists
2015/10/02/HMI.m2015.10.02_17.00.00.jpg,2015-10-02T17:00:00Z,,,,,skipped_existing,destination JPEG already exists
2015/10/02/HMI.m2015.10.02_23.00.00.jpg,2015-10-02T23:00:00Z,,,,,skipped_existing,destination JPEG already exists
2015/10/03/HMI.m2015.10.03_03.00.00.jpg,2015-10-03T03:00:00Z,,,,,skipped_existing,destination JPEG already exists
2015/10/03/HMI.m2015.10.03_04.00.00.jpg,2015-10-03T04:00:00Z,,,,,skipped_existing,destination JPEG already exists
2015/10/03/HMI.m2015.10.03_06.00.00.jpg,2015-10-03T06:00:00Z,,,,,skipped_existing,destination JPEG already exists
2015/10/03/HMI.m2015.10.03_10.00.00.jpg,2015-10-03T10:00:00Z,,,,,skipped_existing,destination JPEG already exists
2015/10/03/HMI.m2015.10.03_11.00.00.jpg,2015-10-03T11:00:00Z,,,,,skipped_existing,destination JPEG already exists
2015/10/03/HMI.m2015.10.03_13.00.00.jpg,2015-10-03T13:00:00Z,,,,,skipped_existing,destination JPEG already exists
2015/10/03/HMI.m2015.10.03_16.00.00.jpg,2015-10-03T16:00:00Z,,,,,skipped_existing,destination JPEG already exists
2015/10/03/HMI.m2015.10.03_19.00.00.jpg,2015-10-03T19:00:00Z,,,,,skipped_existing,destination JPEG already exists
2015/10/04/HMI.m2015.10.04_01.00.00.jpg,2015-10-04T01:00:00Z,,,,,skipped_existing,destination JPEG already exists
2015/10/06/HMI.m2015.10.06_03.00.00.jpg,2015-10-06T03:00:00Z,,,,,skipped_existing,destination JPEG already exists
2015/10/07/HMI.m2015.10.07_17.00.00.jpg,2015-10-07T17:00:00Z,,,,,skipped_existing,destination JPEG already exists
2015/10/10/HMI.m2015.10.10_03.00.00.jpg,2015-10-10T03:00:00Z,,,,,skipped_existing,destination JPEG already exists
2015/10/11/HMI.m2015.10.11_04.00.00.jpg,2015-10-11T04:00:00Z,,,,,skipped_existing,destination JPEG already exists
2015/10/11/HMI.m2015.10.11_06.00.00.jpg,2015-10-11T06:00:00Z,,,,,skipped_existing,destination JPEG already exists
2015/10/11/HMI.m2015.10.11_12.00.00.jpg,2015-10-11T12:00:00Z,,,,,skipped_existing,destination JPEG already exists
2015/10/12/HMI.m2015.10.12_20.00.00.jpg,2015-10-12T20:00:00Z,,,,,skipped_existing,destination JPEG already exists
2015/10/14/HMI.m2015.10.14_18.00.00.jpg,2015-10-14T18:00:00Z,,,,,skipped_existing,destination JPEG already exists
2015/10/15/HMI.m2015.10.15_00.00.00.jpg,2015-10-15T00:00:00Z,,,,,skipped_existing,destination JPEG already exists
2015/10/15/HMI.m2015.10.15_02.00.00.jpg,2015-10-15T02:00:00Z,,,,,skipped_existing,destination JPEG already exists
2015/10/15/HMI.m2015.10.15_05.00.00.jpg,2015-10-15T05:00:00Z,,,,,skipped_existing,destination JPEG already exists
2015/10/15/HMI.m2015.10.15_06.00.00.jpg,2015-10-15T06:00:00Z,,,,,skipped_existing,destination JPEG already exists
2015/10/15/HMI.m2015.10.15_07.00.00.jpg,2015-10-15T07:00:00Z,,,,,skipped_existing,destination JPEG already exists
2015/10/15/HMI.m2015.10.15_08.00.00.jpg,2015-10-15T08:00:00Z,,,,,skipped_existing,destination JPEG already exists
2015/10/15/HMI.m2015.10.15_12.00.00.jpg,2015-10-15T12:00:00Z,,,,,skipped_existing,destination JPEG already exists
2015/10/15/HMI.m2015.10.15_14.00.00.jpg,2015-10-15T14:00:00Z,,,,,skipped_existing,destination JPEG already exists
2015/10/15/HMI.m2015.10.15_15.00.00.jpg,2015-10-15T15:00:00Z,,,,,skipped_existing,destination JPEG already exists
2015/10/15/HMI.m2015.10.15_16.00.00.jpg,2015-10-15T16:00:00Z,,,,,skipped_existing,destination JPEG already exists
2015/10/16/HMI.m2015.10.16_00.00.00.jpg,2015-10-16T00:00:00Z,,,,,skipped_existing,destination JPEG already exists
2015/10/16/HMI.m2015.10.16_01.00.00.jpg,2015-10-16T01:00:00Z,,,,,skipped_existing,destination JPEG already exists
2015/10/16/HMI.m2015.10.16_02.00.00.jpg,2015-10-16T02:00:00Z,,,,,skipped_existing,destination JPEG already exists
2015/10/16/HMI.m2015.10.16_03.00.00.jpg,2015-10-16T03:00:00Z,,,,,skipped_existing,destination JPEG already exists
2015/10/16/HMI.m2015.10.16_05.00.00.jpg,2015-10-16T05:00:00Z,,,,,skipped_existing,destination JPEG already exists
2015/10/16/HMI.m2015.10.16_21.00.00.jpg,2015-10-16T21:00:00Z,,,,,skipped_existing,destination JPEG already exists
2015/10/16/HMI.m2015.10.16_22.00.00.jpg,2015-10-16T22:00:00Z,,,,,skipped_existing,destination JPEG already exists
2015/10/17/HMI.m2015.10.17_06.00.00.jpg,2015-10-17T06:00:00Z,,,,,skipped_existing,destination JPEG already exists
2015/10/17/HMI.m2015.10.17_09.00.00.jpg,2015-10-17T09:00:00Z,,,,,skipped_existing,destination JPEG already exists
2015/10/17/HMI.m2015.10.17_14.00.00.jpg,2015-10-17T14:00:00Z,,,,,skipped_existing,destination JPEG already exists
2015/10/17/HMI.m2015.10.17_16.00.00.jpg,2015-10-17T16:00:00Z,,,,,skipped_existing,destination JPEG already exists
2015/10/17/HMI.m2015.10.17_18.00.00.jpg,2015-10-17T18:00:00Z,,,,,skipped_existing,destination JPEG already exists
2015/10/18/HMI.m2015.10.18_15.00.00.jpg,2015-10-18T15:00:00Z,,,,,skipped_existing,destination JPEG already exists
2015/10/22/HMI.m2015.10.22_18.00.00.jpg,2015-10-22T18:00:00Z,,,,,skipped_existing,destination JPEG already exists
2015/10/23/HMI.m2015.10.23_03.00.00.jpg,2015-10-23T03:00:00Z,,,,,skipped_existing,destination JPEG already exists
2015/10/23/HMI.m2015.10.23_08.00.00.jpg,2015-10-23T08:00:00Z,,,,,skipped_existing,destination JPEG already exists
2015/10/23/HMI.m2015.10.23_21.00.00.jpg,2015-10-23T21:00:00Z,,,,,skipped_existing,destination JPEG already exists
2015/10/24/HMI.m2015.10.24_09.00.00.jpg,2015-10-24T09:00:00Z,,,,,skipped_existing,destination JPEG already exists
2015/10/24/HMI.m2015.10.24_17.00.00.jpg,2015-10-24T17:00:00Z,,,,,skipped_existing,destination JPEG already exists
2015/10/25/HMI.m2015.10.25_03.00.00.jpg,2015-10-25T03:00:00Z,,,,,skipped_existing,destination JPEG already exists
2015/10/25/HMI.m2015.10.25_05.00.00.jpg,2015-10-25T05:00:00Z,,,,,skipped_existing,destination JPEG already exists
2015/10/26/HMI.m2015.10.26_05.00.00.jpg,2015-10-26T05:00:00Z,,,,,skipped_existing,destination JPEG already exists
2015/10/26/HMI.m2015.10.26_08.00.00.jpg,2015-10-26T08:00:00Z,,,,,skipped_existing,destination JPEG already exists
2015/10/27/HMI.m2015.10.27_18.00.00.jpg,2015-10-27T18:00:00Z,,,,,skipped_existing,destination JPEG already exists
2015/10/28/HMI.m2015.10.28_09.00.00.jpg,2015-10-28T09:00:00Z,,,,,skipped_existing,destination JPEG already exists
2015/10/30/HMI.m2015.10.30_10.00.00.jpg,2015-10-30T10:00:00Z,,,,,skipped_existing,destination JPEG already exists
2015/10/30/HMI.m2015.10.30_22.00.00.jpg,2015-10-30T22:00:00Z,,,,,skipped_existing,destination JPEG already exists
2015/10/30/HMI.m2015.10.30_23.00.00.jpg,2015-10-30T23:00:00Z,,,,,skipped_existing,destination JPEG already exists
2015/10/31/HMI.m2015.10.31_02.00.00.jpg,2015-10-31T02:00:00Z,,,,,skipped_existing,destination JPEG already exists
2015/10/31/HMI.m2015.10.31_03.00.00.jpg,2015-10-31T03:00:00Z,,,,,skipped_existing,destination JPEG already exists
2015/10/31/HMI.m2015.10.31_05.00.00.jpg,2015-10-31T05:00:00Z,,,,,skipped_existing,destination JPEG already exists
2015/10/31/HMI.m2015.10.31_09.00.00.jpg,2015-10-31T09:00:00Z,,,,,skipped_existing,destination JPEG already exists
2015/10/31/HMI.m2015.10.31_10.00.00.jpg,2015-10-31T10:00:00Z,,,,,skipped_existing,destination JPEG already exists
2015/10/31/HMI.m2015.10.31_12.00.00.jpg,2015-10-31T12:00:00Z,,,,,skipped_existing,destination JPEG already exists
2015/10/31/HMI.m2015.10.31_13.00.00.jpg,2015-10-31T13:00:00Z,,,,,skipped_existing,destination JPEG already exists
2015/10/31/HMI.m2015.10.31_16.00.00.jpg,2015-10-31T16:00:00Z,,,,,skipped_existing,destination JPEG already exists
2015/10/31/HMI.m2015.10.31_17.00.00.jpg,2015-10-31T17:00:00Z,,,,,skipped_existing,destination JPEG already exists
2015/11/02/HMI.m2015.11.02_01.00.00.jpg,2015-11-02T01:00:00Z,,,,,skipped_existing,destination JPEG already exists
2015/11/03/HMI.m2015.11.03_05.00.00.jpg,2015-11-03T05:00:00Z,,,,,skipped_existing,destination JPEG already exists
2015/11/03/HMI.m2015.11.03_09.00.00.jpg,2015-11-03T09:00:00Z,,,,,skipped_existing,destination JPEG already exists
2015/11/03/HMI.m2015.11.03_10.00.00.jpg,2015-11-03T10:00:00Z,,,,,skipped_existing,destination JPEG already exists
2015/11/03/HMI.m2015.11.03_12.00.00.jpg,2015-11-03T12:00:00Z,,,,,skipped_existing,destination JPEG already exists
2015/11/03/HMI.m2015.11.03_13.00.00.jpg,2015-11-03T13:00:00Z,,,,,skipped_existing,destination JPEG already exists
2015/11/03/HMI.m2015.11.03_15.00.00.jpg,2015-11-03T15:00:00Z,,,,,skipped_existing,destination JPEG already exists
2015/11/03/HMI.m2015.11.03_16.00.00.jpg,2015-11-03T16:00:00Z,,,,,skipped_existing,destination JPEG already exists
2015/11/03/HMI.m2015.11.03_18.00.00.jpg,2015-11-03T18:00:00Z,,,,,skipped_existing,destination JPEG already exists
2015/11/03/HMI.m2015.11.03_20.00.00.jpg,2015-11-03T20:00:00Z,,,,,skipped_existing,destination JPEG already exists
2015/11/04/HMI.m2015.11.04_00.00.00.jpg,2015-11-04T00:00:00Z,,,,,skipped_existing,destination JPEG already exists
2015/11/04/HMI.m2015.11.04_03.00.00.jpg,2015-11-04T03:00:00Z,,,,,skipped_existing,destination JPEG already exists
2015/11/04/HMI.m2015.11.04_05.00.00.jpg,2015-11-04T05:00:00Z,,,,,skipped_existing,destination JPEG already exists
2015/11/04/HMI.m2015.11.04_08.00.00.jpg,2015-11-04T08:00:00Z,,,,,skipped_existing,destination JPEG already exists
2015/11/04/HMI.m2015.11.04_09.00.00.jpg,2015-11-04T09:00:00Z,,,,,skipped_existing,destination JPEG already exists
2015/11/04/HMI.m2015.11.04_10.00.00.jpg,2015-11-04T10:00:00Z,,,,,skipped_existing,destination JPEG already exists
2015/11/07/HMI.m2015.11.07_00.00.00.jpg,2015-11-07T00:00:00Z,,,,,skipped_existing,destination JPEG already exists
2015/11/07/HMI.m2015.11.07_20.00.00.jpg,2015-11-07T20:00:00Z,,,,,skipped_existing,destination JPEG already exists
2015/11/08/HMI.m2015.11.08_13.00.00.jpg,2015-11-08T13:00:00Z,,,,,skipped_existing,destination JPEG already exists
2015/11/08/HMI.m2015.11.08_21.00.00.jpg,2015-11-08T21:00:00Z,,,,,skipped_existing,destination JPEG already exists
2015/11/08/HMI.m2015.11.08_22.00.00.jpg,2015-11-08T22:00:00Z,,,,,skipped_existing,destination JPEG already exists
2015/11/09/HMI.m2015.11.09_03.00.00.jpg,2015-11-09T03:00:00Z,,,,,skipped_existing,destination JPEG already exists
2015/11/09/HMI.m2015.11.09_08.00.00.jpg,2015-11-09T08:00:00Z,,,,,skipped_existing,destination JPEG already exists
2015/11/09/HMI.m2015.11.09_09.00.00.jpg,2015-11-09T09:00:00Z,,,,,skipped_existing,destination JPEG already exists
2015/11/09/HMI.m2015.11.09_14.00.00.jpg,2015-11-09T14:00:00Z,,,,,skipped_existing,destination JPEG already exists
2015/11/10/HMI.m2015.11.10_08.00.00.jpg,2015-11-10T08:00:00Z,,,,,skipped_existing,destination JPEG already exists
2015/11/10/HMI.m2015.11.10_16.00.00.jpg,2015-11-10T16:00:00Z,,,,,skipped_existing,destination JPEG already exists
2015/11/11/HMI.m2015.11.11_01.00.00.jpg,2015-11-11T01:00:00Z,,,,,skipped_existing,destination JPEG already exists
2015/11/14/HMI.m2015.11.14_14.00.00.jpg,2015-11-14T14:00:00Z,,,,,skipped_existing,destination JPEG already exists
2015/11/14/HMI.m2015.11.14_22.00.00.jpg,2015-11-14T22:00:00Z,,,,,skipped_existing,destination JPEG already exists
2015/11/16/HMI.m2015.11.16_09.00.00.jpg,2015-11-16T09:00:00Z,,,,,skipped_existing,destination JPEG already exists
2015/11/21/HMI.m2015.11.21_12.00.00.jpg,2015-11-21T12:00:00Z,,,,,skipped_existing,destination JPEG already exists
2015/11/23/HMI.m2015.11.23_07.00.00.jpg,2015-11-23T07:00:00Z,,,,,skipped_existing,destination JPEG already exists
2015/11/23/HMI.m2015.11.23_11.00.00.jpg,2015-11-23T11:00:00Z,,,,,skipped_existing,destination JPEG already exists
2015/11/24/HMI.m2015.11.24_03.00.00.jpg,2015-11-24T03:00:00Z,,,,,skipped_existing,destination JPEG already exists
2015/11/24/HMI.m2015.11.24_10.00.00.jpg,2015-11-24T10:00:00Z,,,,,skipped_existing,destination JPEG already exists
2015/11/24/HMI.m2015.11.24_12.00.00.jpg,2015-11-24T12:00:00Z,,,,,skipped_existing,destination JPEG already exists
2015/11/24/HMI.m2015.11.24_16.00.00.jpg,2015-11-24T16:00:00Z,,,,,skipped_existing,destination JPEG already exists
2015/11/25/HMI.m2015.11.25_00.00.00.jpg,2015-11-25T00:00:00Z,,,,,skipped_existing,destination JPEG already exists
2015/11/27/HMI.m2015.11.27_02.00.00.jpg,2015-11-27T02:00:00Z,,,,,skipped_existing,destination JPEG already exists
2015/11/27/HMI.m2015.11.27_05.00.00.jpg,2015-11-27T05:00:00Z,,,,,skipped_existing,destination JPEG already exists
2015/11/27/HMI.m2015.11.27_19.00.00.jpg,2015-11-27T19:00:00Z,,,,,skipped_existing,destination JPEG already exists
2015/11/28/HMI.m2015.11.28_08.00.00.jpg,2015-11-28T08:00:00Z,,,,,skipped_existing,destination JPEG already exists
2015/11/28/HMI.m2015.11.28_20.00.00.jpg,2015-11-28T20:00:00Z,,,,,skipped_existing,destination JPEG already exists
2015/11/29/HMI.m2015.11.29_14.00.00.jpg,2015-11-29T14:00:00Z,,,,,skipped_existing,destination JPEG already exists
2015/12/01/HMI.m2015.12.01_19.00.00.jpg,2015-12-01T19:00:00Z,,,,,skipped_existing,destination JPEG already exists
2015/12/02/HMI.m2015.12.02_09.00.00.jpg,2015-12-02T09:00:00Z,,,,,skipped_existing,destination JPEG already exists
2015/12/03/HMI.m2015.12.03_05.00.00.jpg,2015-12-03T05:00:00Z,,,,,skipped_existing,destination JPEG already exists
2015/12/05/HMI.m2015.12.05_03.00.00.jpg,2015-12-05T03:00:00Z,,,,,skipped_existing,destination JPEG already exists
2015/12/05/HMI.m2015.12.05_04.00.00.jpg,2015-12-05T04:00:00Z,,,,,skipped_existing,destination JPEG already exists
2015/12/08/HMI.m2015.12.08_06.00.00.jpg,2015-12-08T06:00:00Z,,,,,skipped_existing,destination JPEG already exists
2015/12/08/HMI.m2015.12.08_21.00.00.jpg,2015-12-08T21:00:00Z,,,,,skipped_existing,destination JPEG already exists
2015/12/09/HMI.m2015.12.09_04.00.00.jpg,2015-12-09T04:00:00Z,,,,,skipped_existing,destination JPEG already exists
2015/12/09/HMI.m2015.12.09_14.00.00.jpg,2015-12-09T14:00:00Z,,,,,skipped_existing,destination JPEG already exists
2015/12/11/HMI.m2015.12.11_10.00.00.jpg,2015-12-11T10:00:00Z,,,,,skipped_existing,destination JPEG already exists
2015/12/11/HMI.m2015.12.11_13.00.00.jpg,2015-12-11T13:00:00Z,,,,,skipped_existing,destination JPEG already exists
2015/12/12/HMI.m2015.12.12_15.00.00.jpg,2015-12-12T15:00:00Z,,,,,skipped_existing,destination JPEG already exists
2015/12/12/HMI.m2015.12.12_22.00.00.jpg,2015-12-12T22:00:00Z,,,,,skipped_existing,destination JPEG already exists
2015/12/13/HMI.m2015.12.13_04.00.00.jpg,2015-12-13T04:00:00Z,,,,,skipped_existing,destination JPEG already exists
2015/12/14/HMI.m2015.12.14_12.00.00.jpg,2015-12-14T12:00:00Z,,,,,skipped_existing,destination JPEG already exists
2015/12/15/HMI.m2015.12.15_00.00.00.jpg,2015-12-15T00:00:00Z,,,,,skipped_existing,destination JPEG already exists
2015/12/15/HMI.m2015.12.15_03.00.00.jpg,2015-12-15T03:00:00Z,,,,,skipped_existing,destination JPEG already exists
2015/12/16/HMI.m2015.12.16_05.00.00.jpg,2015-12-16T05:00:00Z,,,,,skipped_existing,destination JPEG already exists
2015/12/16/HMI.m2015.12.16_06.00.00.jpg,2015-12-16T06:00:00Z,,,,,skipped_existing,destination JPEG already exists
2015/12/16/HMI.m2015.12.16_17.00.00.jpg,2015-12-16T17:00:00Z,,,,,skipped_existing,destination JPEG already exists
2015/12/16/HMI.m2015.12.16_21.00.00.jpg,2015-12-16T21:00:00Z,,,,,skipped_existing,destination JPEG already exists
2015/12/17/HMI.m2015.12.17_13.00.00.jpg,2015-12-17T13:00:00Z,,,,,skipped_existing,destination JPEG already exists
2015/12/17/HMI.m2015.12.17_18.00.00.jpg,2015-12-17T18:00:00Z,,,,,skipped_existing,destination JPEG already exists
2015/12/18/HMI.m2015.12.18_16.00.00.jpg,2015-12-18T16:00:00Z,,,,,skipped_existing,destination JPEG already exists
2015/12/19/HMI.m2015.12.19_11.00.00.jpg,2015-12-19T11:00:00Z,,,,,skipped_existing,destination JPEG already exists
2015/12/19/HMI.m2015.12.19_13.00.00.jpg,2015-12-19T13:00:00Z,,,,,skipped_existing,destination JPEG already exists
2015/12/19/HMI.m2015.12.19_15.00.00.jpg,2015-12-19T15:00:00Z,,,,,skipped_existing,destination JPEG already exists
2015/12/19/HMI.m2015.12.19_22.00.00.jpg,2015-12-19T22:00:00Z,,,,,skipped_existing,destination JPEG already exists
2015/12/20/HMI.m2015.12.20_02.00.00.jpg,2015-12-20T02:00:00Z,,,,,skipped_existing,destination JPEG already exists
2015/12/20/HMI.m2015.12.20_04.00.00.jpg,2015-12-20T04:00:00Z,,,,,skipped_existing,destination JPEG already exists
2015/12/20/HMI.m2015.12.20_05.00.00.jpg,2015-12-20T05:00:00Z,,,,,skipped_existing,destination JPEG already exists
2015/12/20/HMI.m2015.12.20_07.00.00.jpg,2015-12-20T07:00:00Z,,,,,skipped_existing,destination JPEG already exists
2015/12/20/HMI.m2015.12.20_08.00.00.jpg,2015-12-20T08:00:00Z,,,,,skipped_existing,destination JPEG already exists
2015/12/20/HMI.m2015.12.20_12.00.00.jpg,2015-12-20T12:00:00Z,,,,,skipped_existing,destination JPEG already exists
2015/12/20/HMI.m2015.12.20_13.00.00.jpg,2015-12-20T13:00:00Z,,,,,skipped_existing,destination JPEG already exists
2015/12/20/HMI.m2015.12.20_17.00.00.jpg,2015-12-20T17:00:00Z,,,,,skipped_existing,destination JPEG already exists
2015/12/20/HMI.m2015.12.20_18.00.00.jpg,2015-12-20T18:00:00Z,,,,,skipped_existing,destination JPEG already exists
2015/12/20/HMI.m2015.12.20_22.00.00.jpg,2015-12-20T22:00:00Z,,,,,skipped_existing,destination JPEG already exists
2015/12/21/HMI.m2015.12.21_00.00.00.jpg,2015-12-21T00:00:00Z,,,,,skipped_existing,destination JPEG already exists
2015/12/21/HMI.m2015.12.21_02.00.00.jpg,2015-12-21T02:00:00Z,,,,,skipped_existing,destination JPEG already exists
2015/12/21/HMI.m2015.12.21_03.00.00.jpg,2015-12-21T03:00:00Z,,,,,skipped_existing,destination JPEG already exists
2015/12/21/HMI.m2015.12.21_05.00.00.jpg,2015-12-21T05:00:00Z,,,,,skipped_existing,destination JPEG already exists
2015/12/21/HMI.m2015.12.21_12.00.00.jpg,2015-12-21T12:00:00Z,,,,,skipped_existing,destination JPEG already exists
2015/12/21/HMI.m2015.12.21_17.00.00.jpg,2015-12-21T17:00:00Z,,,,,skipped_existing,destination JPEG already exists
2015/12/21/HMI.m2015.12.21_20.00.00.jpg,2015-12-21T20:00:00Z,,,,,skipped_existing,destination JPEG already exists
2015/12/22/HMI.m2015.12.22_00.00.00.jpg,2015-12-22T00:00:00Z,,,,,skipped_existing,destination JPEG already exists
2015/12/22/HMI.m2015.12.22_15.00.00.jpg,2015-12-22T15:00:00Z,,,,,skipped_existing,destination JPEG already exists
2015/12/22/HMI.m2015.12.22_19.00.00.jpg,2015-12-22T19:00:00Z,,,,,skipped_existing,destination JPEG already exists
2015/12/22/HMI.m2015.12.22_20.00.00.jpg,2015-12-22T20:00:00Z,,,,,skipped_existing,destination JPEG already exists
2015/12/22/HMI.m2015.12.22_21.00.00.jpg,2015-12-22T21:00:00Z,,,,,skipped_existing,destination JPEG already exists
2015/12/23/HMI.m2015.12.23_00.00.00.jpg,2015-12-23T00:00:00Z,,,,,skipped_existing,destination JPEG already exists
2015/12/23/HMI.m2015.12.23_06.00.00.jpg,2015-12-23T06:00:00Z,,,,,skipped_existing,destination JPEG already exists
2015/12/23/HMI.m2015.12.23_09.00.00.jpg,2015-12-23T09:00:00Z,,,,,skipped_existing,destination JPEG already exists
2015/12/23/HMI.m2015.12.23_11.00.00.jpg,2015-12-23T11:00:00Z,,,,,skipped_existing,destination JPEG already exists
2015/12/23/HMI.m2015.12.23_15.00.00.jpg,2015-12-23T15:00:00Z,,,,,skipped_existing,destination JPEG already exists
2015/12/23/HMI.m2015.12.23_21.00.00.jpg,2015-12-23T21:00:00Z,,,,,skipped_existing,destination JPEG already exists
2015/12/25/HMI.m2015.12.25_04.00.00.jpg,2015-12-25T04:00:00Z,,,,,skipped_existing,destination JPEG already exists
2015/12/25/HMI.m2015.12.25_22.00.00.jpg,2015-12-25T22:00:00Z,,,,,skipped_existing,destination JPEG already exists
2015/12/26/HMI.m2015.12.26_05.00.00.jpg,2015-12-26T05:00:00Z,,,,,skipped_existing,destination JPEG already exists
2015/12/26/HMI.m2015.12.26_06.00.00.jpg,2015-12-26T06:00:00Z,,,,,skipped_existing,destination JPEG already exists
2015/12/26/HMI.m2015.12.26_20.00.00.jpg,2015-12-26T20:00:00Z,,,,,skipped_existing,destination JPEG already exists
2015/12/27/HMI.m2015.12.27_15.00.00.jpg,2015-12-27T15:00:00Z,,,,,skipped_existing,destination JPEG already exists
2015/12/27/HMI.m2015.12.27_16.00.00.jpg,2015-12-27T16:00:00Z,,,,,skipped_existing,destination JPEG already exists
2015/12/28/HMI.m2015.12.28_06.00.00.jpg,2015-12-28T06:00:00Z,,,,,skipped_existing,destination JPEG already exists
2015/12/28/HMI.m2015.12.28_07.00.00.jpg,2015-12-28T07:00:00Z,,,,,skipped_existing,destination JPEG already exists
2015/12/28/HMI.m2015.12.28_10.00.00.jpg,2015-12-28T10:00:00Z,,,,,skipped_existing,destination JPEG already exists
2015/12/29/HMI.m2015.12.29_02.00.00.jpg,2015-12-29T02:00:00Z,,,,,skipped_existing,destination JPEG already exists
2015/12/29/HMI.m2015.12.29_20.00.00.jpg,2015-12-29T20:00:00Z,,,,,skipped_existing,destination JPEG already exists
2015/12/30/HMI.m2015.12.30_07.00.00.jpg,2015-12-30T07:00:00Z,,,,,skipped_existing,destination JPEG already exists
2015/12/31/HMI.m2015.12.31_04.00.00.jpg,2015-12-31T04:00:00Z,,,,,skipped_existing,destination JPEG already exists
2016/01/01/HMI.m2016.01.01_00.00.00.jpg,2016-01-01T00:00:00Z,,,,,skipped_existing,destination JPEG already exists
2016/01/01/HMI.m2016.01.01_05.00.00.jpg,2016-01-01T05:00:00Z,,,,,skipped_existing,destination JPEG already exists
2016/01/01/HMI.m2016.01.01_08.00.00.jpg,2016-01-01T08:00:00Z,,,,,skipped_existing,destination JPEG already exists
2016/01/01/HMI.m2016.01.01_09.00.00.jpg,2016-01-01T09:00:00Z,,,,,skipped_existing,destination JPEG already exists
2016/01/01/HMI.m2016.01.01_11.00.00.jpg,2016-01-01T11:00:00Z,,,,,skipped_existing,destination JPEG already exists
2016/01/01/HMI.m2016.01.01_12.00.00.jpg,2016-01-01T12:00:00Z,,,,,skipped_existing,destination JPEG already exists
2016/01/01/HMI.m2016.01.01_13.00.00.jpg,2016-01-01T13:00:00Z,,,,,skipped_existing,destination JPEG already exists
2016/01/01/HMI.m2016.01.01_18.00.00.jpg,2016-01-01T18:00:00Z,,,,,skipped_existing,destination JPEG already exists
2016/01/01/HMI.m2016.01.01_23.00.00.jpg,2016-01-01T23:00:00Z,,,,,skipped_existing,destination JPEG already exists
2016/01/03/HMI.m2016.01.03_10.00.00.jpg,2016-01-03T10:00:00Z,,,,,skipped_existing,destination JPEG already exists
2016/01/04/HMI.m2016.01.04_04.00.00.jpg,2016-01-04T04:00:00Z,,,,,skipped_existing,destination JPEG already exists
2016/01/06/HMI.m2016.01.06_00.00.00.jpg,2016-01-06T00:00:00Z,,,,,skipped_existing,destination JPEG already exists
2016/01/06/HMI.m2016.01.06_23.00.00.jpg,2016-01-06T23:00:00Z,,,,,skipped_existing,destination JPEG already exists
2016/01/07/HMI.m2016.01.07_09.00.00.jpg,2016-01-07T09:00:00Z,,,,,skipped_existing,destination JPEG already exists
2016/01/07/HMI.m2016.01.07_22.00.00.jpg,2016-01-07T22:00:00Z,,,,,skipped_existing,destination JPEG already exists
2016/01/08/HMI.m2016.01.08_20.00.00.jpg,2016-01-08T20:00:00Z,,,,,skipped_existing,destination JPEG already exists
2016/01/11/HMI.m2016.01.11_01.00.00.jpg,2016-01-11T01:00:00Z,,,,,skipped_existing,destination JPEG already exists
2016/01/12/HMI.m2016.01.12_13.00.00.jpg,2016-01-12T13:00:00Z,,,,,skipped_existing,destination JPEG already exists
2016/01/12/HMI.m2016.01.12_21.00.00.jpg,2016-01-12T21:00:00Z,,,,,skipped_existing,destination JPEG already exists
2016/01/15/HMI.m2016.01.15_12.00.00.jpg,2016-01-15T12:00:00Z,,,,,skipped_existing,destination JPEG already exists
2016/01/15/HMI.m2016.01.15_22.00.00.jpg,2016-01-15T22:00:00Z,,,,,skipped_existing,destination JPEG already exists
2016/01/17/HMI.m2016.01.17_23.00.00.jpg,2016-01-17T23:00:00Z,,,,,skipped_existing,destination JPEG already exists
2016/01/18/HMI.m2016.01.18_20.00.00.jpg,2016-01-18T20:00:00Z,,,,,skipped_existing,destination JPEG already exists
2016/01/19/HMI.m2016.01.19_01.00.00.jpg,2016-01-19T01:00:00Z,,,,,skipped_existing,destination JPEG already exists
2016/01/20/HMI.m2016.01.20_00.00.00.jpg,2016-01-20T00:00:00Z,,,,,skipped_existing,destination JPEG already exists
2016/01/22/HMI.m2016.01.22_00.00.00.jpg,2016-01-22T00:00:00Z,,,,,skipped_existing,destination JPEG already exists
2016/01/25/HMI.m2016.01.25_14.00.00.jpg,2016-01-25T14:00:00Z,,,,,skipped_existing,destination JPEG already exists
2016/01/25/HMI.m2016.01.25_15.00.00.jpg,2016-01-25T15:00:00Z,,,,,skipped_existing,destination JPEG already exists
2016/01/26/HMI.m2016.01.26_17.00.00.jpg,2016-01-26T17:00:00Z,,,,,skipped_existing,destination JPEG already exists
2016/01/28/HMI.m2016.01.28_13.00.00.jpg,2016-01-28T13:00:00Z,,,,,skipped_existing,destination JPEG already exists
2016/01/30/HMI.m2016.01.30_17.00.00.jpg,2016-01-30T17:00:00Z,,,,,skipped_existing,destination JPEG already exists
2016/01/31/HMI.m2016.01.31_00.00.00.jpg,2016-01-31T00:00:00Z,,,,,skipped_existing,destination JPEG already exists
2016/01/31/HMI.m2016.01.31_03.00.00.jpg,2016-01-31T03:00:00Z,,,,,skipped_existing,destination JPEG already exists
2016/01/31/HMI.m2016.01.31_04.00.00.jpg,2016-01-31T04:00:00Z,,,,,skipped_existing,destination JPEG already exists
2016/02/01/HMI.m2016.02.01_13.00.00.jpg,2016-02-01T13:00:00Z,,,,,skipped_existing,destination JPEG already exists
2016/02/01/HMI.m2016.02.01_21.00.00.jpg,2016-02-01T21:00:00Z,,,,,skipped_existing,destination JPEG already exists
2016/02/02/HMI.m2016.02.02_02.00.00.jpg,2016-02-02T02:00:00Z,,,,,skipped_existing,destination JPEG already exists
2016/02/05/HMI.m2016.02.05_20.00.00.jpg,2016-02-05T20:00:00Z,,,,,skipped_existing,destination JPEG already exists
2016/02/07/HMI.m2016.02.07_10.00.00.jpg,2016-02-07T10:00:00Z,,,,,skipped_existing,destination JPEG already exists
2016/02/08/HMI.m2016.02.08_13.00.00.jpg,2016-02-08T13:00:00Z,,,,,skipped_existing,destination JPEG already exists
2016/02/11/HMI.m2016.02.11_10.00.00.jpg,2016-02-11T10:00:00Z,,,,,skipped_existing,destination JPEG already exists
2016/02/11/HMI.m2016.02.11_12.00.00.jpg,2016-02-11T12:00:00Z,,,,,skipped_existing,destination JPEG already exists
2016/02/11/HMI.m2016.02.11_15.00.00.jpg,2016-02-11T15:00:00Z,,,,,skipped_existing,destination JPEG already exists
2016/02/11/HMI.m2016.02.11_21.00.00.jpg,2016-02-11T21:00:00Z,,,,,skipped_existing,destination JPEG already exists
2016/02/11/HMI.m2016.02.11_22.00.00.jpg,2016-02-11T22:00:00Z,,,,,skipped_existing,destination JPEG already exists
2016/02/12/HMI.m2016.02.12_00.00.00.jpg,2016-02-12T00:00:00Z,,,,,skipped_existing,destination JPEG already exists
2016/02/12/HMI.m2016.02.12_03.00.00.jpg,2016-02-12T03:00:00Z,,,,,skipped_existing,destination JPEG already exists
2016/02/12/HMI.m2016.02.12_10.00.00.jpg,2016-02-12T10:00:00Z,,,,,skipped_existing,destination JPEG already exists
2016/02/12/HMI.m2016.02.12_17.00.00.jpg,2016-02-12T17:00:00Z,,,,,skipped_existing,destination JPEG already exists
2016/02/12/HMI.m2016.02.12_18.00.00.jpg,2016-02-12T18:00:00Z,,,,,skipped_existing,destination JPEG already exists
2016/02/12/HMI.m2016.02.12_19.00.00.jpg,2016-02-12T19:00:00Z,,,,,skipped_existing,destination JPEG already exists
2016/02/12/HMI.m2016.02.12_20.00.00.jpg,2016-02-12T20:00:00Z,,,,,skipped_existing,destination JPEG already exists
2016/02/12/HMI.m2016.02.12_22.00.00.jpg,2016-02-12T22:00:00Z,,,,,skipped_existing,destination JPEG already exists
2016/02/13/HMI.m2016.02.13_05.00.00.jpg,2016-02-13T05:00:00Z,,,,,skipped_existing,destination JPEG already exists
2016/02/13/HMI.m2016.02.13_07.00.00.jpg,2016-02-13T07:00:00Z,,,,,skipped_existing,destination JPEG already exists
2016/02/13/HMI.m2016.02.13_08.00.00.jpg,2016-02-13T08:00:00Z,,,,,skipped_existing,destination JPEG already exists
2016/02/13/HMI.m2016.02.13_11.00.00.jpg,2016-02-13T11:00:00Z,,,,,skipped_existing,destination JPEG already exists
2016/02/13/HMI.m2016.02.13_15.00.00.jpg,2016-02-13T15:00:00Z,,,,,skipped_existing,destination JPEG already exists
2016/02/13/HMI.m2016.02.13_20.00.00.jpg,2016-02-13T20:00:00Z,,,,,skipped_existing,destination JPEG already exists
2016/02/13/HMI.m2016.02.13_21.00.00.jpg,2016-02-13T21:00:00Z,,,,,skipped_existing,destination JPEG already exists
2016/02/14/HMI.m2016.02.14_02.00.00.jpg,2016-02-14T02:00:00Z,,,,,skipped_existing,destination JPEG already exists
2016/02/14/HMI.m2016.02.14_06.00.00.jpg,2016-02-14T06:00:00Z,,,,,skipped_existing,destination JPEG already exists
2016/02/14/HMI.m2016.02.14_09.00.00.jpg,2016-02-14T09:00:00Z,,,,,skipped_existing,destination JPEG already exists
2016/02/14/HMI.m2016.02.14_15.00.00.jpg,2016-02-14T15:00:00Z,,,,,skipped_existing,destination JPEG already exists
2016/02/14/HMI.m2016.02.14_18.00.00.jpg,2016-02-14T18:00:00Z,,,,,skipped_existing,destination JPEG already exists
2016/02/14/HMI.m2016.02.14_19.00.00.jpg,2016-02-14T19:00:00Z,,,,,skipped_existing,destination JPEG already exists
2016/02/14/HMI.m2016.02.14_21.00.00.jpg,2016-02-14T21:00:00Z,,,,,skipped_existing,destination JPEG already exists
2016/02/15/HMI.m2016.02.15_01.00.00.jpg,2016-02-15T01:00:00Z,,,,,skipped_existing,destination JPEG already exists
2016/02/15/HMI.m2016.02.15_03.00.00.jpg,2016-02-15T03:00:00Z,,,,,skipped_existing,destination JPEG already exists
2016/02/15/HMI.m2016.02.15_04.00.00.jpg,2016-02-15T04:00:00Z,,,,,skipped_existing,destination JPEG already exists
2016/02/15/HMI.m2016.02.15_05.00.00.jpg,2016-02-15T05:00:00Z,,,,,skipped_existing,destination JPEG already exists
2016/02/15/HMI.m2016.02.15_06.00.00.jpg,2016-02-15T06:00:00Z,,,,,skipped_existing,destination JPEG already exists
2016/02/15/HMI.m2016.02.15_07.00.00.jpg,2016-02-15T07:00:00Z,,,,,skipped_existing,destination JPEG already exists
2016/02/15/HMI.m2016.02.15_19.00.00.jpg,2016-02-15T19:00:00Z,,,,,skipped_existing,destination JPEG already exists
2016/02/16/HMI.m2016.02.16_14.00.00.jpg,2016-02-16T14:00:00Z,,,,,skipped_existing,destination JPEG already exists
2016/02/18/HMI.m2016.02.18_02.00.00.jpg,2016-02-18T02:00:00Z,,,,,skipped_existing,destination JPEG already exists
2016/02/18/HMI.m2016.02.18_19.00.00.jpg,2016-02-18T19:00:00Z,,,,,skipped_existing,destination JPEG already exists
2016/02/19/HMI.m2016.02.19_01.00.00.jpg,2016-02-19T01:00:00Z,,,,,skipped_existing,destination JPEG already exists
2016/02/19/HMI.m2016.02.19_16.00.00.jpg,2016-02-19T16:00:00Z,,,,,skipped_existing,destination JPEG already exists
2016/02/19/HMI.m2016.02.19_19.00.00.jpg,2016-02-19T19:00:00Z,,,,,skipped_existing,destination JPEG already exists
2016/02/20/HMI.m2016.02.20_03.00.00.jpg,2016-02-20T03:00:00Z,,,,,skipped_existing,destination JPEG already exists
2016/02/20/HMI.m2016.02.20_12.00.00.jpg,2016-02-20T12:00:00Z,,,,,skipped_existing,destination JPEG already exists
2016/02/21/HMI.m2016.02.21_15.00.00.jpg,2016-02-21T15:00:00Z,,,,,skipped_existing,destination JPEG already exists
2016/02/21/HMI.m2016.02.21_19.00.00.jpg,2016-02-21T19:00:00Z,,,,,skipped_existing,destination JPEG already exists
2016/02/22/HMI.m2016.02.22_05.00.00.jpg,2016-02-22T05:00:00Z,,,,,skipped_existing,destination JPEG already exists
2016/02/22/HMI.m2016.02.22_09.00.00.jpg,2016-02-22T09:00:00Z,,,,,skipped_existing,destination JPEG already exists
2016/02/22/HMI.m2016.02.22_14.00.00.jpg,2016-02-22T14:00:00Z,,,,,skipped_existing,destination JPEG already exists
2016/02/23/HMI.m2016.02.23_16.00.00.jpg,2016-02-23T16:00:00Z,,,,,skipped_existing,destination JPEG already exists
2016/02/24/HMI.m2016.02.24_12.00.00.jpg,2016-02-24T12:00:00Z,,,,,skipped_existing,destination JPEG already exists
2016/02/28/HMI.m2016.02.28_23.00.00.jpg,2016-02-28T23:00:00Z,,,,,skipped_existing,destination JPEG already exists
2016/03/02/HMI.m2016.03.02_17.00.00.jpg,2016-03-02T17:00:00Z,,,,,skipped_existing,destination JPEG already exists
2016/03/02/HMI.m2016.03.02_20.00.00.jpg,2016-03-02T20:00:00Z,,,,,skipped_existing,destination JPEG already exists
2016/03/04/HMI.m2016.03.04_00.00.00.jpg,2016-03-04T00:00:00Z,,,,,skipped_existing,destination JPEG already exists
2016/03/04/HMI.m2016.03.04_20.00.00.jpg,2016-03-04T20:00:00Z,,,,,skipped_existing,destination JPEG already exists
2016/03/05/HMI.m2016.03.05_03.00.00.jpg,2016-03-05T03:00:00Z,,,,,skipped_existing,destination JPEG already exists
2016/03/05/HMI.m2016.03.05_06.00.00.jpg,2016-03-05T06:00:00Z,,,,,skipped_existing,destination JPEG already exists
2016/03/05/HMI.m2016.03.05_13.00.00.jpg,2016-03-05T13:00:00Z,,,,,skipped_existing,destination JPEG already exists
2016/03/06/HMI.m2016.03.06_14.00.00.jpg,2016-03-06T14:00:00Z,,,,,skipped_existing,destination JPEG already exists
2016/03/08/HMI.m2016.03.08_20.00.00.jpg,2016-03-08T20:00:00Z,,,,,skipped_existing,destination JPEG already exists
2016/03/10/HMI.m2016.03.10_17.00.00.jpg,2016-03-10T17:00:00Z,,,,,skipped_existing,destination JPEG already exists
2016/03/11/HMI.m2016.03.11_06.00.00.jpg,2016-03-11T06:00:00Z,,,,,skipped_existing,destination JPEG already exists
2016/03/13/HMI.m2016.03.13_14.00.00.jpg,2016-03-13T14:00:00Z,,,,,skipped_existing,destination JPEG already exists
2016/03/13/HMI.m2016.03.13_16.00.00.jpg,2016-03-13T16:00:00Z,,,,,skipped_existing,destination JPEG already exists
2016/03/14/HMI.m2016.03.14_02.00.00.jpg,2016-03-14T02:00:00Z,,,,,skipped_existing,destination JPEG already exists
2016/03/14/HMI.m2016.03.14_17.00.00.jpg,2016-03-14T17:00:00Z,,,,,skipped_existing,destination JPEG already exists
2016/03/15/HMI.m2016.03.15_15.00.00.jpg,2016-03-15T15:00:00Z,,,,,skipped_existing,destination JPEG already exists
2016/03/15/HMI.m2016.03.15_21.00.00.jpg,2016-03-15T21:00:00Z,,,,,skipped_existing,destination JPEG already exists
2016/03/16/HMI.m2016.03.16_22.00.00.jpg,2016-03-16T22:00:00Z,,,,,skipped_existing,destination JPEG already exists
2016/03/17/HMI.m2016.03.17_19.00.00.jpg,2016-03-17T19:00:00Z,,,,,skipped_existing,destination JPEG already exists
2016/03/22/HMI.m2016.03.22_18.00.00.jpg,2016-03-22T18:00:00Z,,,,,skipped_existing,destination JPEG already exists
2016/03/24/HMI.m2016.03.24_18.00.00.jpg,2016-03-24T18:00:00Z,,,,,skipped_existing,destination JPEG already exists
2016/03/25/HMI.m2016.03.25_04.00.00.jpg,2016-03-25T04:00:00Z,,,,,skipped_existing,destination JPEG already exists
2016/03/25/HMI.m2016.03.25_12.00.00.jpg,2016-03-25T12:00:00Z,,,,,skipped_existing,destination JPEG already exists
2016/03/26/HMI.m2016.03.26_11.00.00.jpg,2016-03-26T11:00:00Z,,,,,skipped_existing,destination JPEG already exists
2016/03/28/HMI.m2016.03.28_20.00.00.jpg,2016-03-28T20:00:00Z,,,,,skipped_existing,destination JPEG already exists
2016/03/30/HMI.m2016.03.30_15.00.00.jpg,2016-03-30T15:00:00Z,,,,,skipped_existing,destination JPEG already exists
2016/03/30/HMI.m2016.03.30_19.00.00.jpg,2016-03-30T19:00:00Z,,,,,skipped_existing,destination JPEG already exists
2016/04/01/HMI.m2016.04.01_04.00.00.jpg,2016-04-01T04:00:00Z,,,,,skipped_existing,destination JPEG already exists
2016/04/01/HMI.m2016.04.01_10.00.00.jpg,2016-04-01T10:00:00Z,,,,,skipped_existing,destination JPEG already exists
2016/04/01/HMI.m2016.04.01_14.00.00.jpg,2016-04-01T14:00:00Z,,,,,skipped_existing,destination JPEG already exists
2016/04/02/HMI.m2016.04.02_06.00.00.jpg,2016-04-02T06:00:00Z,,,,,skipped_existing,destination JPEG already exists
2016/04/03/HMI.m2016.04.03_21.00.00.jpg,2016-04-03T21:00:00Z,,,,,skipped_existing,destination JPEG already exists
2016/04/04/HMI.m2016.04.04_05.00.00.jpg,2016-04-04T05:00:00Z,,,,,skipped_existing,destination JPEG already exists
2016/04/04/HMI.m2016.04.04_23.00.00.jpg,2016-04-04T23:00:00Z,,,,,skipped_existing,destination JPEG already exists
2016/04/05/HMI.m2016.04.05_10.00.00.jpg,2016-04-05T10:00:00Z,,,,,skipped_existing,destination JPEG already exists
2016/04/06/HMI.m2016.04.06_16.00.00.jpg,2016-04-06T16:00:00Z,,,,,skipped_existing,destination JPEG already exists
2016/04/07/HMI.m2016.04.07_08.00.00.jpg,2016-04-07T08:00:00Z,,,,,skipped_existing,destination JPEG already exists
2016/04/08/HMI.m2016.04.08_01.00.00.jpg,2016-04-08T01:00:00Z,,,,,skipped_existing,destination JPEG already exists
2016/04/08/HMI.m2016.04.08_12.00.00.jpg,2016-04-08T12:00:00Z,,,,,skipped_existing,destination JPEG already exists
2016/04/10/HMI.m2016.04.10_14.00.00.jpg,2016-04-10T14:00:00Z,,,,,skipped_existing,destination JPEG already exists
2016/04/11/HMI.m2016.04.11_02.00.00.jpg,2016-04-11T02:00:00Z,,,,,skipped_existing,destination JPEG already exists
2016/04/11/HMI.m2016.04.11_04.00.00.jpg,2016-04-11T04:00:00Z,,,,,skipped_existing,destination JPEG already exists
2016/04/11/HMI.m2016.04.11_06.00.00.jpg,2016-04-11T06:00:00Z,,,,,skipped_existing,destination JPEG already exists
2016/04/11/HMI.m2016.04.11_20.00.00.jpg,2016-04-11T20:00:00Z,,,,,skipped_existing,destination JPEG already exists
2016/04/12/HMI.m2016.04.12_10.00.00.jpg,2016-04-12T10:00:00Z,,,,,skipped_existing,destination JPEG already exists
2016/04/13/HMI.m2016.04.13_02.00.00.jpg,2016-04-13T02:00:00Z,,,,,skipped_existing,destination JPEG already exists
2016/04/14/HMI.m2016.04.14_08.00.00.jpg,2016-04-14T08:00:00Z,,,,,skipped_existing,destination JPEG already exists
2016/04/15/HMI.m2016.04.15_08.00.00.jpg,2016-04-15T08:00:00Z,,,,,skipped_existing,destination JPEG already exists
2016/04/15/HMI.m2016.04.15_16.00.00.jpg,2016-04-15T16:00:00Z,,,,,skipped_existing,destination JPEG already exists
2016/04/16/HMI.m2016.04.16_04.00.00.jpg,2016-04-16T04:00:00Z,,,,,skipped_existing,destination JPEG already exists
2016/04/16/HMI.m2016.04.16_05.00.00.jpg,2016-04-16T05:00:00Z,,,,,skipped_existing,destination JPEG already exists
2016/04/16/HMI.m2016.04.16_15.00.00.jpg,2016-04-16T15:00:00Z,,,,,skipped_existing,destination JPEG already exists
2016/04/17/HMI.m2016.04.17_07.00.00.jpg,2016-04-17T07:00:00Z,,,,,skipped_existing,destination JPEG already exists
2016/04/17/HMI.m2016.04.17_10.00.00.jpg,2016-04-17T10:00:00Z,,,,,skipped_existing,destination JPEG already exists
2016/04/17/HMI.m2016.04.17_14.00.00.jpg,2016-04-17T14:00:00Z,,,,,skipped_existing,destination JPEG already exists
2016/04/17/HMI.m2016.04.17_20.00.00.jpg,2016-04-17T20:00:00Z,,,,,skipped_existing,destination JPEG already exists
2016/04/17/HMI.m2016.04.17_22.00.00.jpg,2016-04-17T22:00:00Z,,,,,skipped_existing,destination JPEG already exists
2016/04/17/HMI.m2016.04.17_23.00.00.jpg,2016-04-17T23:00:00Z,,,,,skipped_existing,destination JPEG already exists
2016/04/19/HMI.m2016.04.19_23.00.00.jpg,2016-04-19T23:00:00Z,,,,,skipped_existing,destination JPEG already exists
2016/04/20/HMI.m2016.04.20_14.00.00.jpg,2016-04-20T14:00:00Z,,,,,skipped_existing,destination JPEG already exists
2016/04/21/HMI.m2016.04.21_17.00.00.jpg,2016-04-21T17:00:00Z,,,,,skipped_existing,destination JPEG already exists
2016/04/21/HMI.m2016.04.21_22.00.00.jpg,2016-04-21T22:00:00Z,,,,,skipped_existing,destination JPEG already exists
2016/04/23/HMI.m2016.04.23_23.00.00.jpg,2016-04-23T23:00:00Z,,,,,skipped_existing,destination JPEG already exists
2016/04/24/HMI.m2016.04.24_11.00.00.jpg,2016-04-24T11:00:00Z,,,,,skipped_existing,destination JPEG already exists
2016/04/26/HMI.m2016.04.26_00.00.00.jpg,2016-04-26T00:00:00Z,,,,,skipped_existing,destination JPEG already exists
2016/04/26/HMI.m2016.04.26_13.00.00.jpg,2016-04-26T13:00:00Z,,,,,skipped_existing,destination JPEG already exists
2016/04/27/HMI.m2016.04.27_12.00.00.jpg,2016-04-27T12:00:00Z,,,,,skipped_existing,destination JPEG already exists
2016/04/28/HMI.m2016.04.28_04.00.00.jpg,2016-04-28T04:00:00Z,,,,,skipped_existing,destination JPEG already exists
2016/04/29/HMI.m2016.04.29_05.00.00.jpg,2016-04-29T05:00:00Z,,,,,skipped_existing,destination JPEG already exists
2016/04/29/HMI.m2016.04.29_06.00.00.jpg,2016-04-29T06:00:00Z,,,,,skipped_existing,destination JPEG already exists
2016/04/29/HMI.m2016.04.29_23.00.00.jpg,2016-04-29T23:00:00Z,,,,,skipped_existing,destination JPEG already exists
2016/05/03/HMI.m2016.05.03_08.00.00.jpg,2016-05-03T08:00:00Z,,,,,skipped_existing,destination JPEG already exists
2016/05/03/HMI.m2016.05.03_09.00.00.jpg,2016-05-03T09:00:00Z,,,,,skipped_existing,destination JPEG already exists
2016/05/04/HMI.m2016.05.04_19.00.00.jpg,2016-05-04T19:00:00Z,,,,,skipped_existing,destination JPEG already exists
2016/05/05/HMI.m2016.05.05_19.00.00.jpg,2016-05-05T19:00:00Z,,,,,skipped_existing,destination JPEG already exists
2016/05/08/HMI.m2016.05.08_01.00.00.jpg,2016-05-08T01:00:00Z,,,,,skipped_existing,destination JPEG already exists
2016/05/08/HMI.m2016.05.08_05.00.00.jpg,2016-05-08T05:00:00Z,,,,,skipped_existing,destination JPEG already exists
2016/05/08/HMI.m2016.05.08_23.00.00.jpg,2016-05-08T23:00:00Z,,,,,skipped_existing,destination JPEG already exists
2016/05/09/HMI.m2016.05.09_14.00.00.jpg,2016-05-09T14:00:00Z,,,,,skipped_existing,destination JPEG already exists
2016/05/11/HMI.m2016.05.11_16.00.00.jpg,2016-05-11T16:00:00Z,,,,,skipped_existing,destination JPEG already exists
2016/05/13/HMI.m2016.05.13_08.00.00.jpg,2016-05-13T08:00:00Z,,,,,skipped_existing,destination JPEG already exists
2016/05/15/HMI.m2016.05.15_16.00.00.jpg,2016-05-15T16:00:00Z,,,,,skipped_existing,destination JPEG already exists
2016/05/15/HMI.m2016.05.15_17.00.00.jpg,2016-05-15T17:00:00Z,,,,,skipped_existing,destination JPEG already exists
2016/05/16/HMI.m2016.05.16_09.00.00.jpg,2016-05-16T09:00:00Z,,,,,skipped_existing,destination JPEG already exists
2016/05/17/HMI.m2016.05.17_14.00.00.jpg,2016-05-17T14:00:00Z,,,,,skipped_existing,destination JPEG already exists
2016/05/20/HMI.m2016.05.20_05.00.00.jpg,2016-05-20T05:00:00Z,,,,,skipped_existing,destination JPEG already exists
2016/05/20/HMI.m2016.05.20_23.00.00.jpg,2016-05-20T23:00:00Z,,,,,skipped_existing,destination JPEG already exists
2016/05/22/HMI.m2016.05.22_07.00.00.jpg,2016-05-22T07:00:00Z,,,,,skipped_existing,destination JPEG already exists
2016/05/23/HMI.m2016.05.23_07.00.00.jpg,2016-05-23T07:00:00Z,,,,,skipped_existing,destination JPEG already exists
2016/05/23/HMI.m2016.05.23_16.00.00.jpg,2016-05-23T16:00:00Z,,,,,skipped_existing,destination JPEG already exists
2016/05/24/HMI.m2016.05.24_06.00.00.jpg,2016-05-24T06:00:00Z,,,,,skipped_existing,destination JPEG already exists
2016/05/29/HMI.m2016.05.29_01.00.00.jpg,2016-05-29T01:00:00Z,,,,,skipped_existing,destination JPEG already exists
2016/05/29/HMI.m2016.05.29_16.00.00.jpg,2016-05-29T16:00:00Z,,,,,skipped_existing,destination JPEG already exists
2016/05/29/HMI.m2016.05.29_20.00.00.jpg,2016-05-29T20:00:00Z,,,,,skipped_existing,destination JPEG already exists
2016/06/01/HMI.m2016.06.01_21.00.00.jpg,2016-06-01T21:00:00Z,,,,,skipped_existing,destination JPEG already exists
2016/06/02/HMI.m2016.06.02_07.00.00.jpg,2016-06-02T07:00:00Z,,,,,skipped_existing,destination JPEG already exists
2016/06/02/HMI.m2016.06.02_22.00.00.jpg,2016-06-02T22:00:00Z,,,,,skipped_existing,destination JPEG already exists
2016/06/03/HMI.m2016.06.03_14.00.00.jpg,2016-06-03T14:00:00Z,,,,,skipped_existing,destination JPEG already exists
2016/06/03/HMI.m2016.06.03_19.00.00.jpg,2016-06-03T19:00:00Z,,,,,skipped_existing,destination JPEG already exists
2016/06/04/HMI.m2016.06.04_09.00.00.jpg,2016-06-04T09:00:00Z,,,,,skipped_existing,destination JPEG already exists
2016/06/05/HMI.m2016.06.05_01.00.00.jpg,2016-06-05T01:00:00Z,,,,,skipped_existing,destination JPEG already exists
2016/06/05/HMI.m2016.06.05_16.00.00.jpg,2016-06-05T16:00:00Z,,,,,skipped_existing,destination JPEG already exists
2016/06/05/HMI.m2016.06.05_18.00.00.jpg,2016-06-05T18:00:00Z,,,,,skipped_existing,destination JPEG already exists
2016/06/06/HMI.m2016.06.06_20.00.00.jpg,2016-06-06T20:00:00Z,,,,,skipped_existing,destination JPEG already exists
2016/06/08/HMI.m2016.06.08_10.00.00.jpg,2016-06-08T10:00:00Z,,,,,skipped_existing,destination JPEG already exists
2016/06/11/HMI.m2016.06.11_19.00.00.jpg,2016-06-11T19:00:00Z,,,,,skipped_existing,destination JPEG already exists
2016/06/12/HMI.m2016.06.12_01.00.00.jpg,2016-06-12T01:00:00Z,,,,,skipped_existing,destination JPEG already exists
2016/06/12/HMI.m2016.06.12_10.00.00.jpg,2016-06-12T10:00:00Z,,,,,skipped_existing,destination JPEG already exists
2016/06/13/HMI.m2016.06.13_10.00.00.jpg,2016-06-13T10:00:00Z,,,,,skipped_existing,destination JPEG already exists
2016/06/13/HMI.m2016.06.13_13.00.00.jpg,2016-06-13T13:00:00Z,,,,,skipped_existing,destination JPEG already exists
2016/06/14/HMI.m2016.06.14_18.00.00.jpg,2016-06-14T18:00:00Z,,,,,skipped_existing,destination JPEG already exists
2016/06/15/HMI.m2016.06.15_10.00.00.jpg,2016-06-15T10:00:00Z,,,,,skipped_existing,destination JPEG already exists
2016/06/17/HMI.m2016.06.17_16.00.00.jpg,2016-06-17T16:00:00Z,,,,,skipped_existing,destination JPEG already exists
2016/06/17/HMI.m2016.06.17_17.00.00.jpg,2016-06-17T17:00:00Z,,,,,skipped_existing,destination JPEG already exists
2016/06/17/HMI.m2016.06.17_21.00.00.jpg,2016-06-17T21:00:00Z,,,,,skipped_existing,destination JPEG already exists
2016/06/19/HMI.m2016.06.19_11.00.00.jpg,2016-06-19T11:00:00Z,,,,,skipped_existing,destination JPEG already exists
2016/06/20/HMI.m2016.06.20_07.00.00.jpg,2016-06-20T07:00:00Z,,,,,skipped_existing,destination JPEG already exists
2016/06/23/HMI.m2016.06.23_21.00.00.jpg,2016-06-23T21:00:00Z,,,,,skipped_existing,destination JPEG already exists
2016/06/26/HMI.m2016.06.26_01.00.00.jpg,2016-06-26T01:00:00Z,,,,,skipped_existing,destination JPEG already exists
2016/06/26/HMI.m2016.06.26_04.00.00.jpg,2016-06-26T04:00:00Z,,,,,skipped_existing,destination JPEG already exists
2016/06/26/HMI.m2016.06.26_09.00.00.jpg,2016-06-26T09:00:00Z,,,,,skipped_existing,destination JPEG already exists
2016/06/26/HMI.m2016.06.26_11.00.00.jpg,2016-06-26T11:00:00Z,,,,,skipped_existing,destination JPEG already exists
2016/06/28/HMI.m2016.06.28_04.00.00.jpg,2016-06-28T04:00:00Z,,,,,skipped_existing,destination JPEG already exists
2016/06/28/HMI.m2016.06.28_18.00.00.jpg,2016-06-28T18:00:00Z,,,,,skipped_existing,destination JPEG already exists
2016/06/29/HMI.m2016.06.29_19.00.00.jpg,2016-06-29T19:00:00Z,,,,,skipped_existing,destination JPEG already exists
2016/06/30/HMI.m2016.06.30_13.00.00.jpg,2016-06-30T13:00:00Z,,,,,skipped_existing,destination JPEG already exists
2016/07/01/HMI.m2016.07.01_00.00.00.jpg,2016-07-01T00:00:00Z,,,,,skipped_existing,destination JPEG already exists
2016/07/02/HMI.m2016.07.02_01.00.00.jpg,2016-07-02T01:00:00Z,,,,,skipped_existing,destination JPEG already exists
2016/07/02/HMI.m2016.07.02_03.00.00.jpg,2016-07-02T03:00:00Z,,,,,skipped_existing,destination JPEG already exists
2016/07/02/HMI.m2016.07.02_23.00.00.jpg,2016-07-02T23:00:00Z,,,,,skipped_existing,destination JPEG already exists
2016/07/03/HMI.m2016.07.03_07.00.00.jpg,2016-07-03T07:00:00Z,,,,,skipped_existing,destination JPEG already exists
2016/07/03/HMI.m2016.07.03_14.00.00.jpg,2016-07-03T14:00:00Z,,,,,skipped_existing,destination JPEG already exists
2016/07/03/HMI.m2016.07.03_21.00.00.jpg,2016-07-03T21:00:00Z,,,,,skipped_existing,destination JPEG already exists
2016/07/05/HMI.m2016.07.05_08.00.00.jpg,2016-07-05T08:00:00Z,,,,,skipped_existing,destination JPEG already exists
2016/07/06/HMI.m2016.07.06_22.00.00.jpg,2016-07-06T22:00:00Z,,,,,skipped_existing,destination JPEG already exists
2016/07/08/HMI.m2016.07.08_08.00.00.jpg,2016-07-08T08:00:00Z,,,,,skipped_existing,destination JPEG already exists
2016/07/08/HMI.m2016.07.08_09.00.00.jpg,2016-07-08T09:00:00Z,,,,,skipped_existing,destination JPEG already exists
2016/07/08/HMI.m2016.07.08_11.00.00.jpg,2016-07-08T11:00:00Z,,,,,skipped_existing,destination JPEG already exists
2016/07/09/HMI.m2016.07.09_09.00.00.jpg,2016-07-09T09:00:00Z,,,,,skipped_existing,destination JPEG already exists
2016/07/09/HMI.m2016.07.09_17.00.00.jpg,2016-07-09T17:00:00Z,,,,,skipped_existing,destination JPEG already exists
2016/07/10/HMI.m2016.07.10_03.00.00.jpg,2016-07-10T03:00:00Z,,,,,skipped_existing,destination JPEG already exists
2016/07/10/HMI.m2016.07.10_09.00.00.jpg,2016-07-10T09:00:00Z,,,,,skipped_existing,destination JPEG already exists
2016/07/11/HMI.m2016.07.11_01.00.00.jpg,2016-07-11T01:00:00Z,,,,,skipped_existing,destination JPEG already exists
2016/07/12/HMI.m2016.07.12_09.00.00.jpg,2016-07-12T09:00:00Z,,,,,skipped_existing,destination JPEG already exists
2016/07/12/HMI.m2016.07.12_19.00.00.jpg,2016-07-12T19:00:00Z,,,,,skipped_existing,destination JPEG already exists
2016/07/13/HMI.m2016.07.13_10.00.00.jpg,2016-07-13T10:00:00Z,,,,,skipped_existing,destination JPEG already exists
2016/07/13/HMI.m2016.07.13_11.00.00.jpg,2016-07-13T11:00:00Z,,,,,skipped_existing,destination JPEG already exists
2016/07/14/HMI.m2016.07.14_16.00.00.jpg,2016-07-14T16:00:00Z,,,,,skipped_existing,destination JPEG already exists
2016/07/14/HMI.m2016.07.14_19.00.00.jpg,2016-07-14T19:00:00Z,,,,,skipped_existing,destination JPEG already exists
2016/07/14/HMI.m2016.07.14_20.00.00.jpg,2016-07-14T20:00:00Z,,,,,skipped_existing,destination JPEG already exists
2016/07/15/HMI.m2016.07.15_01.00.00.jpg,2016-07-15T01:00:00Z,,,,,skipped_existing,destination JPEG already exists
2016/07/15/HMI.m2016.07.15_08.00.00.jpg,2016-07-15T08:00:00Z,,,,,skipped_existing,destination JPEG already exists
2016/07/15/HMI.m2016.07.15_10.00.00.jpg,2016-07-15T10:00:00Z,,,,,skipped_existing,destination JPEG already exists
2016/07/15/HMI.m2016.07.15_12.00.00.jpg,2016-07-15T12:00:00Z,,,,,skipped_existing,destination JPEG already exists
2016/07/16/HMI.m2016.07.16_07.00.00.jpg,2016-07-16T07:00:00Z,,,,,skipped_existing,destination JPEG already exists
2016/07/17/HMI.m2016.07.17_12.00.00.jpg,2016-07-17T12:00:00Z,,,,,skipped_existing,destination JPEG already exists
2016/07/18/HMI.m2016.07.18_04.00.00.jpg,2016-07-18T04:00:00Z,,,,,skipped_existing,destination JPEG already exists
2016/07/19/HMI.m2016.07.19_15.00.00.jpg,2016-07-19T15:00:00Z,,,,,skipped_existing,destination JPEG already exists
2016/07/19/HMI.m2016.07.19_22.00.00.jpg,2016-07-19T22:00:00Z,,,,,skipped_existing,destination JPEG already exists
2016/07/20/HMI.m2016.07.20_04.00.00.jpg,2016-07-20T04:00:00Z,,,,,skipped_existing,destination JPEG already exists
2016/07/20/HMI.m2016.07.20_05.00.00.jpg,2016-07-20T05:00:00Z,,,,,skipped_existing,destination JPEG already exists
2016/07/20/HMI.m2016.07.20_08.00.00.jpg,2016-07-20T08:00:00Z,,,,,skipped_existing,destination JPEG already exists
2016/07/20/HMI.m2016.07.20_09.00.00.jpg,2016-07-20T09:00:00Z,,,,,skipped_existing,destination JPEG already exists
2016/07/20/HMI.m2016.07.20_11.00.00.jpg,2016-07-20T11:00:00Z,,,,,skipped_existing,destination JPEG already exists
2016/07/20/HMI.m2016.07.20_16.00.00.jpg,2016-07-20T16:00:00Z,,,,,skipped_existing,destination JPEG already exists
2016/07/20/HMI.m2016.07.20_23.00.00.jpg,2016-07-20T23:00:00Z,,,,,skipped_existing,destination JPEG already exists
2016/07/21/HMI.m2016.07.21_02.00.00.jpg,2016-07-21T02:00:00Z,,,,,skipped_existing,destination JPEG already exists
2016/07/21/HMI.m2016.07.21_07.00.00.jpg,2016-07-21T07:00:00Z,,,,,skipped_existing,destination JPEG already exists
2016/07/21/HMI.m2016.07.21_23.00.00.jpg,2016-07-21T23:00:00Z,,,,,skipped_existing,destination JPEG already exists
2016/07/22/HMI.m2016.07.22_04.00.00.jpg,2016-07-22T04:00:00Z,,,,,skipped_existing,destination JPEG already exists
2016/07/22/HMI.m2016.07.22_05.00.00.jpg,2016-07-22T05:00:00Z,,,,,skipped_existing,destination JPEG already exists
2016/07/22/HMI.m2016.07.22_07.00.00.jpg,2016-07-22T07:00:00Z,,,,,skipped_existing,destination JPEG already exists
2016/07/22/HMI.m2016.07.22_10.00.00.jpg,2016-07-22T10:00:00Z,,,,,skipped_existing,destination JPEG already exists
2016/07/22/HMI.m2016.07.22_11.00.00.jpg,2016-07-22T11:00:00Z,,,,,skipped_existing,destination JPEG already exists
2016/07/22/HMI.m2016.07.22_13.00.00.jpg,2016-07-22T13:00:00Z,,,,,skipped_existing,destination JPEG already exists
2016/07/22/HMI.m2016.07.22_17.00.00.jpg,2016-07-22T17:00:00Z,,,,,skipped_existing,destination JPEG already exists
2016/07/22/HMI.m2016.07.22_19.00.00.jpg,2016-07-22T19:00:00Z,,,,,skipped_existing,destination JPEG already exists
2016/07/22/HMI.m2016.07.22_21.00.00.jpg,2016-07-22T21:00:00Z,,,,,skipped_existing,destination JPEG already exists
2016/07/23/HMI.m2016.07.23_01.00.00.jpg,2016-07-23T01:00:00Z,,,,,skipped_existing,destination JPEG already exists
2016/07/23/HMI.m2016.07.23_05.00.00.jpg,2016-07-23T05:00:00Z,,,,,skipped_existing,destination JPEG already exists
2016/07/23/HMI.m2016.07.23_07.00.00.jpg,2016-07-23T07:00:00Z,,,,,skipped_existing,destination JPEG already exists
2016/07/23/HMI.m2016.07.23_09.00.00.jpg,2016-07-23T09:00:00Z,,,,,skipped_existing,destination JPEG already exists
2016/07/23/HMI.m2016.07.23_10.00.00.jpg,2016-07-23T10:00:00Z,,,,,skipped_existing,destination JPEG already exists
2016/07/23/HMI.m2016.07.23_19.00.00.jpg,2016-07-23T19:00:00Z,,,,,skipped_existing,destination JPEG already exists
2016/07/23/HMI.m2016.07.23_21.00.00.jpg,2016-07-23T21:00:00Z,,,,,skipped_existing,destination JPEG already exists
2016/07/23/HMI.m2016.07.23_23.00.00.jpg,2016-07-23T23:00:00Z,,,,,skipped_existing,destination JPEG already exists
2016/07/24/HMI.m2016.07.24_00.00.00.jpg,2016-07-24T00:00:00Z,,,,,skipped_existing,destination JPEG already exists
2016/07/24/HMI.m2016.07.24_05.00.00.jpg,2016-07-24T05:00:00Z,,,,,skipped_existing,destination JPEG already exists
2016/07/24/HMI.m2016.07.24_08.00.00.jpg,2016-07-24T08:00:00Z,,,,,skipped_existing,destination JPEG already exists
2016/07/24/HMI.m2016.07.24_09.00.00.jpg,2016-07-24T09:00:00Z,,,,,skipped_existing,destination JPEG already exists
2016/07/24/HMI.m2016.07.24_15.00.00.jpg,2016-07-24T15:00:00Z,,,,,skipped_existing,destination JPEG already exists
2016/07/26/HMI.m2016.07.26_11.00.00.jpg,2016-07-26T11:00:00Z,,,,,skipped_existing,destination JPEG already exists
2016/07/27/HMI.m2016.07.27_18.00.00.jpg,2016-07-27T18:00:00Z,,,,,skipped_existing,destination JPEG already exists
2016/07/28/HMI.m2016.07.28_05.00.00.jpg,2016-07-28T05:00:00Z,,,,,skipped_existing,destination JPEG already exists
2016/07/28/HMI.m2016.07.28_06.00.00.jpg,2016-07-28T06:00:00Z,,,,,skipped_existing,destination JPEG already exists
2016/07/29/HMI.m2016.07.29_23.00.00.jpg,2016-07-29T23:00:00Z,,,,,skipped_existing,destination JPEG already exists
2016/07/31/HMI.m2016.07.31_06.00.00.jpg,2016-07-31T06:00:00Z,,,,,skipped_existing,destination JPEG already exists
2016/08/01/HMI.m2016.08.01_08.00.00.jpg,2016-08-01T08:00:00Z,,,,,skipped_existing,destination JPEG already exists
2016/08/13/HMI.m2016.08.13_21.00.00.jpg,2016-08-13T21:00:00Z,,,,,skipped_existing,destination JPEG already exists
2016/08/15/HMI.m2016.08.15_02.00.00.jpg,2016-08-15T02:00:00Z,,,,,skipped_existing,destination JPEG already exists
2016/08/16/HMI.m2016.08.16_04.00.00.jpg,2016-08-16T04:00:00Z,,,,,skipped_existing,destination JPEG already exists
2016/08/17/HMI.m2016.08.17_16.00.00.jpg,2016-08-17T16:00:00Z,,,,,skipped_existing,destination JPEG already exists
2016/08/19/HMI.m2016.08.19_03.00.00.jpg,2016-08-19T03:00:00Z,,,,,skipped_existing,destination JPEG already exists
2016/08/19/HMI.m2016.08.19_07.00.00.jpg,2016-08-19T07:00:00Z,,,,,skipped_existing,destination JPEG already exists
2016/08/19/HMI.m2016.08.19_19.00.00.jpg,2016-08-19T19:00:00Z,,,,,skipped_existing,destination JPEG already exists
2016/08/19/HMI.m2016.08.19_20.00.00.jpg,2016-08-19T20:00:00Z,,,,,skipped_existing,destination JPEG already exists
2016/08/22/HMI.m2016.08.22_22.00.00.jpg,2016-08-22T22:00:00Z,,,,,skipped_existing,destination JPEG already exists
2016/08/23/HMI.m2016.08.23_08.00.00.jpg,2016-08-23T08:00:00Z,,,,,skipped_existing,destination JPEG already exists
2016/08/24/HMI.m2016.08.24_06.00.00.jpg,2016-08-24T06:00:00Z,2016-08-23 23:59:52Z,21608,104902366,,skipped_unavailable,Closest HMI observation is 21608s from 2016-08-24T06:00:00Z
2016/08/24/HMI.m2016.08.24_20.00.00.jpg,2016-08-24T20:00:00Z,2016-08-25 00:00:37Z,14437,104904070,,skipped_unavailable,Closest HMI observation is 14437s from 2016-08-24T20:00:00Z
2016/08/25/HMI.m2016.08.25_03.00.00.jpg,2016-08-25T03:00:00Z,,,,,skipped_existing,destination JPEG already exists
2016/08/26/HMI.m2016.08.26_04.00.00.jpg,2016-08-26T04:00:00Z,,,,,skipped_existing,destination JPEG already exists
2016/08/26/HMI.m2016.08.26_20.00.00.jpg,2016-08-26T20:00:00Z,,,,,skipped_existing,destination JPEG already exists
2016/08/28/HMI.m2016.08.28_21.00.00.jpg,2016-08-28T21:00:00Z,,,,,skipped_existing,destination JPEG already exists
2016/08/28/HMI.m2016.08.28_23.00.00.jpg,2016-08-28T23:00:00Z,,,,,skipped_existing,destination JPEG already exists
2016/08/29/HMI.m2016.08.29_16.00.00.jpg,2016-08-29T16:00:00Z,,,,,skipped_existing,destination JPEG already exists
2016/08/30/HMI.m2016.08.30_10.00.00.jpg,2016-08-30T10:00:00Z,,,,,skipped_existing,destination JPEG already exists
2016/08/31/HMI.m2016.08.31_21.00.00.jpg,2016-08-31T21:00:00Z,,,,,skipped_existing,destination JPEG already exists
2016/09/01/HMI.m2016.09.01_16.00.00.jpg,2016-09-01T16:00:00Z,,,,,skipped_existing,destination JPEG already exists
2016/09/02/HMI.m2016.09.02_15.00.00.jpg,2016-09-02T15:00:00Z,2016-09-03 00:00:36Z,32436,104928368,,skipped_unavailable,Closest HMI observation is 32436s from 2016-09-02T15:00:00Z
2016/09/03/HMI.m2016.09.03_17.00.00.jpg,2016-09-03T17:00:00Z,2016-09-03 16:59:51Z,9,104929263,b6678441bdd057594b042a29983bce76a7ad64a355cdc8e0d2e538220a4a8073,downloaded,
2016/09/04/HMI.m2016.09.04_20.00.00.jpg,2016-09-04T20:00:00Z,2016-09-04 20:05:06Z,306,104932521,da94adf01bb065b859ab453f0dcd808c0a61e3c5f4daace463f57fa6189dd3df,downloaded,
2016/09/05/HMI.m2016.09.05_06.00.00.jpg,2016-09-05T06:00:00Z,2016-09-05 05:59:51Z,9,104934456,417cc2e6e7efad063fb84776fb3797340803d7eae1bb4e05eb642a374738f055,downloaded,
2016/09/06/HMI.m2016.09.06_08.00.00.jpg,2016-09-06T08:00:00Z,2016-09-05 23:59:51Z,28809,104935159,,skipped_unavailable,Closest HMI observation is 28809s from 2016-09-06T08:00:00Z
2016/09/06/HMI.m2016.09.06_17.00.00.jpg,2016-09-06T17:00:00Z,2016-09-07 00:00:35Z,25235,104936477,,skipped_unavailable,Closest HMI observation is 25235s from 2016-09-06T17:00:00Z
2016/09/06/HMI.m2016.09.06_21.00.00.jpg,2016-09-06T21:00:00Z,2016-09-07 00:00:35Z,10835,104936477,,skipped_unavailable,Closest HMI observation is 10835s from 2016-09-06T21:00:00Z
2016/09/07/HMI.m2016.09.07_20.00.00.jpg,2016-09-07T20:00:00Z,2016-09-07 19:59:50Z,10,104937478,83815737837fd2f71193f6c2edcc04be4097902ed12f7e560187f83c2fb509e8,downloaded,
2016/09/09/HMI.m2016.09.09_03.00.00.jpg,2016-09-09T03:00:00Z,2016-09-09 02:59:50Z,10,104943641,3466efc369d2ab5e7a6c86ffd973c2b655be28e0058580a471f0ebaf0a754684,downloaded,
2016/09/09/HMI.m2016.09.09_14.00.00.jpg,2016-09-09T14:00:00Z,2016-09-09 13:58:20Z,100,104943110,b64f4c236c1aeeea320087520aa636982eb2cc203161b0a30c363f22f7da8ca7,downloaded,
2016/09/10/HMI.m2016.09.10_21.00.00.jpg,2016-09-10T21:00:00Z,2016-09-10 20:59:50Z,10,104945721,9dfca203a4c797ea98b2640a9aa5d6e29b79bb0a6e3612b31aebf47554aa53a4,downloaded,
2016/09/10/HMI.m2016.09.10_23.00.00.jpg,2016-09-10T23:00:00Z,2016-09-10 22:59:50Z,10,104945641,2776b0871375a6ee3345bf7b35aac2bc600a6e1a8da7d3777d2a3ce983ee4bf6,downloaded,
2016/09/11/HMI.m2016.09.11_11.00.00.jpg,2016-09-11T11:00:00Z,2016-09-11 10:59:50Z,10,104949518,d4a89181bb75d1cf6c3639bd298c858014ad741c1bccbfd2c4e56f56bae82964,downloaded,
2016/09/12/HMI.m2016.09.12_18.00.00.jpg,2016-09-12T18:00:00Z,2016-09-12 17:59:50Z,10,104952849,bc7180a082b2b901e8bbbfd9da507165ad4b34bae31766d9121666e1c78c771f,downloaded,
2016/09/13/HMI.m2016.09.13_07.00.00.jpg,2016-09-13T07:00:00Z,2016-09-13 06:59:50Z,10,104955551,4b2ea2e2c59c9af077e77869cb13cee8e242992736711b1d8ac621591dc831c2,downloaded,
2016/09/14/HMI.m2016.09.14_15.00.00.jpg,2016-09-14T15:00:00Z,2016-09-14 14:58:19Z,101,104959431,7220a8d97fdcd1362e454c88983148d2fc45bd5a97099ec3515366acd05ad9c8,downloaded,
2016/09/14/HMI.m2016.09.14_17.00.00.jpg,2016-09-14T17:00:00Z,2016-09-14 16:59:49Z,11,104959544,386632c3081735dc18d21dc899da3cedda3ac023f588da5118192573e3fca468,downloaded,
2016/09/14/HMI.m2016.09.14_21.00.00.jpg,2016-09-14T21:00:00Z,2016-09-14 20:59:49Z,11,104959783,3ef0bb7c85fb9afdfca9f46fae1569bcfae6420836865b8ab7a30c98492c2d73,downloaded,
2016/09/18/HMI.m2016.09.18_04.00.00.jpg,2016-09-18T04:00:00Z,2016-09-18 03:59:49Z,11,104972252,885754182d763e30f82fb04f40d990bd4ea4d8841db8b97d56abde61b048a4f4,downloaded,
2016/09/18/HMI.m2016.09.18_07.00.00.jpg,2016-09-18T07:00:00Z,2016-09-18 06:59:49Z,11,104972414,3aaa79acf4e696b52c36653dc6d8679fd3994f725c5c56eeabdeffc9b88c8228,downloaded,
2016/09/19/HMI.m2016.09.19_03.00.00.jpg,2016-09-19T03:00:00Z,2016-09-19 02:58:19Z,101,104975555,31bbedc883793c8a2fbaa557b8051d0e4c647a17e684183e72911a58de307411,downloaded,
2016/09/19/HMI.m2016.09.19_12.00.00.jpg,2016-09-19T12:00:00Z,2016-09-19 11:59:49Z,11,104976080,c408dafa850ddb0f56c4561374fc2e9e640026edf9c10b74807ee51ba6c608ed,downloaded,
2016/09/22/HMI.m2016.09.22_00.00.00.jpg,2016-09-22T00:00:00Z,2016-09-21 23:59:48Z,12,104983579,733295fee10facef872611d1ca77458802e95cdd725a185efe110dc062d20dff,downloaded,
2016/09/22/HMI.m2016.09.22_06.00.00.jpg,2016-09-22T06:00:00Z,2016-09-22 05:59:48Z,12,104985711,7ef601e0caa64cb675bcd2ecb6dfa98ac8130e01f60d144640509d32c60fb25c,downloaded,
2016/09/22/HMI.m2016.09.22_14.00.00.jpg,2016-09-22T14:00:00Z,2016-09-22 13:58:18Z,102,104986225,61f69d32e543cd35666500c8c6d9b06bda6b11125bffa96cff69c09dffc189d9,downloaded,
2016/09/25/HMI.m2016.09.25_19.00.00.jpg,2016-09-25T19:00:00Z,2016-09-25 18:58:18Z,102,104996496,a8560be71da6dd5dae07553ff64dbcf0bcbe13112106023c0bc91cab050cfaed,downloaded,
2016/09/27/HMI.m2016.09.27_22.00.00.jpg,2016-09-27T22:00:00Z,2016-09-28 00:05:03Z,7503,105002022,,skipped_unavailable,Closest HMI observation is 7503s from 2016-09-27T22:00:00Z
2016/09/29/HMI.m2016.09.29_01.00.00.jpg,2016-09-29T01:00:00Z,2016-09-29 00:59:47Z,13,105005357,1e60ce3f4c09cac0a31791d615e5632eefc4669628b27b7fe6a49b70d673393f,downloaded,
2016/09/29/HMI.m2016.09.29_16.00.00.jpg,2016-09-29T16:00:00Z,2016-09-29 16:05:02Z,302,105006251,800495378ec9be3f9794bdf612f2b0420575fac7c3c4d54bc1468fe52ba58503,downloaded,
2016/09/29/HMI.m2016.09.29_19.00.00.jpg,2016-09-29T19:00:00Z,2016-09-29 18:59:47Z,13,105006413,fa7281b30c7abef8580651790d1db7e2902000e63189e576d26f731dcd45a2e3,downloaded,
2016/09/30/HMI.m2016.09.30_01.00.00.jpg,2016-09-30T01:00:00Z,2016-09-30 00:59:47Z,13,105008698,1bba4ba9846017e2b403c5650c6aa59d5fc0c20aa4ca5612e1b8b08b4753fab2,downloaded,
2016/09/30/HMI.m2016.09.30_02.00.00.jpg,2016-09-30T02:00:00Z,2016-09-30 01:59:47Z,13,105008770,ccdb2f0eb83da860614c8437a5b9cedbe5b27b3dd3bcb4b9ea326df4886fd802,downloaded,
2016/10/01/HMI.m2016.10.01_02.00.00.jpg,2016-10-01T02:00:00Z,2016-10-01 01:59:47Z,13,105012137,a4532d4dc45133674f61814fa82c9d186123e1996f4380277720b9cc86eb20f3,downloaded,
2016/10/02/HMI.m2016.10.02_23.00.00.jpg,2016-10-02T23:00:00Z,2016-10-02 22:59:47Z,13,105016762,413a6ee8db2f14df8005553c5e247b1f7a67641deb6604d0babb115b276eedda,downloaded,
2016/10/03/HMI.m2016.10.03_13.00.00.jpg,2016-10-03T13:00:00Z,2016-10-03 12:58:17Z,103,105019501,d80d8d4b069eedbda29261b0cd7ea573c5bec96facf0f3d97d0bec1d912b2965,downloaded,
2016/10/04/HMI.m2016.10.04_03.00.00.jpg,2016-10-04T03:00:00Z,2016-10-04 02:59:47Z,13,105022266,3b56bab8e9c5e34e8a63164d5789fc154442f24abbf137a1e4ed4345cb45fea6,downloaded,
2016/10/06/HMI.m2016.10.06_01.00.00.jpg,2016-10-06T01:00:00Z,2016-10-06 00:59:46Z,14,105028799,c99da24f313863ebdbd695b07d7c8799784360aa7e14b07bf184e78f5e39bcf0,downloaded,
2016/10/06/HMI.m2016.10.06_06.00.00.jpg,2016-10-06T06:00:00Z,2016-10-06 05:58:17Z,103,105029105,611328b17195594bbab0bfd9fc8dd335094e8bb0f27996cc2aeb13b6a11274dc,downloaded,
2016/10/09/HMI.m2016.10.09_17.00.00.jpg,2016-10-09T17:00:00Z,2016-10-09 16:59:46Z,14,105040788,ea525d30761d6bc9e6e9c44266cc022eae6e3ded13c0940dca32df7c0d3ab7b5,downloaded,
2016/10/09/HMI.m2016.10.09_20.00.00.jpg,2016-10-09T20:00:00Z,2016-10-09 20:05:01Z,301,105040989,b7fd292b20f6563d1c694708478cc2bdf95e1adaa40c1fd9dfda5a23261244a7,downloaded,
2016/10/12/HMI.m2016.10.12_17.00.00.jpg,2016-10-12T17:00:00Z,2016-10-12 16:59:45Z,15,105051070,309b07c29d26c05b1cac241d86d30e95e749fa54541cc6f7f4321f38eab15a11,downloaded,
2016/10/14/HMI.m2016.10.14_01.00.00.jpg,2016-10-14T01:00:00Z,2016-10-14 00:59:45Z,15,105058085,6187e58227c5175c6977823eaea715ea67e828d6314c8b584599ffc0f7d4cc05,downloaded,
2016/10/14/HMI.m2016.10.14_14.00.00.jpg,2016-10-14T14:00:00Z,2016-10-14 13:59:45Z,15,105057350,7e68ff49b9613a25d38d135af850111f3a7c3d30ced0119073340c4cea03e214,downloaded,
2016/10/14/HMI.m2016.10.14_19.00.00.jpg,2016-10-14T19:00:00Z,2016-10-14 18:59:45Z,15,105057023,9ccdda41e4848d2482cfb7b83e731952c8dc572d1913a783155056650925e74f,downloaded,
2016/10/15/HMI.m2016.10.15_05.00.00.jpg,2016-10-15T05:00:00Z,2016-10-15 04:58:15Z,105,105061297,955d0e35ab65f0d23a1525c4fcaaabc47de2dc025d7dfbbb1d67479d1c42e1a6,downloaded,
2016/10/18/HMI.m2016.10.18_10.00.00.jpg,2016-10-18T10:00:00Z,2016-10-18 10:05:00Z,300,105070908,7e123420124aa1574e5d4ed3d8fc47ba41603bbe687458b028cf6b439279cb7b,downloaded,
2016/10/18/HMI.m2016.10.18_11.00.00.jpg,2016-10-18T11:00:00Z,2016-10-18 10:59:45Z,15,105070946,36933cb3b6f7f2c6ce0ab1ad0906147334def42bb97cf4f31f4e5cfddc534362,downloaded,
2016/10/19/HMI.m2016.10.19_07.00.00.jpg,2016-10-19T07:00:00Z,2016-10-19 06:58:15Z,105,105073694,acddf85770a3a8349d5c99372f6bd3fd7b5e756384ddf89965108efd179e0b18,downloaded,
2016/10/20/HMI.m2016.10.20_15.00.00.jpg,2016-10-20T15:00:00Z,2016-10-20 14:59:44Z,16,105076707,f252547426d3d25ac5254fe8ee686e262c6290d07a0d34d80d752a66c6f62fd1,downloaded,
2016/10/20/HMI.m2016.10.20_18.00.00.jpg,2016-10-20T18:00:00Z,2016-10-20 17:59:44Z,16,105076507,e78022baab55665eeb9162091f9db85442734c4a9236d476e4e33d639bba7e91,downloaded,
2016/10/21/HMI.m2016.10.21_00.00.00.jpg,2016-10-21T00:00:00Z,2016-10-20 23:59:44Z,16,105077763,52c4cc12ab84e44e0b691cb9768d8ff45438add90d9655c5c62a75cc6822ebbb,downloaded,
2016/10/21/HMI.m2016.10.21_14.00.00.jpg,2016-10-21T14:00:00Z,2016-10-21 13:59:44Z,16,105080561,ce45fbdc702e6bb16feb20efcf4881320d907addf7243d0f37e928fa2499c514,downloaded,
2016/10/22/HMI.m2016.10.22_19.00.00.jpg,2016-10-22T19:00:00Z,2016-10-22 18:59:44Z,16,105084230,0bfdf0b2014d39c531960ff3a44c1c7e0d2da541dec8c564d7696938369f4a5d,downloaded,
2016/10/22/HMI.m2016.10.22_21.00.00.jpg,2016-10-22T21:00:00Z,2016-10-22 20:58:14Z,106,105084352,bacf0359f1008bc8768b6bf06149e8a8dfdb1599fd17bcb9ca45b8c617b530df,downloaded,
2016/10/23/HMI.m2016.10.23_01.00.00.jpg,2016-10-23T01:00:00Z,2016-10-23 00:59:44Z,16,105086539,4ea45202dc96c29ceb4426477ffa35a31c1a235eb0189409b6daeb2dd5cead1e,downloaded,
2016/10/23/HMI.m2016.10.23_12.00.00.jpg,2016-10-23T12:00:00Z,2016-10-23 11:59:44Z,16,105087158,1c98111419d84e8709ae375fbb9548c4e4493502034f7b35c1a788257b2ab529,downloaded,
2016/10/24/HMI.m2016.10.24_01.00.00.jpg,2016-10-24T01:00:00Z,2016-10-24 00:58:14Z,106,105089819,4505d76e1b41718092216545bd2757a0d089c89630296b5576a1bdcfe2205c17,downloaded,
2016/10/24/HMI.m2016.10.24_21.00.00.jpg,2016-10-24T21:00:00Z,2016-10-24 20:52:14Z,466,105090490,fa1313b0e062d6530136b7192535b8e59d8227417549f1e7bfe2f7ce8af04cdc,downloaded,
2016/10/25/HMI.m2016.10.25_01.00.00.jpg,2016-10-25T01:00:00Z,2016-10-25 00:59:44Z,16,105093624,d7ac16711d679fc240cca8b44be72134429a0ecf36794c81617878f03fe29c4f,downloaded,
2016/10/25/HMI.m2016.10.25_11.00.00.jpg,2016-10-25T11:00:00Z,2016-10-25 10:58:14Z,106,105093026,aeebb08566fbcfb5b382ac12ca471366d4f13f32476ed78617cd0a2722d70390,downloaded,
2016/10/27/HMI.m2016.10.27_18.00.00.jpg,2016-10-27T18:00:00Z,2016-10-27 17:59:43Z,17,105100052,4a85d7c99c591289421792be207720cd715c7eecd5f11cb69d54776466750e92,downloaded,
2016/10/29/HMI.m2016.10.29_13.00.00.jpg,2016-10-29T13:00:00Z,2016-10-29 12:59:43Z,17,105106277,09149be362293f54f545908957c058e7e8d1ea412d807f2ef0c1a4313103330c,downloaded,
2016/10/29/HMI.m2016.10.29_16.00.00.jpg,2016-10-29T16:00:00Z,2016-10-29 15:59:43Z,17,105106436,03a27f4d61ac70edad6104df757ba04b9a9d2f86497ab175990fdfb35dcda696,downloaded,
2016/10/30/HMI.m2016.10.30_18.00.00.jpg,2016-10-30T18:00:00Z,2016-10-30 17:59:43Z,17,105109843,27adc2de9e26aa13943e4e2d28830bb2a4535603f3ff35d5821d01b708666be9,downloaded,
2016/10/30/HMI.m2016.10.30_19.00.00.jpg,2016-10-30T19:00:00Z,2016-10-30 18:59:43Z,17,105109891,465235273845ae4e9b9fc241c0f6a3f2a42833e2e6048836eba79eae1ab82f50,downloaded,
2016/10/31/HMI.m2016.10.31_22.00.00.jpg,2016-10-31T22:00:00Z,2016-10-31 21:59:43Z,17,105113468,a7408493d9169d9cca56037ee73ee257aacb35d9cb3e039edd81c8a2c2fee6c8,downloaded,
2016/11/01/HMI.m2016.11.01_05.00.00.jpg,2016-11-01T05:00:00Z,2016-11-01 04:59:43Z,17,105115712,9d7fc66580538653fb13c7522b9309fc429752ada3acb33e530a088605315893,downloaded,
2016/11/01/HMI.m2016.11.01_18.00.00.jpg,2016-11-01T18:00:00Z,2016-11-01 17:58:13Z,107,105116588,3ad88fdd1f833f475a43586b342a5f8ae964ac4401175ad4dd9720f4c84463ee,downloaded,
2016/11/02/HMI.m2016.11.02_05.00.00.jpg,2016-11-02T05:00:00Z,2016-11-02 05:04:58Z,298,105119104,027bbf865a880acacc6c75a413eabb985186f519af12da4be61714188b4840ce,downloaded,
2016/11/02/HMI.m2016.11.02_08.00.00.jpg,2016-11-02T08:00:00Z,2016-11-02 07:59:43Z,17,105119239,e2f9f284fe4458f7a0585cf662e0322d0b0b5519671ae78197f6613b32c465d2,downloaded,
2016/11/02/HMI.m2016.11.02_11.00.00.jpg,2016-11-02T11:00:00Z,2016-11-02 10:59:43Z,17,105119439,cf63a76e238294442f1cc5ed6d60bd8803b90a00302bc69d0dee8e8ffc66a65d,downloaded,
2016/11/02/HMI.m2016.11.02_18.00.00.jpg,2016-11-02T18:00:00Z,2016-11-02 17:59:42Z,18,105119871,6f12514cb34628a07bf29ad8a9f0d161ae00d2e13a0f7c8c88b51d96fb28d7e9,downloaded,
2016/11/03/HMI.m2016.11.03_05.00.00.jpg,2016-11-03T05:00:00Z,2016-11-03 04:58:13Z,107,105122415,31a733bcb25b579cccec84700d9211e7a2058cf07a8c4d9597c5f2a4e7dbbf65,downloaded,
2016/11/04/HMI.m2016.11.04_00.00.00.jpg,2016-11-04T00:00:00Z,2016-11-03 23:59:42Z,18,105123502,f5238f2c01bbb841a89caca25a8b222a724ddcdbe4362b7ed9568b1fbcb16da4,downloaded,
2016/11/05/HMI.m2016.11.05_08.00.00.jpg,2016-11-05T08:00:00Z,2016-11-05 07:59:42Z,18,105129524,105abcfbda63e5407fddd81f635aad2e916ae820282d4f889fc7e05b5dfa79ee,downloaded,
2016/11/05/HMI.m2016.11.05_15.00.00.jpg,2016-11-05T15:00:00Z,2016-11-05 14:59:42Z,18,105129150,a05cd88345457988276c829563b5c1d106e3d87b63eef71037a18cee8efc4f8e,downloaded,
2016/11/06/HMI.m2016.11.06_14.00.00.jpg,2016-11-06T14:00:00Z,2016-11-06 13:59:42Z,18,105132614,041e9a839e4ee2612b7e2b2ee535e6d86bf007b45c34e0ccecb59d24b222f785,downloaded,
2016/11/06/HMI.m2016.11.06_18.00.00.jpg,2016-11-06T18:00:00Z,2016-11-06 17:59:42Z,18,105132374,900c37e0ca69e81ae5a004d8c3e81dbc737104c74bd40d9ca0c213c249ecba4b,downloaded,
2016/11/07/HMI.m2016.11.07_21.00.00.jpg,2016-11-07T21:00:00Z,2016-11-07 20:59:42Z,18,105136545,b25329b1459db17ffdbd1e170a6e4655e7cc29bc62ca1347626f21e61414f44b,downloaded,
2016/11/08/HMI.m2016.11.08_08.00.00.jpg,2016-11-08T08:00:00Z,2016-11-08 07:59:42Z,18,105139232,1c2115d7ebb022241edb36122ee1d85f9a055cdb61d7975264860b7f1e74641c,downloaded,
2016/11/08/HMI.m2016.11.08_14.00.00.jpg,2016-11-08T14:00:00Z,2016-11-08 13:59:42Z,18,105139685,3596a64be0e83099410cb143d455d3e4100584ced85afdfc6d8766dbdb9a55da,downloaded,
2016/11/11/HMI.m2016.11.11_03.00.00.jpg,2016-11-11T03:00:00Z,2016-11-11 02:59:42Z,18,105149856,45a87ee0b5be49a49d900a1cfcad282be0d0021e14d61e1eaa9e00ab2e4c63f6,downloaded,
2016/11/11/HMI.m2016.11.11_04.00.00.jpg,2016-11-11T04:00:00Z,2016-11-11 03:59:42Z,18,105149936,a70f11b24a7d1cd9d6ba6a9431f8f0bce9eb9fdd53c3aa68279c9241db426286,downloaded,
2016/11/11/HMI.m2016.11.11_18.00.00.jpg,2016-11-11T18:00:00Z,2016-11-11 17:59:41Z,19,105150913,98caed858deed06dee9cbefa79b02bf19a9cd140b2eec91d222c6aa25e4ba3f5,downloaded,
2016/11/12/HMI.m2016.11.12_12.00.00.jpg,2016-11-12T12:00:00Z,2016-11-12 11:59:41Z,19,105154262,4c14bacea1913c685b2ce14a5cf968365a1f01e4e91814171e0b19468e98c03a,downloaded,
2016/11/14/HMI.m2016.11.14_16.00.00.jpg,2016-11-14T16:00:00Z,2016-11-14 15:59:41Z,19,105162186,1a77087d34c4ecfa1780562c8d0c25c767bceb23c7b4ebe1fb0436dfe35842f8,downloaded,
2016/11/16/HMI.m2016.11.16_05.00.00.jpg,2016-11-16T05:00:00Z,2016-11-16 04:59:41Z,19,105168854,f35df84273fa3139d2303b67d43af2ba2a7f1c2ee6f39d467537848c93acc756,downloaded,
2016/11/17/HMI.m2016.11.17_12.00.00.jpg,2016-11-17T12:00:00Z,2016-11-17 11:59:41Z,19,105173221,9c16959236efa0ef973e90d8d04cabb1437dcd3155b535b71196e5d917cc4fc1,downloaded,
2016/11/18/HMI.m2016.11.18_10.00.00.jpg,2016-11-18T10:00:00Z,2016-11-18 09:59:41Z,19,105176893,4d8be4f454637183fab5f46a6e2b7abd66e75a816b5f165666f641bcb74f0127,downloaded,
2016/11/18/HMI.m2016.11.18_19.00.00.jpg,2016-11-18T19:00:00Z,2016-11-18 18:59:41Z,19,105177612,c140b8af0995c386dff3604f279e19302dc5c9f67bc6eb42ab17ab1c5440de1c,downloaded,
2016/11/20/HMI.m2016.11.20_04.00.00.jpg,2016-11-20T04:00:00Z,2016-11-20 03:59:41Z,19,105184079,54f03db2404c199a05ed35981c5e554b8b612649f0192f2b5d0c08f7ee9ed3b6,downloaded,
2016/11/23/HMI.m2016.11.23_16.00.00.jpg,2016-11-23T16:00:00Z,2016-11-23 15:59:40Z,20,105196447,f16399bd5f630e1299dc96c6585c703ab6c8f1b36e884c3002de36f41c3dd813,downloaded,
2016/11/24/HMI.m2016.11.24_00.00.00.jpg,2016-11-24T00:00:00Z,2016-11-23 23:59:40Z,20,105197088,363eaa10fb0bc77bbf2a404977e23e88c97be1a92132f08b7b605150b3d8b88c,downloaded,
2016/11/27/HMI.m2016.11.27_06.00.00.jpg,2016-11-27T06:00:00Z,2016-11-27 05:59:40Z,20,105210951,94be68a5891355754004b0172cbeb62956f6489832a7e1fab54418559fe3c640,downloaded,
2016/11/28/HMI.m2016.11.28_09.00.00.jpg,2016-11-28T09:00:00Z,2016-11-28 08:59:40Z,20,105215037,9009f201fed70bf8b4b1ac1b4d1699a37f0ba779aa0ed5c86406bb7853bbca1a,downloaded,
2016/11/28/HMI.m2016.11.28_13.00.00.jpg,2016-11-28T13:00:00Z,2016-11-28 12:59:40Z,20,105215358,372e2bf8718bec574a5cd7784d0a669f000636f7c0dbea7c762a724d4f4ff5b1,downloaded,
2016/11/28/HMI.m2016.11.28_20.00.00.jpg,2016-11-28T20:00:00Z,2016-11-28 19:59:40Z,20,105216094,10fdf880eed62f34c9d64ba88264c3e13cbb502017ebac67ff0f915eca4d5a22,downloaded,
2016/11/28/HMI.m2016.11.28_21.00.00.jpg,2016-11-28T21:00:00Z,2016-11-28 20:59:40Z,20,105216014,55b0ee1fe8d5d3dece71c3d7a9a6c0be24c45c8765ca19061e6737f93027a0cf,downloaded,
2016/11/29/HMI.m2016.11.29_00.00.00.jpg,2016-11-29T00:00:00Z,2016-11-28 23:59:40Z,20,105216232,6e0fd843f4cee9b91647bfb31af7be24fc3a1e5ac4ba1cd817fe26c568b6375f,downloaded,
2016/11/29/HMI.m2016.11.29_03.00.00.jpg,2016-11-29T03:00:00Z,2016-11-29 02:59:40Z,20,105218378,1c8b194235bdda79e7a15070574b98c9bc8061d00604003bdd2a104473b42f06,downloaded,
2016/11/29/HMI.m2016.11.29_05.00.00.jpg,2016-11-29T05:00:00Z,2016-11-29 04:59:40Z,20,105218538,f0b9f2948d95b4de644011a227de1f79904a91a7bcd48ae28a554d782afdb9e6,downloaded,
2016/11/29/HMI.m2016.11.29_10.00.00.jpg,2016-11-29T10:00:00Z,2016-11-29 09:59:40Z,20,105218936,e0b632bdbb1a2e8badaae015609db9e62390acaafade41abded2638f0cc28471,downloaded,
2016/11/29/HMI.m2016.11.29_13.00.00.jpg,2016-11-29T13:00:00Z,2016-11-29 12:59:40Z,20,105219178,1617fa9bdb6e246c861bb217fbd5f12653ef7681a8885174e761a3105b59ee92,downloaded,
2016/11/29/HMI.m2016.11.29_20.00.00.jpg,2016-11-29T20:00:00Z,2016-11-29 19:59:40Z,20,105219736,d9ad47c61783deadc92f2a2b5117eef065c58377a76d9d0482c0e87de9ff8449,downloaded,
2016/12/01/HMI.m2016.12.01_02.00.00.jpg,2016-12-01T02:00:00Z,2016-12-01 01:59:40Z,20,105225917,1b6e1629004ba9b9cc8689f9ba42dbb65668d8efc6af6a9173f5858ef5e911c8,downloaded,
2016/12/01/HMI.m2016.12.01_17.00.00.jpg,2016-12-01T17:00:00Z,2016-12-01 16:59:39Z,21,105227121,b695368513c6430c6e30296edcf14f45ed476cc3712fa12e5a7ed2f1da56a5a2,downloaded,
2016/12/02/HMI.m2016.12.02_14.00.00.jpg,2016-12-02T14:00:00Z,2016-12-02 13:59:39Z,21,105230193,9b2a91d929e0860738c7f39ba3dfed233409630023f687a283ed8340dafb9cac,downloaded,
2016/12/03/HMI.m2016.12.03_00.00.00.jpg,2016-12-03T00:00:00Z,2016-12-02 23:59:39Z,21,105231507,f6953f2a03ecb0bc48bdfb025807219e76cb6ce9f8d9894d24528850bc36c461,downloaded,
2016/12/03/HMI.m2016.12.03_18.00.00.jpg,2016-12-03T18:00:00Z,2016-12-03 17:59:39Z,21,105234873,19846e6c4d801c43ac0fa4100aba051c6db4c67f2fe3b7bccf79188d26e40378,downloaded,
2016/12/08/HMI.m2016.12.08_01.00.00.jpg,2016-12-08T01:00:00Z,2016-12-08 00:59:39Z,21,105244124,0201028e1003c31cf80ef6adcbc70ac4f85f8bfef4be0c0d6b50adb5ad588cf8,downloaded,
2016/12/08/HMI.m2016.12.08_09.00.00.jpg,2016-12-08T09:00:00Z,2016-12-08 08:59:39Z,21,105244735,0a6450062a0a836d7487ed9a5797fabe85d680390d40e479c52c1532990899dc,downloaded,
2016/12/08/HMI.m2016.12.08_10.00.00.jpg,2016-12-08T10:00:00Z,2016-12-08 09:59:39Z,21,105244822,ccfa099b1b06891d8d9fb98a735537a34a702d41f44670b8cb9131db67c0d862,downloaded,
2016/12/09/HMI.m2016.12.09_01.00.00.jpg,2016-12-09T01:00:00Z,2016-12-09 00:59:39Z,21,105247931,7819e33bb4f65ec25aad4b17644181138a417d0f13b43e91537101c3300c6849,downloaded,
2016/12/09/HMI.m2016.12.09_07.00.00.jpg,2016-12-09T07:00:00Z,2016-12-09 06:59:39Z,21,105248411,3074f93b9d1f3b1acad6ff4b540a3bd90a2714c16c2fdde82f2fe6735ef7112b,downloaded,
2016/12/09/HMI.m2016.12.09_13.00.00.jpg,2016-12-09T13:00:00Z,2016-12-09 12:59:39Z,21,105248892,3510243171f5a83719017c1fb16b9fae689e58fdbac4a1e9cdba9ce4948d5af0,downloaded,
2016/12/10/HMI.m2016.12.10_23.00.00.jpg,2016-12-10T23:00:00Z,2016-12-10 22:59:39Z,21,105253508,b4576ce33cc6fba73996c9f61220b84fcd885d96df6329c73297d4f33fa1a8cb,downloaded,
2016/12/13/HMI.m2016.12.13_05.00.00.jpg,2016-12-13T05:00:00Z,2016-12-13 04:59:39Z,21,105263466,551abb2eab0f921accc4f6de4179327d2b621981b545f584880df785b456b1c8,downloaded,
2016/12/14/HMI.m2016.12.14_21.00.00.jpg,2016-12-14T21:00:00Z,2016-12-14 20:59:39Z,21,105268524,06f7e61fc2431945275abbe64d1b81579a3499feeac8f0d4bd43b8d49e9d3f3b,downloaded,
2016/12/18/HMI.m2016.12.18_16.00.00.jpg,2016-12-18T16:00:00Z,2016-12-18 15:59:38Z,22,105283446,79c7b55d686a44036fd613fc5f1b32c2756592ca67b91280566f597a87ffb114,downloaded,
2016/12/19/HMI.m2016.12.19_15.00.00.jpg,2016-12-19T15:00:00Z,2016-12-19 14:59:38Z,22,105287183,89c507063e53ef4ad63fd425e6ca32057ca5133bcd10c400c136a395ffc1dd12,downloaded,
2016/12/19/HMI.m2016.12.19_23.00.00.jpg,2016-12-19T23:00:00Z,2016-12-19 22:59:38Z,22,105287835,22ea26d49a7ce790d3979b555255e21100c6a2d643dd7ee78808508dd135775c,downloaded,
2016/12/20/HMI.m2016.12.20_23.00.00.jpg,2016-12-20T23:00:00Z,2016-12-20 22:59:38Z,22,105291661,8727e65efca69b5403259fb754f7fccbae723598399176d9429518d95ad6af55,downloaded,
2016/12/21/HMI.m2016.12.21_09.00.00.jpg,2016-12-21T09:00:00Z,2016-12-21 08:59:39Z,21,105294356,666d85f828ea3d01485eb152ea4a5f4ae8ccd9eebdbae8a0dd762f0211bb47f9,downloaded,
2016/12/21/HMI.m2016.12.21_14.00.00.jpg,2016-12-21T14:00:00Z,2016-12-21 13:59:38Z,22,105294756,457f669c3a22124d258c65314eb793a8104cc3b59545164af624076855ec0b27,downloaded,
2016/12/21/HMI.m2016.12.21_17.00.00.jpg,2016-12-21T17:00:00Z,2016-12-21 16:59:38Z,22,105294996,b4dcdbadf2d2b54e0a8cc5ef5e8b71a79c4c3eb16485e4d79b90974c29f67908,downloaded,
2016/12/21/HMI.m2016.12.21_18.00.00.jpg,2016-12-21T18:00:00Z,2016-12-21 17:59:38Z,22,105295068,ee537e0987e300f65244e44379f0e1c9b1c11d7f70cb0604967bdea0609c122c,downloaded,
2016/12/23/HMI.m2016.12.23_11.00.00.jpg,2016-12-23T11:00:00Z,2016-12-23 10:59:38Z,22,105302185,868d57d57ff8e0d1ef7f80543370284decd3e091fe0508616928a7001e78cbf8,downloaded,
2016/12/23/HMI.m2016.12.23_20.00.00.jpg,2016-12-23T20:00:00Z,2016-12-23 19:59:38Z,22,105302913,af78a7c252edf1334b9da0237f9e456d5b68b456d10e305074f779e2f8b8e441,downloaded,
2016/12/24/HMI.m2016.12.24_04.00.00.jpg,2016-12-24T04:00:00Z,2016-12-24 03:59:38Z,22,105305465,6197578e786c6f08951d4b7b397c8680b46196524419cb697eabfe4f2fd5d572,downloaded,
2016/12/28/HMI.m2016.12.28_01.00.00.jpg,2016-12-28T01:00:00Z,2016-12-28 00:59:38Z,22,105320556,92823c82b5a51e0a7a3329e724d5fa4235b61bdd7c2aa8ad45ca094d07ff1668,downloaded,
2016/12/30/HMI.m2016.12.30_12.00.00.jpg,2016-12-30T12:00:00Z,2016-12-30 11:59:38Z,22,105329098,07a1b462c1a9ecca95ca02398d79de0a6cf9172c8af0be39221d45ee16d3c2e0,downloaded,
2016/12/31/HMI.m2016.12.31_20.00.00.jpg,2016-12-31T20:00:00Z,2016-12-31 19:59:38Z,22,105331824,2a082eef3d86c3b2ba6b545e5659017ec0e0cc013f958b9846f05aa7a0e34677,downloaded,
2017/01/03/HMI.m2017.01.03_06.00.00.jpg,2017-01-03T06:00:00Z,2017-01-03 06:00:22Z,22,105341987,81d58eba7d7c81a1062aa8cd6712ce06a92d3389bb7aece7dc4b41ac2f611ebc,downloaded,
2017/01/04/HMI.m2017.01.04_03.00.00.jpg,2017-01-04T03:00:00Z,2017-01-04 03:00:22Z,22,105346984,6563ea02b6dee0dc62fd2ce5cd69cc26fcbc15e6aa5d47bc8627a1d5c49a87f1,downloaded,
2017/01/04/HMI.m2017.01.04_12.00.00.jpg,2017-01-04T12:00:00Z,2017-01-04 12:00:22Z,22,105346264,6ac98f805a5c2996c93e1bcf9447e32d07e5593ecda0dcef8aeae143ed78fa47,downloaded,
2017/01/05/HMI.m2017.01.05_06.00.00.jpg,2017-01-05T06:00:00Z,2017-01-05 06:00:22Z,22,105349609,b5363569ffabdebcc3c9e22e0bb45ad5c7169ecf9f683d6c685319be243bd24b,downloaded,
2017/01/06/HMI.m2017.01.06_05.00.00.jpg,2017-01-06T05:00:00Z,2017-01-06 05:00:22Z,22,105354771,a3a1c53d81972060257286d4063f19c919f412c3624b3eb475a042ca821424f4,downloaded,
2017/01/06/HMI.m2017.01.06_12.00.00.jpg,2017-01-06T12:00:00Z,2017-01-06 12:00:22Z,22,105354211,3e1c36b6897bc96bde0b19f849461749bcd3cd2ee830e62b1119cd8af33c92c1,downloaded,
2017/01/06/HMI.m2017.01.06_13.00.00.jpg,2017-01-06T13:00:00Z,2017-01-06 13:00:22Z,22,105354131,cd0b56befc06ee1d4e3c1ec081758bf5509ab581e1b20f0626b30126ebedc048,downloaded,
2017/01/08/HMI.m2017.01.08_15.00.00.jpg,2017-01-08T15:00:00Z,2017-01-08 15:00:22Z,22,105361904,529e3694d96a3abba1f5939e93bd6cccd61f249da321839968c3b5b254dd3733,downloaded,
2017/01/08/HMI.m2017.01.08_16.00.00.jpg,2017-01-08T16:00:00Z,2017-01-08 16:00:22Z,22,105361824,70cd2111a943a1475a5c65ef5b80908bc7327003f7deb53227eec018e447d329,downloaded,
2017/01/09/HMI.m2017.01.09_10.00.00.jpg,2017-01-09T10:00:00Z,2017-01-09 10:00:22Z,22,105365374,3faf53af6877a859b43d2ffb432a6c1a5db2d53ec9b70fa679bc61232b16bd15,downloaded,
2017/01/09/HMI.m2017.01.09_22.00.00.jpg,2017-01-09T22:00:00Z,2017-01-09 22:00:22Z,22,105366268,ce46c72d4efe54465a7fb85f2a512010b77202a6f3fe481eed6b87d9c074c161,downloaded,
2017/01/10/HMI.m2017.01.10_12.00.00.jpg,2017-01-10T12:00:00Z,2017-01-10 12:00:22Z,22,105369270,86a8bce47f49f9dcec1a7b8bc9eca55f0d60d019fcd28dfe9465480c4f7fe5ed,downloaded,
2017/01/10/HMI.m2017.01.10_16.00.00.jpg,2017-01-10T16:00:00Z,2017-01-10 16:00:22Z,22,105369590,28027d5ca32bbd33bca80905c3b794113d8edf08804c9dc11f882027ba1784a4,downloaded,
2017/01/10/HMI.m2017.01.10_20.00.00.jpg,2017-01-10T20:00:00Z,2017-01-10 20:00:22Z,22,105369918,084639a37938de78cced048d47995c7d3c696cbdbad28d8bc6274044bcec0d28,downloaded,
2017/01/10/HMI.m2017.01.10_22.00.00.jpg,2017-01-10T22:00:00Z,2017-01-10 22:00:22Z,22,105370070,7996af72502e5bbf381cfcd9bc09175c1ae473313fe2fe1a864783d2c3c49721,downloaded,
2017/01/11/HMI.m2017.01.11_06.00.00.jpg,2017-01-11T06:00:00Z,2017-01-11 06:00:22Z,22,105372158,07f104a3906c594993c3e81ae1d559f8e87bd0e65432eb01792de0103030c757,downloaded,
2017/01/12/HMI.m2017.01.12_21.00.00.jpg,2017-01-12T21:00:00Z,2017-01-12 21:00:22Z,22,105376726,af8b0e5d98a307f2c374fc2632459d32f48cfadb1b77c32a3c2bc0818031bf36,downloaded,
2017/01/13/HMI.m2017.01.13_02.00.00.jpg,2017-01-13T02:00:00Z,2017-01-13 02:00:22Z,22,105379022,ad9a01beba593ff867db0f6019244bee9c745fb9c14e5d2c3c287d2c9b5f1484,downloaded,
2017/01/14/HMI.m2017.01.14_16.00.00.jpg,2017-01-14T16:00:00Z,2017-01-14 16:00:22Z,22,105383973,479f4e2b2f1c1af3f0e5d695bb9ce39f0cbafd8387b917ac22e836f9a70d0790,downloaded,
2017/01/15/HMI.m2017.01.15_19.00.00.jpg,2017-01-15T19:00:00Z,2017-01-15 19:00:22Z,22,105387991,9b506f1fd53a606b1c6e73b24a795c0c0b2c0f6f29cf759ddd429478b78dbc1a,downloaded,
2017/01/16/HMI.m2017.01.16_04.00.00.jpg,2017-01-16T04:00:00Z,2017-01-16 04:00:22Z,22,105390632,524b205d2a933d0855cb5bf092918f88d42ba1359586f56f83b23428d0439ad6,downloaded,
2017/01/19/HMI.m2017.01.19_22.00.00.jpg,2017-01-19T22:00:00Z,2017-01-19 22:00:22Z,22,105402770,e917f1eac0195bc052a04fd80a735068d7bf2b0054c4d32d0a5091a9883a3f2b,downloaded,
2017/01/20/HMI.m2017.01.20_05.00.00.jpg,2017-01-20T05:00:00Z,2017-01-20 04:59:38Z,22,105405249,c0915953ea5aa45880df319a894d55a0eb96f14b8cf44e90923e2ee82a0d8b95,downloaded,
2017/01/21/HMI.m2017.01.21_14.00.00.jpg,2017-01-21T14:00:00Z,2017-01-21 13:59:38Z,22,105409808,2cb941bb1f972be9b371667b812307c0754a16686982908b6c112e8a6b22efb3,downloaded,
2017/01/24/HMI.m2017.01.24_21.00.00.jpg,2017-01-24T21:00:00Z,2017-01-24 20:59:38Z,22,105421878,930740c98cdd05ef0be924fa08f7969166e0178658e0c799bc356589e6cb927a,downloaded,
2017/01/25/HMI.m2017.01.25_03.00.00.jpg,2017-01-25T03:00:00Z,2017-01-25 02:59:38Z,22,105423941,de77b8caf53758cab7b1f624ceb7f3aab8145d58d95255b21fe4b0678f7028c5,downloaded,
2017/01/25/HMI.m2017.01.25_09.00.00.jpg,2017-01-25T09:00:00Z,2017-01-25 08:59:38Z,22,105424422,8f73d16e4e0af38dc848ab1d4984a7321d6797b329234df38ec25c558ede671a,downloaded,
2017/01/26/HMI.m2017.01.26_01.00.00.jpg,2017-01-26T01:00:00Z,2017-01-26 00:59:38Z,22,105427453,9da86a96133dca476dd3e63d08635764dae54d561ca9ac6435d6d38cff1ad1d8,downloaded,
2017/01/27/HMI.m2017.01.27_00.00.00.jpg,2017-01-27T00:00:00Z,2017-01-26 23:59:38Z,22,105429196,11ee58c06a381baea433901610755a51175a9e170773548defebad60a8daafbd,downloaded,
2017/01/29/HMI.m2017.01.29_16.00.00.jpg,2017-01-29T16:00:00Z,2017-01-29 15:59:38Z,22,105440052,1a6daa898bf4147487626c06838e981b8fd6a0aa5cf15c31cc2e8914e03d59b8,downloaded,
2017/01/30/HMI.m2017.01.30_04.00.00.jpg,2017-01-30T04:00:00Z,2017-01-30 03:59:38Z,22,105442919,b31246df107ff74ccf9feaa2942aff01e2d8064cbca9284ee7d280ca5797b936,downloaded,
2017/01/30/HMI.m2017.01.30_14.00.00.jpg,2017-01-30T14:00:00Z,2017-01-30 13:59:38Z,22,105443733,f1b09be29b64378d4f96c40f7549498b27c886ba5f389acda5cc58f1287ae624,downloaded,
2017/01/30/HMI.m2017.01.30_22.00.00.jpg,2017-01-30T22:00:00Z,2017-01-30 21:59:38Z,22,105444365,73ae6ba1ef289d068dfb17e5032b4d3d25501688ad9154a509af9f751b167bf2,downloaded,
2017/02/01/HMI.m2017.02.01_10.00.00.jpg,2017-02-01T10:00:00Z,2017-02-01 09:59:38Z,22,105451029,dfea2bc5944ac52fc5cd084ff6d2a837c24fd6e047793d11824035ecfb57b88f,downloaded,
2017/02/01/HMI.m2017.02.01_16.00.00.jpg,2017-02-01T16:00:00Z,2017-02-01 15:59:38Z,22,105451501,ac85e0407010ede5451218f4c2f0cd715109fcb77ae9f9ccf69b8e5c8f3a638a,downloaded,
2017/02/06/HMI.m2017.02.06_05.00.00.jpg,2017-02-06T05:00:00Z,2017-02-06 04:59:39Z,21,105469161,cbd83e36b445550ee6bb3e9d3d378e0f97e0835719bfd1ca4fdc372c17034160,downloaded,
2017/02/09/HMI.m2017.02.09_18.00.00.jpg,2017-02-09T18:00:00Z,2017-02-09 17:59:39Z,21,105481583,70f9eae6ad8eb8846312c80c28dd80e5a3bccbdd42d676e0edff1fbbc48e0edf,downloaded,
2017/02/14/HMI.m2017.02.14_06.00.00.jpg,2017-02-14T06:00:00Z,2017-02-14 05:59:39Z,21,105499522,8999904d63fe93fbeb7090eececb3299f5eb652d52381adc1ad24557ff32c433,downloaded,
2017/02/16/HMI.m2017.02.16_23.00.00.jpg,2017-02-16T23:00:00Z,2017-02-16 22:59:40Z,20,105506470,0fed1e3eedba9f22a56a5f2e6a53338a59f7f056e4c156f381fac43e058f0236,downloaded,
2017/02/19/HMI.m2017.02.19_16.00.00.jpg,2017-02-19T16:00:00Z,2017-02-19 15:59:40Z,20,105518397,91fbb941b2b4508a4034ca4a6689ae58015d88413e870f86d113b4d90af10f03,downloaded,
2017/02/20/HMI.m2017.02.20_03.00.00.jpg,2017-02-20T03:00:00Z,2017-02-20 02:59:40Z,20,105521040,daaace7bafc5e67d5e5a03d11d00a9ae08d2fe7b7f3abee7d221dfa583f50c09,downloaded,
2017/02/20/HMI.m2017.02.20_15.00.00.jpg,2017-02-20T15:00:00Z,2017-02-20 14:59:40Z,20,105521667,8b8985e31f5cb2acbbb2b7bbe3caa39e0d4329f8aba51eaf35755cb10d541fc5,downloaded,
2017/02/21/HMI.m2017.02.21_02.00.00.jpg,2017-02-21T02:00:00Z,2017-02-21 01:59:40Z,20,105524470,7a442d4bd4bd09b1d8eda8f92a385d4f5aa623cba0dac52dec3ef83dbbaf71ec,downloaded,
2017/02/21/HMI.m2017.02.21_12.00.00.jpg,2017-02-21T12:00:00Z,2017-02-21 11:59:40Z,20,105525142,25eb5aae26b5a73b4bb22698b53bd716cde5fa8ad649544f7b7c1652b7e1410e,downloaded,
2017/02/22/HMI.m2017.02.22_03.00.00.jpg,2017-02-22T03:00:00Z,2017-02-22 02:59:40Z,20,105528028,05b1d322937cdaff12b9152da51da472628edf2e0bcd56aedc2f458ed15dd676,downloaded,
2017/02/22/HMI.m2017.02.22_20.00.00.jpg,2017-02-22T20:00:00Z,2017-02-22 19:59:40Z,20,105529262,8e8f0f35a311b2abad3c8cb91857bf174f337661922924a3ecf86d1e68733586,downloaded,
2017/02/23/HMI.m2017.02.23_12.00.00.jpg,2017-02-23T12:00:00Z,2017-02-23 11:59:40Z,20,105532133,9579235d40a467efa2c31fa7370ab646fdd11b70ddd4e8eb9594203357031dec,downloaded,
2017/02/26/HMI.m2017.02.26_12.00.00.jpg,2017-02-26T12:00:00Z,2017-02-26 11:59:41Z,19,105545159,f87e0c542932c29ab0958ac48fac2fb35902dff174a282e7d346e73990893887,downloaded,
2017/02/26/HMI.m2017.02.26_13.00.00.jpg,2017-02-26T13:00:00Z,2017-02-26 12:59:41Z,19,105545079,51b74994ef365f4622467c7edd100a0cad7056d619a0f8a9cd754e7ca9f5422f,downloaded,
2017/02/28/HMI.m2017.02.28_04.00.00.jpg,2017-02-28T04:00:00Z,2017-02-28 03:59:41Z,19,105553069,64503451857d6fa6e946b1c0729f27c0054e1988f29d9707b65c86641ba9d4a0,downloaded,
2017/02/28/HMI.m2017.02.28_16.00.00.jpg,2017-02-28T16:00:00Z,2017-02-28 15:59:41Z,19,105553862,ddd523bb6cde94bfa95f88fd3fe21ad5a4aca4405c4921914c6c681157327424,downloaded,
2017/03/01/HMI.m2017.03.01_09.00.00.jpg,2017-03-01T09:00:00Z,2017-03-01 09:00:26Z,26,105556887,8eb7e57ab40de60d2ec152c51fdbba0df40ddb11e0e5e369ae8aacf1bdc2c2b9,downloaded,
2017/03/02/HMI.m2017.03.02_15.00.00.jpg,2017-03-02T15:00:00Z,2017-03-02 14:59:41Z,19,105560919,f40013c97b97ba6600baeaebb6cdd72f444d0462c35f5b4640197b8fafa78246,downloaded,
2017/03/04/HMI.m2017.03.04_00.00.00.jpg,2017-03-04T00:00:00Z,2017-03-03 23:59:41Z,19,105565198,597863d6178e4d061cb2a1c2bbb9eda9a423994937fe17413bd1f0434e0df9bd,downloaded,
2017/03/04/HMI.m2017.03.04_09.00.00.jpg,2017-03-04T09:00:00Z,2017-03-04 09:00:27Z,27,105567586,a3a834e222973e4661c5e85d5dfa523244d0687a97c445eb977f30443819dbcd,downloaded,
2017/03/04/HMI.m2017.03.04_10.00.00.jpg,2017-03-04T10:00:00Z,2017-03-04 09:59:41Z,19,105567657,ffdcfa545bdd28551acd099536ce7f25429f11d7e950b3f7fc5c08ce574e0407,downloaded,
2017/03/04/HMI.m2017.03.04_22.00.00.jpg,2017-03-04T22:00:00Z,2017-03-04 21:59:41Z,19,105568623,f665e6c098222d93328126f877fb7440699d7a5e1b5bea04c56319742cc0f04a,downloaded,
2017/03/05/HMI.m2017.03.05_00.00.00.jpg,2017-03-05T00:00:00Z,2017-03-04 23:59:41Z,19,105568777,0fa8ffb6b3ac921ad3e775d79c5e4a24cd8dbffbbfa7ec03c2371a051780d82e,downloaded,
2017/03/05/HMI.m2017.03.05_04.00.00.jpg,2017-03-05T04:00:00Z,2017-03-05 03:59:42Z,18,105570868,5cbc16819c40b58d15760029cef1b93aacee428a5c26e085665ef1bb12f06354,downloaded,
2017/03/06/HMI.m2017.03.06_22.00.00.jpg,2017-03-06T22:00:00Z,2017-03-06 21:59:42Z,18,105575854,b84a31598fa5fb4b18eff3581498f1da5e3ebfab9e109041ca8dabf8a51a16d1,downloaded,
2017/03/07/HMI.m2017.03.07_09.00.00.jpg,2017-03-07T09:00:00Z,2017-03-07 09:00:27Z,27,105578610,0c9faa21a1c1782e8b26c38479f256b411e7dd1502015b89b8258bd8481f4f71,downloaded,
2017/03/07/HMI.m2017.03.07_10.00.00.jpg,2017-03-07T10:00:00Z,2017-03-07 09:59:42Z,18,105578531,b19a9c25fb0e784c086ed7430eb2286ebdb613024b58acf44db062395ba4191f,downloaded,
2017/03/07/HMI.m2017.03.07_12.00.00.jpg,2017-03-07T12:00:00Z,2017-03-07 11:59:42Z,18,105578371,3ec1d022851b08ff7dda69daa9f8777a0a820d29de3ed8105a96f55d47a27dcc,downloaded,
2017/03/08/HMI.m2017.03.08_04.00.00.jpg,2017-03-08T04:00:00Z,2017-03-08 03:59:42Z,18,105582077,e42f308b80940e772c15f99dc7cb8bb771b08537c9b540ffcd33da46ce5c7edf,downloaded,
2017/03/08/HMI.m2017.03.08_15.00.00.jpg,2017-03-08T15:00:00Z,2017-03-08 14:59:42Z,18,105582459,30a7de77ed26705b398f1e4cdc09b66c991fd721bcb7933931cf343e4786a1ec,downloaded,
2017/03/08/HMI.m2017.03.08_19.00.00.jpg,2017-03-08T19:00:00Z,2017-03-08 18:59:42Z,18,105582816,3ab2218f29d71528e019dcccf5ad0f2037518df638b7604b9ea5cec6e1201c81,downloaded,
2017/03/09/HMI.m2017.03.09_06.00.00.jpg,2017-03-09T06:00:00Z,2017-03-09 05:59:42Z,18,105585599,806286f536edae592c7328a379cc02fdfc4b5d217a7203d4c9e1d42cf2b3a22e,downloaded,
2017/03/11/HMI.m2017.03.11_12.00.00.jpg,2017-03-11T12:00:00Z,2017-03-11 11:59:42Z,18,105593717,fc399ce94735cc8249beaa5cfb6751873ac1295d8a83384c2205b53de7830fce,downloaded,
2017/03/12/HMI.m2017.03.12_00.00.00.jpg,2017-03-12T00:00:00Z,2017-03-11 23:59:42Z,18,105593807,08b7adda64a1183713f35c62df702e34f67e79711e7a9d55392a923dae825ae4,downloaded,
2017/03/14/HMI.m2017.03.14_11.00.00.jpg,2017-03-14T11:00:00Z,2017-03-14 10:59:43Z,17,105599308,fb473ca3d0691c3960e1b612ceb42b6f16423c3ce9e80ec43b8d4c8635d852b5,downloaded,
2017/03/15/HMI.m2017.03.15_00.00.00.jpg,2017-03-15T00:00:00Z,2017-03-14 23:59:43Z,17,105600542,6db54d3f18eb08e34078de4b3bce472a08caaf612b296361882508ebe810a71d,downloaded,
2017/03/15/HMI.m2017.03.15_03.00.00.jpg,2017-03-15T03:00:00Z,2017-03-15 02:59:43Z,17,105602679,eb6d42f33b1c4b08ceca88b3c44d9e7effee787dd2f666a4535d7e186688be1f,downloaded,
2017/03/15/HMI.m2017.03.15_07.00.00.jpg,2017-03-15T07:00:00Z,2017-03-15 06:59:43Z,17,105602999,99f2540b991d89ffbef5962341cc70355a6d0509b6cc11e7ca61eea2683b1e28,downloaded,
2017/03/16/HMI.m2017.03.16_08.00.00.jpg,2017-03-16T08:00:00Z,2017-03-16 07:59:43Z,17,105606919,b02739654b040886406b81080b74e446e815414e17dd925fd92839a80240338a,downloaded,
2017/03/17/HMI.m2017.03.17_16.00.00.jpg,2017-03-17T16:00:00Z,2017-03-17 15:59:43Z,17,105611386,336e28a7103afceaf63fe33c73a5ff0f10fab6996614c76ffcb2687be02af158,downloaded,
2017/03/18/HMI.m2017.03.18_08.00.00.jpg,2017-03-18T08:00:00Z,2017-03-18 07:59:43Z,17,105614567,5972499dce56d5fe590f06cea1b658c9028bfec96a7b2944fd20d01e099a3945,downloaded,
2017/03/18/HMI.m2017.03.18_19.00.00.jpg,2017-03-18T19:00:00Z,2017-03-18 18:59:43Z,17,105615447,132d945edb356a8c32faa78133256063a1c783bf08690b8de7956fa93ea71bcf,downloaded,
2017/03/19/HMI.m2017.03.19_11.00.00.jpg,2017-03-19T11:00:00Z,2017-03-19 10:59:43Z,17,105618640,96e65ee5b3276890976859bcdb6e1266b121682fee0f7231f6b5f0a64bc9a1b2,downloaded,
2017/03/19/HMI.m2017.03.19_23.00.00.jpg,2017-03-19T23:00:00Z,2017-03-19 22:59:43Z,17,105619453,50814c7016b9f568368ec154b58e8edc1735497473672367cc7be259fbea5512,downloaded,
2017/03/20/HMI.m2017.03.20_21.00.00.jpg,2017-03-20T21:00:00Z,2017-03-20 20:59:43Z,17,105623281,982a24cc57409728a52d23e99e285d637f9764a7c7f5e9adff1458b5c73b4248,downloaded,
2017/03/22/HMI.m2017.03.22_06.00.00.jpg,2017-03-22T06:00:00Z,2017-03-22 05:59:44Z,16,105629689,07cfd4dc1eb0a481c0b1b87d722849d7a9a56f42979e9078617ea51800d103a3,downloaded,
2017/03/25/HMI.m2017.03.25_10.00.00.jpg,2017-03-25T10:00:00Z,2017-03-25 09:59:44Z,16,105641415,b8eff030c33010bd576022bbfd64e6c54d5f26d41d10dddf5d8d8b8f66eb3465,downloaded,
2017/03/25/HMI.m2017.03.25_23.00.00.jpg,2017-03-25T23:00:00Z,2017-03-25 22:59:44Z,16,105642455,73f4da035e7354c6e0cd45fd09a91f1157c782389f2bd93a70f5de0ba49aad2b,downloaded,
2017/03/27/HMI.m2017.03.27_06.00.00.jpg,2017-03-27T06:00:00Z,2017-03-27 05:59:45Z,15,105648753,737c4a0d62196f63c2229ace390e71da5ab17a632525b6913c97a610e57d7ffd,downloaded,
2017/03/28/HMI.m2017.03.28_18.00.00.jpg,2017-03-28T18:00:00Z,2017-03-28 17:59:45Z,15,105653556,da09bed69a3a7ff19f23fccdacc8fb577cc742d22fa4e22800e59b9b1c682f21,downloaded,
2017/03/28/HMI.m2017.03.28_21.00.00.jpg,2017-03-28T21:00:00Z,2017-03-28 20:59:45Z,15,105653807,6ca796144d2b2f022888ca5f5a2f446b4e8b8f43cae1e1176c0f09ca4cec8e2b,downloaded,
2017/03/29/HMI.m2017.03.29_13.00.00.jpg,2017-03-29T13:00:00Z,2017-03-29 12:59:45Z,15,105656991,32a19dc1c87e5e0b177f65751947d72104a720468179a50802e2c46b16dcf891,downloaded,
2017/03/29/HMI.m2017.03.29_15.00.00.jpg,2017-03-29T15:00:00Z,2017-03-29 14:59:45Z,15,105657151,6951b0a5f18ea9586420db71c496033d6c2a6b204c46168bd2f43ccf7cbc0403,downloaded,
2017/03/30/HMI.m2017.03.30_12.00.00.jpg,2017-03-30T12:00:00Z,2017-03-30 11:59:45Z,15,105660720,dc516afcacc976aec67c8faf2536d4f931593465c79e8f87a04f1f25610b2d45,downloaded,
2017/03/31/HMI.m2017.03.31_12.00.00.jpg,2017-03-31T12:00:00Z,2017-03-31 11:59:45Z,15,105664564,235a4d248c3de994b99718f2845c2276330cbda44f870d00c0e35ec366e0fa10,downloaded,
2017/03/31/HMI.m2017.03.31_22.00.00.jpg,2017-03-31T22:00:00Z,2017-03-31 21:59:45Z,15,105665364,9ee322be83ae44f8fa9c87765f2c792bad59cd7aff15de2603799e62875fb9c2,downloaded,
2017/03/31/HMI.m2017.03.31_23.00.00.jpg,2017-03-31T23:00:00Z,2017-03-31 22:59:45Z,15,105665483,f9265fc8e497c7f287b10cfd351f0f7bb4377b1699d024c48f4b24269bf4fabe,downloaded,
2017/04/01/HMI.m2017.04.01_00.00.00.jpg,2017-04-01T00:00:00Z,2017-03-31 23:59:45Z,15,105665445,1d4f23b16f5698cae649c31b25d0707879c4f31be8b7697b0c1b10fe1f6c6e0e,downloaded,
2017/04/01/HMI.m2017.04.01_01.00.00.jpg,2017-04-01T01:00:00Z,2017-04-01 00:59:45Z,15,105667523,3fdcfcb4cc3390b25db6f629764f04df767c10f2e1e94e935870d23ccd65e853,downloaded,
2017/04/01/HMI.m2017.04.01_02.00.00.jpg,2017-04-01T02:00:00Z,2017-04-01 01:59:45Z,15,105667623,3dfce3dc95e7264aaf519bb0ed86056a7cf66c68f32ff05beb969222d5d0bd39,downloaded,
2017/04/01/HMI.m2017.04.01_03.00.00.jpg,2017-04-01T03:00:00Z,2017-04-01 02:59:45Z,15,105667683,54cb601a2ffce218de698418193c37765a51a2c3e2837bb3f7735d29f250cf92,downloaded,
2017/04/01/HMI.m2017.04.01_04.00.00.jpg,2017-04-01T04:00:00Z,2017-04-01 03:59:45Z,15,105667763,65fd973455d877395bbff75c80290c11bdf0a83cd291224eb645826f393faa75,downloaded,
2017/04/01/HMI.m2017.04.01_05.00.00.jpg,2017-04-01T05:00:00Z,2017-04-01 04:59:45Z,15,105667843,d8b50aadfbc7264ce1fcb62e437df48bf285c7d7905c9c9a1e9e89f1d7b429ef,downloaded,
2017/04/01/HMI.m2017.04.01_06.00.00.jpg,2017-04-01T06:00:00Z,2017-04-01 05:59:45Z,15,105667923,74f8e47c6e2f7bda46cb32e6d6104009532d96bd52b2ef024a2e53e07cdcbb25,downloaded,
2017/04/01/HMI.m2017.04.01_07.00.00.jpg,2017-04-01T07:00:00Z,2017-04-01 06:59:45Z,15,105668003,60db1ded5505bf917454bd80e605a3e6621db654af2df288b646a1fadc0d75a3,downloaded,
2017/04/01/HMI.m2017.04.01_08.00.00.jpg,2017-04-01T08:00:00Z,2017-04-01 07:59:45Z,15,105668081,b14bfcf572fdb047269f214a670ffd6792ddaa76efaa3127d18f557755faed89,downloaded,
2017/04/01/HMI.m2017.04.01_09.00.00.jpg,2017-04-01T09:00:00Z,2017-04-01 08:59:45Z,15,105668163,d5bda7405103002e4d030e4c91c8c55716c54bec5e0247c2e40d4bd9f1e015c2,downloaded,
2017/04/01/HMI.m2017.04.01_10.00.00.jpg,2017-04-01T10:00:00Z,2017-04-01 09:59:45Z,15,105668243,52566c845149f3b9439e0862b6cb4cfd4dd215979df99c0f330a8d55b729e2a6,downloaded,
2017/04/01/HMI.m2017.04.01_11.00.00.jpg,2017-04-01T11:00:00Z,2017-04-01 10:59:45Z,15,105668323,9347573757758badf2dcedc119d5930591dab7deaad4aecd27bd9d2ea07edae7,downloaded,
2017/04/01/HMI.m2017.04.01_12.00.00.jpg,2017-04-01T12:00:00Z,2017-04-01 11:59:45Z,15,105668403,443a69d5a8d9e615f67e2e7ff3ef365d27017e51c8c28d54405b866d7e6a5dc7,downloaded,
2017/04/01/HMI.m2017.04.01_13.00.00.jpg,2017-04-01T13:00:00Z,2017-04-01 12:59:45Z,15,105668483,f900f380875d304607ca312a5fd7069ea7b8cee80ba69ad0fc66035a015eda63,downloaded,
2017/04/01/HMI.m2017.04.01_14.00.00.jpg,2017-04-01T14:00:00Z,2017-04-01 13:59:45Z,15,105668563,c138488b28613c328a8bc5ff2a0ea8fe89580851c05348eb15e78b80802f92fc,downloaded,
2017/04/01/HMI.m2017.04.01_15.00.00.jpg,2017-04-01T15:00:00Z,2017-04-01 14:59:45Z,15,105668643,ccba852d0f69eb9f34bdf77226f44d5d9cf0fd7585eaf9690f577eb7a38297bd,downloaded,
2017/04/01/HMI.m2017.04.01_16.00.00.jpg,2017-04-01T16:00:00Z,2017-04-01 15:59:45Z,15,105668721,0e766e2666e1dc3995204c406781fd7db4fb1838b5fd7665d4289fb1d84bf56f,downloaded,
2017/04/01/HMI.m2017.04.01_17.00.00.jpg,2017-04-01T17:00:00Z,2017-04-01 16:59:45Z,15,105668803,7ce45ae516ac35b881d8b5c5489b6dadd110ac20a8e236cba7a8209ef923c8e0,downloaded,
2017/04/01/HMI.m2017.04.01_18.00.00.jpg,2017-04-01T18:00:00Z,2017-04-01 17:59:45Z,15,105668883,7ce87b7688412a35e1d477ece11a1d952a33eaaf0343142d2088f5eb6c6a7177,downloaded,
2017/04/01/HMI.m2017.04.01_19.00.00.jpg,2017-04-01T19:00:00Z,2017-04-01 18:59:45Z,15,105668963,acc39f7beae2173cc9017f25e8af037bfcfd99a9040ea3b38b493c3b52bf72e8,downloaded,
2017/04/01/HMI.m2017.04.01_20.00.00.jpg,2017-04-01T20:00:00Z,2017-04-01 19:59:45Z,15,105669043,59c1c26a15a2fafa33539fcd27682285bc1a4960850733712a0d18edaa178520,downloaded,
2017/04/01/HMI.m2017.04.01_21.00.00.jpg,2017-04-01T21:00:00Z,2017-04-01 20:59:45Z,15,105669123,89efe62db10a7ebfa74c7f778cbd9c50fd360500960866b0bb00f0cccca1e0ea,downloaded,
2017/04/01/HMI.m2017.04.01_22.00.00.jpg,2017-04-01T22:00:00Z,2017-04-01 21:59:45Z,15,105669203,7ac7efc8a7a5c99debd443d5d857389a45906c649ce2be4c05fd9a3622ec7131,downloaded,
2017/04/01/HMI.m2017.04.01_23.00.00.jpg,2017-04-01T23:00:00Z,2017-04-01 22:59:45Z,15,105669283,b71f4477da8f22752b76ec1549fb5590e3d04cdaa66de0ca5a1f61dedddc512c,downloaded,
2017/04/02/HMI.m2017.04.02_00.00.00.jpg,2017-04-02T00:00:00Z,2017-04-01 23:59:45Z,15,105669347,c9b9d248b71c9cb60c04aca410c0a5a5c76eb9a8bef2c66cab147594b9317dfa,downloaded,
2017/04/02/HMI.m2017.04.02_01.00.00.jpg,2017-04-02T01:00:00Z,2017-04-02 00:59:45Z,15,105671360,a836a21c2604ef1e3683db0943a2fdc02a2d0d675d4570d1afac100cc9bb328a,downloaded,
2017/04/02/HMI.m2017.04.02_02.00.00.jpg,2017-04-02T02:00:00Z,2017-04-02 01:59:45Z,15,105671440,7af30bdc15a770c1aff1e269f0410402e6480c152312311a86616d57304a2a43,downloaded,
2017/04/02/HMI.m2017.04.02_03.00.00.jpg,2017-04-02T03:00:00Z,2017-04-02 02:59:45Z,15,105671520,f5648cfd1f5717d26b6da603a1f5aeba2e7ef4cdcc936bce117d9d82bac3d44d,downloaded,
2017/04/02/HMI.m2017.04.02_04.00.00.jpg,2017-04-02T04:00:00Z,2017-04-02 03:59:45Z,15,105671600,c36ab20a58586281a2711e839355e6e8a9b4395dd81d0a66f79c74bfce1a34c1,downloaded,
2017/04/02/HMI.m2017.04.02_05.00.00.jpg,2017-04-02T05:00:00Z,2017-04-02 04:59:45Z,15,105671680,297c30939b9d29a1ffa8cf4a6876df2406db09d00790f1d4292e3ddeb3e48c68,downloaded,
2017/04/02/HMI.m2017.04.02_06.00.00.jpg,2017-04-02T06:00:00Z,2017-04-02 05:59:45Z,15,105671760,5c66f20b9f0808237d0d855d4e9331d696101afee49c6a6ddf96574ccdc9017b,downloaded,
2017/04/02/HMI.m2017.04.02_07.00.00.jpg,2017-04-02T07:00:00Z,2017-04-02 06:59:45Z,15,105671840,251c71f23b8cc8519bee947203dad3313bd9ce2a76e7be031369e968cabff04f,downloaded,
2017/04/02/HMI.m2017.04.02_08.00.00.jpg,2017-04-02T08:00:00Z,2017-04-02 07:59:45Z,15,105671920,a0636cd374723e83df0709cb9717a8bf5f143aecfd5c9b591de3170c48c23e68,downloaded,
2017/04/02/HMI.m2017.04.02_09.00.00.jpg,2017-04-02T09:00:00Z,2017-04-02 08:59:45Z,15,105672000,f7b73c4ce9af6f11506e2fe0da303b62eb1fa04e5dc8831099aabd98f788c223,downloaded,
2017/04/02/HMI.m2017.04.02_10.00.00.jpg,2017-04-02T10:00:00Z,2017-04-02 09:59:45Z,15,105672080,b2fdba89689d32a5ca000bb177aed1a22357f7a0aa28435b5040f9e6ebe507d0,downloaded,
2017/04/02/HMI.m2017.04.02_11.00.00.jpg,2017-04-02T11:00:00Z,2017-04-02 10:59:45Z,15,105672160,4a2e2472013ea767c61e889fe4f94966e40d1a1d1ec4148a29394ad1f395fdf2,downloaded,
2017/04/02/HMI.m2017.04.02_12.00.00.jpg,2017-04-02T12:00:00Z,2017-04-02 11:59:45Z,15,105672224,6bf98a4f5c2e201b4a9aff3c29379659207199e1a8a38ac3770b6b7374467a51,downloaded,
2017/04/02/HMI.m2017.04.02_13.00.00.jpg,2017-04-02T13:00:00Z,2017-04-02 12:59:45Z,15,105672320,7ef47a923672959a2478f014ed2c31aec2943e44211a8c339c9b10599f8545bb,downloaded,
2017/04/02/HMI.m2017.04.02_14.00.00.jpg,2017-04-02T14:00:00Z,2017-04-02 13:59:45Z,15,105672400,c86134e1ddb3feeaf7eee8e5831e3b603c74cba1a5c9b1c8f97185eaf00b5761,downloaded,
2017/04/02/HMI.m2017.04.02_15.00.00.jpg,2017-04-02T15:00:00Z,2017-04-02 14:59:45Z,15,105672500,14f517f8e4be2eff2ebd20d9ea0d2d9a81b8275b8929fe7e7ab3ad68ccf9e0e2,downloaded,
2017/04/02/HMI.m2017.04.02_16.00.00.jpg,2017-04-02T16:00:00Z,2017-04-02 15:59:45Z,15,105672548,5c9ac5367b073f392655a62e8b398dbce494ac2084eb26210e8580612f1a2c98,downloaded,
2017/04/02/HMI.m2017.04.02_17.00.00.jpg,2017-04-02T17:00:00Z,2017-04-02 16:59:45Z,15,105672632,5d7530c6d9dfc96ddd5a300c6be79a6ed596143ba1c6251dc292fc5f28ba92dd,downloaded,
2017/04/02/HMI.m2017.04.02_18.00.00.jpg,2017-04-02T18:00:00Z,2017-04-02 17:59:45Z,15,105672728,be8337cc13867947da029d217694bc18cc1e1829839fe80162d7e28d34fef706,downloaded,
2017/04/02/HMI.m2017.04.02_19.00.00.jpg,2017-04-02T19:00:00Z,2017-04-02 18:59:45Z,15,105672808,943c8cab10bf7d50a961c693c0c4bd50f05ee9318a7a445e22dd0aa194e9b211,downloaded,
2017/04/02/HMI.m2017.04.02_20.00.00.jpg,2017-04-02T20:00:00Z,2017-04-02 19:59:45Z,15,105673126,cdfd3c6a6537a659757851a94385b029226bd77c267ecddbcc8ce0d09e313c09,downloaded,
2017/04/02/HMI.m2017.04.02_21.00.00.jpg,2017-04-02T21:00:00Z,2017-04-02 20:59:45Z,15,105673185,a27cc9c94501ca8e1ff618645a779753a19123f30355252b037a46a51c0b1f77,downloaded,
2017/04/02/HMI.m2017.04.02_22.00.00.jpg,2017-04-02T22:00:00Z,2017-04-02 21:59:45Z,15,105673034,e79b0c517f3524005e66f15e1ed86064b089078d1feaa408b648e8a046b050ad,downloaded,
2017/04/02/HMI.m2017.04.02_23.00.00.jpg,2017-04-02T23:00:00Z,2017-04-02 22:59:45Z,15,105672884,29afe114419bb0be92f379f1f6eb7a378049984cece2fd28b6d88ec7dbe45818,downloaded,
2017/04/03/HMI.m2017.04.03_00.00.00.jpg,2017-04-03T00:00:00Z,2017-04-02 23:59:45Z,15,105673046,a4aab39c97dc6059e500edc042562f5271974d66c9099e1df3933339568e43e4,downloaded,
2017/04/03/HMI.m2017.04.03_01.00.00.jpg,2017-04-03T01:00:00Z,2017-04-03 00:59:45Z,15,105676283,26ab5d693d4722ebe6103c2479ff00f3c52f1e0f4103dfb8bacd10b0571a90db,downloaded,
2017/04/03/HMI.m2017.04.03_02.00.00.jpg,2017-04-03T02:00:00Z,2017-04-03 01:59:46Z,14,105676203,663505807154c104634b40e906aa681c3d4fe39208c86f76e288f27bf3f4563c,downloaded,
2017/04/03/HMI.m2017.04.03_03.00.00.jpg,2017-04-03T03:00:00Z,2017-04-03 02:59:46Z,14,105676123,515380895d8c78c28e24c6f9d63e90f4ef6a538260ee6ba93487ef3b033bc8cc,downloaded,
2017/04/03/HMI.m2017.04.03_04.00.00.jpg,2017-04-03T04:00:00Z,2017-04-03 03:59:46Z,14,105676043,2b86bbfb871b8384a4de06816155d4d32bab7985bcdbcfc6f7af4900570e8d94,downloaded,
2017/04/03/HMI.m2017.04.03_05.00.00.jpg,2017-04-03T05:00:00Z,2017-04-03 04:59:46Z,14,105675963,8304165d1368029db16d17b745db00cfbd995ae98bfe87f9c4e2a35c1f4be43e,downloaded,
2017/04/03/HMI.m2017.04.03_06.00.00.jpg,2017-04-03T06:00:00Z,2017-04-03 05:59:46Z,14,105675883,3596ef1ffd048a535df3bcb23a22ef80e0c733a92a86a120c286dda4b5a5a7e3,downloaded,
2017/04/03/HMI.m2017.04.03_07.00.00.jpg,2017-04-03T07:00:00Z,2017-04-03 06:59:46Z,14,105675803,8472e84b6468e8269f65d989d0f58e19b3aaaa0074f07d18df941967fcd3470e,downloaded,
2017/04/03/HMI.m2017.04.03_08.00.00.jpg,2017-04-03T08:00:00Z,2017-04-03 07:59:46Z,14,105675723,2d97afb9266d82bf5e0cc7e79c56c491e96e5d130cac15d21596721ac4351b17,downloaded,
2017/04/03/HMI.m2017.04.03_09.00.00.jpg,2017-04-03T09:00:00Z,2017-04-03 08:59:46Z,14,105675643,74fa4de09322b9cfb41f76f7fee103c8e30b5f4f784c3bc802bc9a5e755ab9f4,downloaded,
2017/04/03/HMI.m2017.04.03_10.00.00.jpg,2017-04-03T10:00:00Z,2017-04-03 09:59:46Z,14,105675563,d7fb5866b8f99d893bffd300d5f7aae33dcce4a8d7c3a9374610ce2b4ca6b0be,downloaded,
2017/04/03/HMI.m2017.04.03_11.00.00.jpg,2017-04-03T11:00:00Z,2017-04-03 10:59:46Z,14,105675483,a8d7708f70215cb3c4656eb43b18b4c8b27039e63c3318c16f5f6cfc75851c45,downloaded,
2017/04/03/HMI.m2017.04.03_12.00.00.jpg,2017-04-03T12:00:00Z,2017-04-03 11:59:46Z,14,105675403,cf2b59c3736eadcc337340d7540d49ea9b301a3f43f5f06d8b79aea1400226b1,downloaded,
2017/04/03/HMI.m2017.04.03_13.00.00.jpg,2017-04-03T13:00:00Z,2017-04-03 12:59:46Z,14,105675323,a35e48354f143eb3a9455a6ce8f409384542e37b08a15bc838f9b23dbd02007f,downloaded,
2017/04/03/HMI.m2017.04.03_14.00.00.jpg,2017-04-03T14:00:00Z,2017-04-03 13:59:45Z,15,105675244,4d2c833fbb9baf914e7efd2a7f643912c065f78f32ee16db54c3f2f1891bf696,downloaded,
2017/04/04/HMI.m2017.04.04_07.00.00.jpg,2017-04-04T07:00:00Z,2017-04-04 06:59:46Z,14,105679512,d58935389a8957f2d300fd7c570cfcb8001e38cf9387dc779cc2535a835fb922,downloaded,
2017/04/07/HMI.m2017.04.07_07.00.00.jpg,2017-04-07T07:00:00Z,2017-04-07 06:59:46Z,14,105688646,3c601cd72565b6fefab24aa0cdf35a0efb6f61848dc4d81c0e617a4b843c2871,downloaded,
2017/04/07/HMI.m2017.04.07_19.00.00.jpg,2017-04-07T19:00:00Z,2017-04-07 18:59:46Z,14,105689606,e968965e4a7ebe329b0a0ecb5bc3859b6cc61b1b0920d60aa146c7e40e16df9e,downloaded,
2017/04/08/HMI.m2017.04.08_09.00.00.jpg,2017-04-08T09:00:00Z,2017-04-08 08:59:46Z,14,105692558,b5ab6dd149ba8acc5f2ec9137f7d17bc89a96f014604474c598501952e45bbc7,downloaded,
2017/04/09/HMI.m2017.04.09_11.00.00.jpg,2017-04-09T11:00:00Z,2017-04-09 10:59:46Z,14,105696489,eacd74d1ca017fb7c966da03f3ba3d452dffe5575d17e22d20abe05b0bb665d2,downloaded,
2017/04/10/HMI.m2017.04.10_12.00.00.jpg,2017-04-10T12:00:00Z,2017-04-10 11:59:47Z,13,105700382,c4d12e3734f064a99e889b544ba2df6a45dca840a07ce2429af64a3c8bfd4e98,downloaded,
2017/04/11/HMI.m2017.04.11_14.00.00.jpg,2017-04-11T14:00:00Z,2017-04-11 13:59:47Z,13,105704361,5ef54e9374811a258c2b3df77efc83d353abc9d1be1478e7e91797405e09f59b,downloaded,
2017/04/13/HMI.m2017.04.13_04.00.00.jpg,2017-04-13T04:00:00Z,2017-04-13 03:59:47Z,13,105710111,f65477cb5c63ab6f8b827a9447c0ba3f484187452f995c69d83d8eb6e83be168,downloaded,
2017/04/13/HMI.m2017.04.13_12.00.00.jpg,2017-04-13T12:00:00Z,2017-04-13 11:59:47Z,13,105710736,9a6593fc44cb4f545608df403c07a4e1089eb89d336bfcb228f76ff6fc6f1e98,downloaded,
2017/04/13/HMI.m2017.04.13_17.00.00.jpg,2017-04-13T17:00:00Z,2017-04-13 16:59:47Z,13,105711154,24753d9f1c836ec50b7b2b99bcc741f5562e55e1afcc2d172bd9e88d491a3e50,downloaded,
2017/04/14/HMI.m2017.04.14_18.00.00.jpg,2017-04-14T18:00:00Z,2017-04-14 18:00:32Z,32,105711755,84b1d837e894e9109ce3b6e066718df18c7ad32227051b16a4981773dd49baa5,downloaded,
2017/04/15/HMI.m2017.04.15_11.00.00.jpg,2017-04-15T11:00:00Z,2017-04-15 10:59:47Z,13,105714847,ceae71c09494af7df47b6e9de1eec9b3a48363bce1376905311d04708100c567,downloaded,
2017/04/20/HMI.m2017.04.20_12.00.00.jpg,2017-04-20T12:00:00Z,2017-04-20 11:59:48Z,12,105733106,5883b663c00788cc21d005924b66911d7603489d26b082be2bfa4274cc0a9939,downloaded,
2017/04/20/HMI.m2017.04.20_15.00.00.jpg,2017-04-20T15:00:00Z,2017-04-20 14:59:48Z,12,105733346,b9a7923a3f8a9719e219fbc74438456608e18989dde027502b631ff118543b22,downloaded,
2017/04/22/HMI.m2017.04.22_20.00.00.jpg,2017-04-22T20:00:00Z,2017-04-22 19:59:48Z,12,105741432,fea456478432b73a9f76f2a592fe99c2940b14bed4a55ae04c2a09b51466e9fa,downloaded,
2017/04/23/HMI.m2017.04.23_07.00.00.jpg,2017-04-23T07:00:00Z,2017-04-23 06:59:48Z,12,105744183,11cd592f113a3d476e1e73e8c0a169391ec1f25b86525b04fc1c0104c9d13f71,downloaded,
2017/04/23/HMI.m2017.04.23_08.00.00.jpg,2017-04-23T08:00:00Z,2017-04-23 07:59:48Z,12,105744273,b213f198886d37d48b049f252302b751fc52ee1e1e13de8ca427164f3cb3a6a3,downloaded,
2017/04/23/HMI.m2017.04.23_10.00.00.jpg,2017-04-23T10:00:00Z,2017-04-23 09:59:48Z,12,105744427,b0c6ff5f497e08c69780ac125e97a8b53358892dde7293c1a1357fb5b4b91b04,downloaded,
2017/04/24/HMI.m2017.04.24_05.00.00.jpg,2017-04-24T05:00:00Z,2017-04-24 04:59:49Z,11,105747866,ae41f886f845f3852f0460f6a184b74ceafd2cbc2ec5f544a1672e22fbeb32fb,downloaded,
2017/04/25/HMI.m2017.04.25_10.00.00.jpg,2017-04-25T10:00:00Z,2017-04-25 09:59:49Z,11,105752057,d8e9d12f0787054115d659756843f65a27ce07f23a1b7c98f14126700c5b5333,downloaded,
2017/04/27/HMI.m2017.04.27_03.00.00.jpg,2017-04-27T03:00:00Z,2017-04-27 02:59:49Z,11,105759098,f3d5056b61beb4f0a0fc1034760145c73f1157b3a7bd96ee03bd9b3e54f49f91,downloaded,
2017/04/28/HMI.m2017.04.28_02.00.00.jpg,2017-04-28T02:00:00Z,2017-04-28 01:59:49Z,11,105762856,bd8be93084dc5d9eb0ee456b853c61a06f789cd028f7d2059af8c058997dfd31,downloaded,
2017/04/28/HMI.m2017.04.28_20.00.00.jpg,2017-04-28T20:00:00Z,2017-04-28 19:59:49Z,11,105764289,0b529cf4f33837dcd1bc8855c25581a9067ce98363bf901b49a6e10c0ebeb737,downloaded,
2017/04/28/HMI.m2017.04.28_22.00.00.jpg,2017-04-28T22:00:00Z,2017-04-28 21:59:49Z,11,105764449,a917c3bcbfa6ce33b647f3fc7aa057a3582146a64c0087bda1bc7c036c9c813b,downloaded,
2017/04/29/HMI.m2017.04.29_19.00.00.jpg,2017-04-29T19:00:00Z,2017-04-29 18:59:49Z,11,105767989,b961ce293cc9a88b2f3bad5bc55ab6cc8d6500743693a9f4c93d2072eef35c79,downloaded,
2017/04/30/HMI.m2017.04.30_23.00.00.jpg,2017-04-30T23:00:00Z,2017-04-30 22:59:49Z,11,105772144,2fa915c9428dd5912769c4c68fe9e1b0c62a0fd7ced2a89590eeb065870f5de8,downloaded,
2017/05/04/HMI.m2017.05.04_02.00.00.jpg,2017-05-04T02:00:00Z,2017-05-04 01:59:50Z,10,105785576,4240f7d134c61450bd8efe5957f31aa6bb4009b2b3902334bfdf168679708781,downloaded,
2017/05/04/HMI.m2017.05.04_21.00.00.jpg,2017-05-04T21:00:00Z,2017-05-04 20:59:50Z,10,105787098,615d7f9a55a7a6cb05601b4e50ab4e353a36c9327b8a91f7d1ea709813b5b416,downloaded,
2017/05/05/HMI.m2017.05.05_17.00.00.jpg,2017-05-05T17:00:00Z,2017-05-05 16:59:50Z,10,105790615,1e94ff26e5a3139ea2fb92db475eeebde795aa6750ece8f138acc357385e01e3,downloaded,
2017/05/10/HMI.m2017.05.10_11.00.00.jpg,2017-05-10T11:00:00Z,2017-05-10 10:59:50Z,10,105809106,b39562749130446283451aab263fbc6f60bb2fcbd1c54c91567066af947f8f94,downloaded,
2017/05/11/HMI.m2017.05.11_13.00.00.jpg,2017-05-11T13:00:00Z,2017-05-11 12:59:51Z,9,105812962,3b5def157a39ffaa36bae2f837e90c0f0fc743604280df171eafe71ca35234b5,downloaded,
2017/05/12/HMI.m2017.05.12_04.00.00.jpg,2017-05-12T04:00:00Z,2017-05-12 03:59:51Z,9,105816027,4daad6e91a1d65567122fea1b9628d486dd8cc13bccf3d6328bfc7ad21c7a6b2,downloaded,
2017/05/12/HMI.m2017.05.12_06.00.00.jpg,2017-05-12T06:00:00Z,2017-05-12 05:59:51Z,9,105816187,dcf602538c52166ce89a83c8d8437e2f9f7dab5fdff61bebfd738c6bd1a84bce,downloaded,
2017/05/13/HMI.m2017.05.13_15.00.00.jpg,2017-05-13T15:00:00Z,2017-05-13 14:59:51Z,9,105820755,8c5c1cfd60d577e66264ae486729dddb181a08450f4d7c0cf054910332a90834,downloaded,
2017/05/15/HMI.m2017.05.15_14.00.00.jpg,2017-05-15T14:00:00Z,2017-05-15 13:59:51Z,9,105828324,40fad72d6fff334317f464e6593859b0891f393cf8864d647f0dfc33e484ef92,downloaded,
2017/05/16/HMI.m2017.05.16_14.00.00.jpg,2017-05-16T14:00:00Z,2017-05-16 13:59:51Z,9,105832137,4b08295609efcc6dc4d4f8d6cbad9a84e03778b6abc280c9c0531735e380b532,downloaded,
2017/05/18/HMI.m2017.05.18_09.00.00.jpg,2017-05-18T09:00:00Z,2017-05-18 08:59:51Z,9,105839290,db0a6923fefc4cd6abb073210ebfafd89a8dfc4138a8fd6d0331e419bca630df,downloaded,
2017/05/22/HMI.m2017.05.22_00.00.00.jpg,2017-05-22T00:00:00Z,2017-05-21 23:59:52Z,8,105851660,ed89a028c5f2205c3d3061a9e0c841512a36a6a8822299fbc712800a34ffd7c0,downloaded,
2017/05/22/HMI.m2017.05.22_08.00.00.jpg,2017-05-22T08:00:00Z,2017-05-22 07:59:52Z,8,105854181,4355ec4dd663eeeac7001be5951657dad7e28ba2822642c2d36f47b50a87e983,downloaded,
2017/05/22/HMI.m2017.05.22_16.00.00.jpg,2017-05-22T16:00:00Z,2017-05-22 15:59:52Z,8,105854830,0f3195897366964175245b5c23f9937690f9c4b9bee4a4794a251a5b72fb1338,downloaded,
2017/05/22/HMI.m2017.05.22_18.00.00.jpg,2017-05-22T18:00:00Z,2017-05-22 17:59:52Z,8,105854999,65ac9616fde9bb78bbeaa30d3d35bfbe1281d0280e4d10515e6e590c8d63de94,downloaded,
2017/05/23/HMI.m2017.05.23_16.00.00.jpg,2017-05-23T16:00:00Z,2017-05-23 15:59:52Z,8,105858418,ca5708bd62139fbc839b21775cac15bc2c822f1297e66690080cdaea66c2d7bf,downloaded,
2017/05/24/HMI.m2017.05.24_02.00.00.jpg,2017-05-24T02:00:00Z,2017-05-24 01:59:52Z,8,105860499,729874292e67796c999e9905d4657da13da3d97f438907b5b193f98ce79ae930,downloaded,
2017/05/24/HMI.m2017.05.24_08.00.00.jpg,2017-05-24T08:00:00Z,2017-05-24 07:59:52Z,8,105860921,da0652f3a3985fd223392771880774aaae16d668c6f1f6fbebb6af0092d4974d,downloaded,
2017/05/25/HMI.m2017.05.25_05.00.00.jpg,2017-05-25T05:00:00Z,2017-05-25 04:59:52Z,8,105864109,6bdd17218a8a20a120c612c899727c5432ec8c1dc3aa4542dad4bd84a3d18736,downloaded,
2017/05/28/HMI.m2017.05.28_03.00.00.jpg,2017-05-28T03:00:00Z,2017-05-28 02:59:52Z,8,105875525,34a66cf8027d48858a80c22abe6cf5d21af778ab0838739cc618e0917f886510,downloaded,
2017/05/30/HMI.m2017.05.30_01.00.00.jpg,2017-05-30T01:00:00Z,2017-05-30 00:59:52Z,8,105882997,b18dca98a5aa6293e9bb22a4d3f60d6757f3d5aacf5dd477fae354e015c9e930,downloaded,
2017/05/30/HMI.m2017.05.30_11.00.00.jpg,2017-05-30T11:00:00Z,2017-05-30 10:59:52Z,8,105883627,094b581e48789e0582eb09b8924bf44b9729878a49a46e90808b304b4e6f0515,downloaded,
2017/05/30/HMI.m2017.05.30_21.00.00.jpg,2017-05-30T21:00:00Z,2017-05-30 20:59:52Z,8,105884417,6f9d083b6be81528b1de7ef71b27a194140aaffb8249ac408ace3a2cb287fa06,downloaded,
2017/05/30/HMI.m2017.05.30_23.00.00.jpg,2017-05-30T23:00:00Z,2017-05-30 22:59:52Z,8,105884572,2c9dcba2a6a3e3bb818ad91f77372dcc9a7de3a3dbd27efaf7956cd3fbd3187c,downloaded,
2017/05/31/HMI.m2017.05.31_00.00.00.jpg,2017-05-31T00:00:00Z,2017-05-30 23:59:52Z,8,105884643,300047b0c295cb02c867a87d068c35619a14ca5a74875b9c574a6338f11aa238,downloaded,
2017/05/31/HMI.m2017.05.31_07.00.00.jpg,2017-05-31T07:00:00Z,2017-05-31 06:59:53Z,7,105887121,354df2e48fa53d9d52e2be004c8111e21ac854f8dd5b8e0dd77b99ce92871a5e,downloaded,
2017/06/01/HMI.m2017.06.01_20.00.00.jpg,2017-06-01T20:00:00Z,2017-06-01 19:59:53Z,7,105891697,14607e13412e3d6a7210cb1b30be963c6441a522ddf3506a65102674226729c8,downloaded,
2017/06/02/HMI.m2017.06.02_00.00.00.jpg,2017-06-02T00:00:00Z,2017-06-01 23:59:53Z,7,105892003,1e8c4117d00b28ff4ae0ab4e24899e8d25b354d375bb4fe46abebc55cfe730e2,downloaded,
2017/06/02/HMI.m2017.06.02_06.00.00.jpg,2017-06-02T06:00:00Z,2017-06-02 05:59:53Z,7,105894417,ffd784e21930dc7b722cc326db9f0953049fb6540ccc9da69eac20ea35d6cc49,downloaded,
2017/06/03/HMI.m2017.06.03_20.00.00.jpg,2017-06-03T20:00:00Z,2017-06-03 19:59:53Z,7,105899369,9ec3257d04fccacaf507b99386905e62b42d4697677fa6e72a1c7ad37a02402a,downloaded,
2017/06/06/HMI.m2017.06.06_05.00.00.jpg,2017-06-06T05:00:00Z,2017-06-06 04:59:53Z,7,105909607,435fb43da33afe2b9d7f3407f5a75eaadcbb534fb877190f221c37c79877f431,downloaded,
2017/06/07/HMI.m2017.06.07_13.00.00.jpg,2017-06-07T13:00:00Z,2017-06-07 12:59:53Z,7,105914059,bf66abfd53a8233e60f9d521e20b76f9bc402f3f5edff1768efb24672d9a2d28,downloaded,
2017/06/11/HMI.m2017.06.11_14.00.00.jpg,2017-06-11T14:00:00Z,2017-06-11 13:59:53Z,7,105929041,c06a4d9c235810963892fe139357179cc3f05b05e4034594cdf7e3637a423529,downloaded,
2017/06/12/HMI.m2017.06.12_05.00.00.jpg,2017-06-12T05:00:00Z,2017-06-12 04:59:53Z,7,105932772,2f920681bef7232b971d7e6d9856178d08c99bab2d3f96468e9b1b7149689d52,downloaded,
2017/06/14/HMI.m2017.06.14_02.00.00.jpg,2017-06-14T02:00:00Z,2017-06-14 01:59:53Z,7,105939632,4fe9024c8daa0b028fca11e5e4a8a8f8de384b7088ab0d6ade2ce2fe85b0672a,downloaded,
2017/06/14/HMI.m2017.06.14_05.00.00.jpg,2017-06-14T05:00:00Z,2017-06-14 04:59:53Z,7,105939872,3b399e93853d27fbd17f6ad53a950d82f996c833dad63fd5b68c80b21c6225a7,downloaded,
2017/06/20/HMI.m2017.06.20_14.00.00.jpg,2017-06-20T14:00:00Z,2017-06-20 13:59:54Z,6,105962879,6b88e1c7119055cfdefbd453204dc868322351c8d4b6cdc9dda373f71b35ae87,downloaded,
2017/06/21/HMI.m2017.06.21_02.00.00.jpg,2017-06-21T02:00:00Z,2017-06-21 01:59:54Z,6,105965678,a1000fef925a990ec373bfc6cd9cb5245c690fbd34a7ab747ecc64370a3be928,downloaded,
2017/06/21/HMI.m2017.06.21_12.00.00.jpg,2017-06-21T12:00:00Z,2017-06-21 11:59:54Z,6,105966478,53f532ca1e71b65625d47b4e36a89df26a5fbdc8ea7ed8f8243b9cf0e17ea783,downloaded,
2017/06/21/HMI.m2017.06.21_21.00.00.jpg,2017-06-21T21:00:00Z,2017-06-21 20:59:54Z,6,105967192,c59cd87a2804a3ad0015e5545dbffa250b6bacfa3e6b42c519b8e9990f7351c9,downloaded,
2017/06/23/HMI.m2017.06.23_19.00.00.jpg,2017-06-23T19:00:00Z,2017-06-23 18:59:54Z,6,105974563,8729652054033fae64078e1679b9493bc0215ffc2c78b120b8b8316f15618f2b,downloaded,
2017/06/24/HMI.m2017.06.24_14.00.00.jpg,2017-06-24T14:00:00Z,2017-06-24 13:59:54Z,6,105977992,d0f10c801bdd94a904009694b8196faa79638e1d33c139f256d7b93fb11e7316,downloaded,
2017/06/25/HMI.m2017.06.25_07.00.00.jpg,2017-06-25T07:00:00Z,2017-06-25 06:59:54Z,6,105981063,5fd2bd2cad229ba1745a6c7b21df46911472c19307ae4bd448358eb2df5bd817,downloaded,
2017/06/27/HMI.m2017.06.27_13.00.00.jpg,2017-06-27T13:00:00Z,2017-06-27 13:03:39Z,219,105988922,e71e226d33551fc15e92e34e800b991095abc69b1f3ddc98487b36fe6d04a543,downloaded,
2017/06/27/HMI.m2017.06.27_22.00.00.jpg,2017-06-27T22:00:00Z,2017-06-27 21:59:54Z,6,105989619,ef859f301839c02cae21ecd81101bb84ce3100e1e7d3b8892cfc03331277dc71,downloaded,
2017/06/27/HMI.m2017.06.27_23.00.00.jpg,2017-06-27T23:00:00Z,2017-06-27 22:59:54Z,6,105989694,d2d92ded2715554ebb07eb939db3d6b7cb3e5d1767628c168575d5bd4d88c5a9,downloaded,
2017/06/29/HMI.m2017.06.29_04.00.00.jpg,2017-06-29T04:00:00Z,2017-06-29 03:59:54Z,6,105996787,917bea2793285e9d4275d9f5a8125bb0b3218c2d0c460a09dbd26ab3faaf9733,downloaded,
2017/06/29/HMI.m2017.06.29_09.00.00.jpg,2017-06-29T09:00:00Z,2017-06-29 08:59:54Z,6,105996393,a9679fc3694d1cf21d9437a77f75676659b6f5b317cd265db39f0a09cdf012ff,downloaded,
2017/06/30/HMI.m2017.06.30_09.00.00.jpg,2017-06-30T09:00:00Z,2017-06-30 08:59:54Z,6,106000206,4bc2818afcd8ddbccc43673d3834bd63645154d96cb3e18804a6bb5ef2bc5297,downloaded,
2017/06/30/HMI.m2017.06.30_20.00.00.jpg,2017-06-30T20:00:00Z,2017-06-30 19:59:54Z,6,105999329,96fe3779a6fb238899df98d404548550c3850bab7384dcc8c8803f5998cb635c,downloaded,
2017/07/02/HMI.m2017.07.02_06.00.00.jpg,2017-07-02T06:00:00Z,2017-07-02 05:59:54Z,6,106008112,d2d3c9053424ce05f4cf60a8f9a7c6d5b33f73270008916f5088bc504096a157,downloaded,
2017/07/02/HMI.m2017.07.02_16.00.00.jpg,2017-07-02T16:00:00Z,2017-07-02 15:59:54Z,6,106007313,522813524032f7fafe449b4e1e727eb14b73b3094651f0a7b093554a61600104,downloaded,
2017/07/02/HMI.m2017.07.02_17.00.00.jpg,2017-07-02T17:00:00Z,2017-07-02 16:59:54Z,6,106007235,33bb6c653d0b3c2d64be000c1399a71b4710f60ceb62b6a79b7fe1fd24a145f0,downloaded,
2017/07/02/HMI.m2017.07.02_18.00.00.jpg,2017-07-02T18:00:00Z,2017-07-02 17:59:54Z,6,106007155,949e790ca9d49ef71833749fa151d29ffed0440b1bca80cefc11d7e1df5865f4,downloaded,
2017/07/02/HMI.m2017.07.02_19.00.00.jpg,2017-07-02T19:00:00Z,2017-07-02 18:59:54Z,6,106007075,14bd0afa365ffe5ccb5ac61844ebf5e0cd9818c4a04f1a710963bdc4510aacef,downloaded,
2017/07/02/HMI.m2017.07.02_20.00.00.jpg,2017-07-02T20:00:00Z,2017-07-02 19:59:54Z,6,106006995,086df806915497701daa39aefaceee09e4f58d0252d74d7e1687faa816aaea1e,downloaded,
2017/07/02/HMI.m2017.07.02_21.00.00.jpg,2017-07-02T21:00:00Z,2017-07-02 20:59:54Z,6,106006915,4616af22cf6c0a01ed6069f6a7917e4b5c9f5bcabdf8045972c1d3ed08eccb0d,downloaded,
2017/07/02/HMI.m2017.07.02_23.00.00.jpg,2017-07-02T23:00:00Z,2017-07-02 22:59:54Z,6,106006755,6dcadd1ae15493e7dff147ad9e0011f726e24b739f170ba8e9812793883ef887,downloaded,
2017/07/03/HMI.m2017.07.03_02.00.00.jpg,2017-07-03T02:00:00Z,2017-07-03 01:59:54Z,6,106012360,f2fd446fcab1cef7783b59e3266f05adc4f23a56e478d5308b6fe5de0aa75c7b,downloaded,
2017/07/03/HMI.m2017.07.03_03.00.00.jpg,2017-07-03T03:00:00Z,2017-07-03 02:59:54Z,6,106012391,2997982b0114c48472c7380fd5406c461a33c208311a9c2b53062767b923186d,downloaded,
2017/07/03/HMI.m2017.07.03_04.00.00.jpg,2017-07-03T04:00:00Z,2017-07-03 03:59:54Z,6,106012110,1db4ef81bbc313448c37053140f4d2c998cbc6cc645e5bddbf4e167cf4a1e69b,downloaded,
2017/07/03/HMI.m2017.07.03_05.00.00.jpg,2017-07-03T05:00:00Z,2017-07-03 04:59:54Z,6,106012030,45daccdd325030edac79fd2cd4281562d9c737995fc6ff7cbf117706f87e98db,downloaded,
2017/07/03/HMI.m2017.07.03_06.00.00.jpg,2017-07-03T06:00:00Z,2017-07-03 05:59:54Z,6,106011950,9665c4bbdcf51d5e241121709d20cb3d9facfc753433acd96cc4d339e5627a57,downloaded,
2017/07/03/HMI.m2017.07.03_07.00.00.jpg,2017-07-03T07:00:00Z,2017-07-03 06:59:54Z,6,106011870,88cc89aaf980b760c86f99e573791c4b01c5230d8c360bd13197174313f86444,downloaded,
2017/07/03/HMI.m2017.07.03_09.00.00.jpg,2017-07-03T09:00:00Z,2017-07-03 08:59:54Z,6,106011710,9d5bba5ea75c7436c8a74044c1bf18d2c72155217b43b974e133e8adaf31da5e,downloaded,
2017/07/03/HMI.m2017.07.03_10.00.00.jpg,2017-07-03T10:00:00Z,2017-07-03 09:59:54Z,6,106011630,66c53f966a84c5925bcfeec0c891a5ce9bc5eeb0c7a563afb02d229fd7475c7a,downloaded,
2017/07/03/HMI.m2017.07.03_11.00.00.jpg,2017-07-03T11:00:00Z,2017-07-03 10:59:54Z,6,106011550,4fb391a487f59c1b2694e6aa024267715e134b8ada6439e449da3c01b9ddaf5b,downloaded,
2017/07/03/HMI.m2017.07.03_12.00.00.jpg,2017-07-03T12:00:00Z,2017-07-03 11:59:54Z,6,106011470,6a4f7a23e4b496949c49985567decd6515b529c7161a2d9322cd02baf330b1c4,downloaded,
2017/07/03/HMI.m2017.07.03_13.00.00.jpg,2017-07-03T13:00:00Z,2017-07-03 12:59:54Z,6,106011390,97a9969bb6b43df8e9a3b7f534bb799e9d773cfbdbfbf8202b9818d41a39ef95,downloaded,
2017/07/03/HMI.m2017.07.03_14.00.00.jpg,2017-07-03T14:00:00Z,2017-07-03 13:59:54Z,6,106011311,e3fdedd33104cedf138c0737d2f25140c67f5e8b818782f2430de51619e39d90,downloaded,
2017/07/03/HMI.m2017.07.03_15.00.00.jpg,2017-07-03T15:00:00Z,2017-07-03 14:59:54Z,6,106011231,ae247ae25a9c36c7c76c1de3bbc834be8e62aef1476d2bf780b284faac78b9f4,downloaded,
2017/07/04/HMI.m2017.07.04_06.00.00.jpg,2017-07-04T06:00:00Z,2017-07-04 05:59:54Z,6,106015784,14f625a2f374bdbd9c1673224c0f04752e941f85e33e5e23a524fc3270ab7697,downloaded,
2017/07/04/HMI.m2017.07.04_15.00.00.jpg,2017-07-04T15:00:00Z,2017-07-04 14:59:54Z,6,106015064,b12ba1d3d9df933d4226efac23e463eb4bec808112457897451ab6f0fd0fb1eb,downloaded,
2017/07/04/HMI.m2017.07.04_22.00.00.jpg,2017-07-04T22:00:00Z,2017-07-04 21:59:54Z,6,106014504,9e16648daa9c5d721697d45ceb6d9e526d42a8b35817c76b49f79783ff601960,downloaded,
2017/07/04/HMI.m2017.07.04_23.00.00.jpg,2017-07-04T23:00:00Z,2017-07-04 22:59:54Z,6,106014424,9ad4626ea2ea8809263fdc6e5a5a0a93fede5dfc49f5d3767b432c096910ce32,downloaded,
2017/07/05/HMI.m2017.07.05_10.00.00.jpg,2017-07-05T10:00:00Z,2017-07-05 09:59:54Z,6,106018382,e4f1fd3677035e9c0e37a5c97fdfe334b07b2aea7bcd7ccd812add59920a6dee,downloaded,
2017/07/05/HMI.m2017.07.05_12.00.00.jpg,2017-07-05T12:00:00Z,2017-07-05 11:59:54Z,6,106018222,eba18a4601cbb72c7ca74df3a8adb29784deb5bc27d30960ec040614bdb9e97b,downloaded,
2017/07/06/HMI.m2017.07.06_05.00.00.jpg,2017-07-06T05:00:00Z,2017-07-06 04:59:54Z,6,106022222,03478463a77358f2263392b7ac876321b40ea808b33bc5a6c2c7130982438e1d,downloaded,
2017/07/07/HMI.m2017.07.07_10.00.00.jpg,2017-07-07T10:00:00Z,2017-07-07 09:59:54Z,6,106025561,ed153164b3c5d527aad37a4dff142584719b0b3184a878e55e24ec62c022499e,downloaded,
2017/07/08/HMI.m2017.07.08_06.00.00.jpg,2017-07-08T06:00:00Z,2017-07-08 05:59:54Z,6,106029175,5c0d21be34c3b1d451812b34031da8a59fc6f45be4314a7732455dfabdfae305,downloaded,
2017/07/08/HMI.m2017.07.08_07.00.00.jpg,2017-07-08T07:00:00Z,2017-07-08 06:59:54Z,6,106029095,837c23ad7464a0737a14f06ba28e1663ea7dabf8dca7cfb2607831d5e926ef6f,downloaded,
2017/07/08/HMI.m2017.07.08_08.00.00.jpg,2017-07-08T08:00:00Z,2017-07-08 07:59:54Z,6,106029015,1ebbff6f46e3b5840cce18866202490f3aebb35f72677b84abe29b30db661a22,downloaded,
2017/07/08/HMI.m2017.07.08_09.00.00.jpg,2017-07-08T09:00:00Z,2017-07-08 08:59:54Z,6,106028935,7a7cde80dab6b25c33f2548636d32b628d3cc857a11fecd8ce48c9efc105419e,downloaded,
2017/07/08/HMI.m2017.07.08_10.00.00.jpg,2017-07-08T10:00:00Z,2017-07-08 09:59:54Z,6,106028855,5a123804cfe2b583b6384525c09435e18d08aa289352bfa692ded663f5558333,downloaded,
2017/07/08/HMI.m2017.07.08_12.00.00.jpg,2017-07-08T12:00:00Z,2017-07-08 11:59:54Z,6,106028695,0f81968bce2ee06497b1c8aa02c3ba606ad3c0a6f08b0fb968ac5b6befcf475c,downloaded,
2017/07/08/HMI.m2017.07.08_13.00.00.jpg,2017-07-08T13:00:00Z,2017-07-08 12:59:54Z,6,106028615,eb8f8d2217039f012a665e766965545430a44fb80db323649969fc9d23945c0e,downloaded,
2017/07/08/HMI.m2017.07.08_14.00.00.jpg,2017-07-08T14:00:00Z,2017-07-08 13:59:54Z,6,106028536,be9577573eed2dacad3f93b61023629e683d253bb1234ce63f1e06bc6e33feb8,downloaded,
2017/07/08/HMI.m2017.07.08_15.00.00.jpg,2017-07-08T15:00:00Z,2017-07-08 14:59:54Z,6,106028456,871ae6e7c05749ba5bdb1184bf0eeffe455dd1ce7e963997e2b9afb0eba1ea48,downloaded,
2017/07/08/HMI.m2017.07.08_17.00.00.jpg,2017-07-08T17:00:00Z,2017-07-08 16:55:24Z,276,106028303,d99d1cc544800d09d647cba82adf91ffd6ab2c97bec3c44f881b6e697734a9ba,downloaded,
2017/07/08/HMI.m2017.07.08_21.00.00.jpg,2017-07-08T21:00:00Z,2017-07-08 20:59:54Z,6,106028297,0acd3d4c47eef1aeb25b245b5e0dbe4f7c37391125cfbce7b07dd79a7ea3ddfd,downloaded,
2017/07/09/HMI.m2017.07.09_00.00.00.jpg,2017-07-09T00:00:00Z,2017-07-08 23:59:54Z,6,106028063,ddc1062b9ccb423d60979df9c5d6216f0ea3b88bc93a6e9ea206b667d0dee8c1,downloaded,
2017/07/09/HMI.m2017.07.09_01.00.00.jpg,2017-07-09T01:00:00Z,2017-07-09 00:59:54Z,6,106033288,f31a0480d03ca825fae94f3c884aae38932586de77910380c4a0ed50953d0a40,downloaded,
2017/07/09/HMI.m2017.07.09_20.00.00.jpg,2017-07-09T20:00:00Z,2017-07-09 19:59:54Z,6,106031782,3ccf626fd4b5422b2e488a474d712e2a8e5e1de2bcfb52725376cfd0b207d312,downloaded,
2017/07/09/HMI.m2017.07.09_23.00.00.jpg,2017-07-09T23:00:00Z,2017-07-09 22:59:54Z,6,106031548,d419561ec3de21960b12ec580707a6eb9a65253f284a0b59f1a8c2838f18f053,downloaded,
2017/07/10/HMI.m2017.07.10_04.00.00.jpg,2017-07-10T04:00:00Z,2017-07-10 03:59:54Z,6,106036893,c66521f9b7c230a9edba1c52a4696bf4cf1014545e936dc072bc0e58942200a9,downloaded,
2017/07/10/HMI.m2017.07.10_09.00.00.jpg,2017-07-10T09:00:00Z,2017-07-10 08:59:54Z,6,106036493,1a14feb0f2456c36a9bc2bbd802418971d27d05e2f5e2c8783df9a0446ced8d5,downloaded,
2017/07/11/HMI.m2017.07.11_23.00.00.jpg,2017-07-11T23:00:00Z,2017-07-11 22:59:54Z,6,106040963,924ce44ebb24441e2e532adaf37516dfeaae967c41fdda72222e2b72083744b4,downloaded,
2017/07/12/HMI.m2017.07.12_04.00.00.jpg,2017-07-12T04:00:00Z,2017-07-12 03:59:54Z,6,106042720,9b6d2732cb36417fc742770d4d3c017a87de8dccccc9eaca44fdc4f6883f4651,downloaded,
2017/07/13/HMI.m2017.07.13_02.00.00.jpg,2017-07-13T02:00:00Z,2017-07-13 01:59:54Z,6,106047774,e5853518b433a029ca3aa461accfc3f855aa150ed101b6e5668587160facd8b0,downloaded,
2017/07/13/HMI.m2017.07.13_04.00.00.jpg,2017-07-13T04:00:00Z,2017-07-13 03:59:54Z,6,106047614,f1f59402f9eee0c639cf1f9962f85df36bc8f479c7dd2dad441388e7b5034612,downloaded,
2017/07/13/HMI.m2017.07.13_05.00.00.jpg,2017-07-13T05:00:00Z,2017-07-13 04:59:54Z,6,106047534,113e1a0520eb607cbce1fa7facd5bc98f2b912efd261c9c2842384521d428744,downloaded,
2017/07/13/HMI.m2017.07.13_06.00.00.jpg,2017-07-13T06:00:00Z,2017-07-13 05:59:54Z,6,106047454,38403b773479b0ccb7d52528f704447c727630d906314d80bb8596a8b477e594,downloaded,
2017/07/13/HMI.m2017.07.13_07.00.00.jpg,2017-07-13T07:00:00Z,2017-07-13 06:59:54Z,6,106047374,ffdea91dafc9d11b0ee35b26fd7ea29da87905c5f49ca856b4d62527ed224e15,downloaded,
2017/07/13/HMI.m2017.07.13_08.00.00.jpg,2017-07-13T08:00:00Z,2017-07-13 07:59:54Z,6,106047294,acb46f953ee67a94ad0b527e203fb2eca9944ec3fd038e45503f04dd23d5c9b6,downloaded,
2017/07/13/HMI.m2017.07.13_09.00.00.jpg,2017-07-13T09:00:00Z,2017-07-13 08:59:54Z,6,106047214,b382ac1d9e52217428bfffd6791642acb8e5f85f4da4044e17f0994b608f974b,downloaded,
2017/07/13/HMI.m2017.07.13_11.00.00.jpg,2017-07-13T11:00:00Z,2017-07-13 10:59:54Z,6,106047055,a69a4bf19a23a10f32096b3e8b5ec8bb82d9bdf433c417f409e8c859265b2818,downloaded,
2017/07/13/HMI.m2017.07.13_13.00.00.jpg,2017-07-13T13:00:00Z,2017-07-13 12:59:54Z,6,106046895,51336ca1de662a8fe993015c63cc779fd7de4b11e9db5691a6302a31bd77681f,downloaded,
2017/07/13/HMI.m2017.07.13_14.00.00.jpg,2017-07-13T14:00:00Z,2017-07-13 13:59:54Z,6,106046816,1da0ca4c064d4c72211bd4be7e3a5a1e396d7b85daa949f2ed37efd649041992,downloaded,
2017/07/13/HMI.m2017.07.13_15.00.00.jpg,2017-07-13T15:00:00Z,2017-07-13 14:59:54Z,6,106046736,8c7c0f2dda43ab8ee4c43b88f9ec533cdbf55a7524e14aaf497104ee5f47ec33,downloaded,
2017/07/13/HMI.m2017.07.13_16.00.00.jpg,2017-07-13T16:00:00Z,2017-07-13 15:59:54Z,6,106046656,2206d718a18b1bb1e0f167172ee9490cb9005d5eae35f104c0c677ff623f004f,downloaded,
2017/07/13/HMI.m2017.07.13_18.00.00.jpg,2017-07-13T18:00:00Z,2017-07-13 17:59:54Z,6,106046497,194174e0d24717f24f825ff5d4b2b0589cc923378be64755d28e91b70e3e51e7,downloaded,
2017/07/13/HMI.m2017.07.13_19.00.00.jpg,2017-07-13T19:00:00Z,2017-07-13 18:59:54Z,6,106046417,7faf901c27988044d59531a1feb40c9ba7594eb888b4b30e334a3859890f5993,downloaded,
2017/07/13/HMI.m2017.07.13_20.00.00.jpg,2017-07-13T20:00:00Z,2017-07-13 19:59:54Z,6,106046347,ef27798eec9645194f49ba858e9cef304cebbf9b3e5ec912a8984d18982a6ac4,downloaded,
2017/07/13/HMI.m2017.07.13_21.00.00.jpg,2017-07-13T21:00:00Z,2017-07-13 20:59:54Z,6,106046267,95f786de4ebb4cdfe286ebe327fcd8029a743aef0cf068e5751a33cf2ca89441,downloaded,
2017/07/13/HMI.m2017.07.13_22.00.00.jpg,2017-07-13T22:00:00Z,2017-07-13 21:59:54Z,6,106046187,becc38111ce57410b6a9043ef509e5d8180d9b7d37bdd7317a6a5f61990787e7,downloaded,
2017/07/13/HMI.m2017.07.13_23.00.00.jpg,2017-07-13T23:00:00Z,2017-07-13 22:59:54Z,6,106046107,d3536cdf7facce08853eb4f703c428349493313be7153ee2275a24f69c6f1a02,downloaded,
2017/07/15/HMI.m2017.07.15_06.00.00.jpg,2017-07-15T06:00:00Z,2017-07-15 05:59:54Z,6,106055126,1420aa6fd9960257cd2f6573a6dd3945bdb53f15b457103958e10ff744306702,downloaded,
2017/07/16/HMI.m2017.07.16_10.00.00.jpg,2017-07-16T10:00:00Z,2017-07-16 09:59:54Z,6,106058317,1a6c7ec7a32ccab510e4e6066ec47e25edc41558fed2aa17b42db4a5cb9988b6,downloaded,
2017/07/16/HMI.m2017.07.16_11.00.00.jpg,2017-07-16T11:00:00Z,2017-07-16 10:59:54Z,6,106058237,e934ff86c16d05c6ab435919ef59e6152fff227c3ae883ead46203edde1505a4,downloaded,
2017/07/16/HMI.m2017.07.16_12.00.00.jpg,2017-07-16T12:00:00Z,2017-07-16 11:59:54Z,6,106058158,31225259f511d6e73724df0b85174636da78e983d6095e94ec2d93fa3a2b4763,downloaded,
2017/07/19/HMI.m2017.07.19_07.00.00.jpg,2017-07-19T07:00:00Z,2017-07-19 06:59:54Z,6,106068981,0cbd85a693af3985c2c42f0f76baff2fa90a28c20691cb65be78a76507cde48c,downloaded,
2017/07/20/HMI.m2017.07.20_16.00.00.jpg,2017-07-20T16:00:00Z,2017-07-20 15:59:54Z,6,106073042,00baf3f45c82064182aaead40951ebbc5776a8840c076d8c50f568055072f84b,downloaded,
2017/07/21/HMI.m2017.07.21_12.00.00.jpg,2017-07-21T12:00:00Z,2017-07-21 11:59:54Z,6,106076223,cdd257db382839b05715986fd7176401010a5297e8d72b23c867448b2734af13,downloaded,
2017/07/24/HMI.m2017.07.24_04.00.00.jpg,2017-07-24T04:00:00Z,2017-07-24 03:59:54Z,6,106088035,51eb91d01767035e3f943ae8659f28f2a9c8b4c581a9d1f28c639f5fa9d71f9d,downloaded,
2017/07/24/HMI.m2017.07.24_23.00.00.jpg,2017-07-24T23:00:00Z,2017-07-24 22:59:53Z,7,106086517,5a10460b032cca169f8b745287cdaab6e1c108aeb1e2045ac98b7353790aea0b,downloaded,
2017/07/27/HMI.m2017.07.27_09.00.00.jpg,2017-07-27T09:00:00Z,2017-07-27 08:59:53Z,7,106098448,e4d07254b976401db280cb336a33d714a955bb0bc98da0e035ecf2bc4911654c,downloaded,
2017/07/28/HMI.m2017.07.28_11.00.00.jpg,2017-07-28T11:00:00Z,2017-07-28 10:59:53Z,7,106102430,1202129b21557cf988514095595f696b06b367b67db68fece1b8b4574029bd68,downloaded,
2017/07/28/HMI.m2017.07.28_13.00.00.jpg,2017-07-28T13:00:00Z,2017-07-28 12:59:53Z,7,106102590,da0d00b8d6c2de9ae9fb70b67abce352e7038db758b9571aaa14b54393c551a3,downloaded,
2017/07/30/HMI.m2017.07.30_10.00.00.jpg,2017-07-30T10:00:00Z,2017-07-30 09:59:53Z,7,106109932,b3c0368f4604fc3b131fe08162e9333fa66d2910a14c1b0fc0f0952366995f30,downloaded,
2017/07/30/HMI.m2017.07.30_12.00.00.jpg,2017-07-30T12:00:00Z,2017-07-30 11:59:53Z,7,106110112,db11d161d6179718dd169888b0307dd2d158fdc7759fd4f859ade823878fd29f,downloaded,
2017/08/02/HMI.m2017.08.02_05.00.00.jpg,2017-08-02T05:00:00Z,2017-08-02 04:59:53Z,7,106120827,3186715c4534715102bdcc80974e325c7db384f827c6c488175acacf259339fa,downloaded,
2017/08/03/HMI.m2017.08.03_05.00.00.jpg,2017-08-03T05:00:00Z,2017-08-03 04:59:53Z,7,106124637,b0ef92b9b6a97874781e773c5fe082ffe9a2686aeb86c7bc999f17bb59693624,downloaded,
2017/08/03/HMI.m2017.08.03_12.00.00.jpg,2017-08-03T12:00:00Z,2017-08-03 11:59:53Z,7,106125195,c313d7fc3ddfa3eb83c014143768093cea8e0759e35034d6cc888f79885ff163,downloaded,
2017/08/04/HMI.m2017.08.04_04.00.00.jpg,2017-08-04T04:00:00Z,2017-08-04 03:59:53Z,7,106128337,e7374905db1bceef1ff4aa6e6c68712f57c1fb146e18a4587984928faafa444a,downloaded,
2017/08/04/HMI.m2017.08.04_14.00.00.jpg,2017-08-04T14:00:00Z,2017-08-04 13:59:53Z,7,106129143,831a8cb727a4dbae0c06db9e4db792bffd656e4400150fdcdc451fd2baf24844,downloaded,
2017/08/06/HMI.m2017.08.06_06.00.00.jpg,2017-08-06T06:00:00Z,2017-08-06 05:59:53Z,7,106135948,5c61ae205572e90f258dc932339144d04bcf30ae144df53ec37c9e688499a67f,downloaded,
2017/08/07/HMI.m2017.08.07_11.00.00.jpg,2017-08-07T11:00:00Z,2017-08-07 10:59:53Z,7,106140097,2ce25e03eb6f5a5ecdd014c10c814871d8b26dbde357972676471b3f507a8f9c,downloaded,
2017/08/07/HMI.m2017.08.07_23.00.00.jpg,2017-08-07T23:00:00Z,2017-08-07 22:59:52Z,8,106141063,9c7e826b75f7dd267374aeb5ef9a75756a4e4f5957a9ea18a319ecfbd843324b,downloaded,
2017/08/08/HMI.m2017.08.08_16.00.00.jpg,2017-08-08T16:00:00Z,2017-08-08 15:59:52Z,8,106144299,8a84a2c3419826bab84c1fa664ac7571a86a0f55d281c1a214c1cd7000a0de6b,downloaded,
2017/08/08/HMI.m2017.08.08_19.00.00.jpg,2017-08-08T19:00:00Z,2017-08-08 18:59:52Z,8,106144548,01432b4715a25a2596dc539bcdafe6045fbecdbbdfb05cbb12989863ec478dd4,downloaded,
2017/08/08/HMI.m2017.08.08_23.00.00.jpg,2017-08-08T23:00:00Z,2017-08-08 22:59:52Z,8,106144857,953d07fe486a0d5106d18f7c2322d5b49dd015a9c2388e32a4b3424d85b1ceac,downloaded,
2017/08/10/HMI.m2017.08.10_03.00.00.jpg,2017-08-10T03:00:00Z,2017-08-09 23:59:52Z,10808,106148216,,skipped_unavailable,Closest HMI observation is 10808s from 2017-08-10T03:00:00Z
2017/08/11/HMI.m2017.08.11_17.00.00.jpg,2017-08-11T17:00:00Z,2017-08-11 16:59:52Z,8,106151763,b1a39c864a42f8059889b5bc34d97ef724b304ee1cd4edf824e4fe63d9e053a9,downloaded,
2017/08/12/HMI.m2017.08.12_09.00.00.jpg,2017-08-12T09:00:00Z,2017-08-12 08:59:52Z,8,106154941,acf185d16a4891e791558933ced09a85384d3e7150084ffc60c9c3dbc1e5d40b,downloaded,
2017/08/12/HMI.m2017.08.12_23.00.00.jpg,2017-08-12T23:00:00Z,2017-08-12 22:59:52Z,8,106155985,7f5582e54311f7fa80992c778b69b2e11790fa6248a82309be377d61920eb188,downloaded,
2017/08/14/HMI.m2017.08.14_12.00.00.jpg,2017-08-14T12:00:00Z,2017-08-13 23:59:52Z,43208,106159973,,skipped_unavailable,Closest HMI observation is 43208s from 2017-08-14T12:00:00Z
2017/08/14/HMI.m2017.08.14_14.00.00.jpg,2017-08-14T14:00:00Z,2017-08-15 00:00:37Z,36037,106161891,,skipped_unavailable,Closest HMI observation is 36037s from 2017-08-14T14:00:00Z
2017/08/16/HMI.m2017.08.16_02.00.00.jpg,2017-08-16T02:00:00Z,2017-08-16 01:59:52Z,8,106165793,a031198208e31fbcfd30d8852c532bacd3b961bdc2b6b24bfff6d27427f8b08e,downloaded,
2017/08/16/HMI.m2017.08.16_05.00.00.jpg,2017-08-16T05:00:00Z,2017-08-16 04:59:52Z,8,106166033,b6bb40fe63f6a6888de4a61783516c1a5bdcc4434c861f87e817d33c781338d9,downloaded,
2017/08/17/HMI.m2017.08.17_10.00.00.jpg,2017-08-17T10:00:00Z,2017-08-17 09:59:52Z,8,106169787,3035ae44adb7d13ddb7f73d4cec6bc5bb7594d7d5fc7d75dac90c5135486d28f,downloaded,
2017/08/18/HMI.m2017.08.18_16.00.00.jpg,2017-08-18T16:00:00Z,2017-08-18 15:59:52Z,8,106173701,91f7acb5713ab152e9d9f8a3e26c1402498747d2108d035d65f660c0a3905058,downloaded,
2017/08/19/HMI.m2017.08.19_02.00.00.jpg,2017-08-19T02:00:00Z,2017-08-19 01:59:52Z,8,106176250,0f1a25580fc4dd10861e8c4c1ae31f3cb6f77fafbd857e3c24015b8d1571991a,downloaded,
2017/08/19/HMI.m2017.08.19_03.00.00.jpg,2017-08-19T03:00:00Z,2017-08-19 02:59:52Z,8,106176327,6c2f2b620ed173ecf974d4718787020f999dfbf05fef488127d8e9573f1408e9,downloaded,
2017/08/19/HMI.m2017.08.19_04.00.00.jpg,2017-08-19T04:00:00Z,2017-08-19 03:59:52Z,8,106176407,62bd528a1e18660e03989f42260f72d5cccd19f9e93b1cc11664d3e675351523,downloaded,
2017/08/19/HMI.m2017.08.19_05.00.00.jpg,2017-08-19T05:00:00Z,2017-08-19 04:59:52Z,8,106176487,1a8eccda28274bf372954b394a79e6097de934f44d38c35df6539183ccdae7d6,downloaded,
2017/08/19/HMI.m2017.08.19_06.00.00.jpg,2017-08-19T06:00:00Z,2017-08-19 05:59:52Z,8,106176567,3db6575edb17f09cf88b70bc4ce46fa5a9de42d7de69ad6fb0f5514256138cc0,downloaded,
2017/08/19/HMI.m2017.08.19_08.00.00.jpg,2017-08-19T08:00:00Z,2017-08-19 07:59:52Z,8,106176644,85a8713f30e8dcedbfe46900ef481278c0dee0c2bbf5dbec55376183aee43d02,downloaded,
2017/08/19/HMI.m2017.08.19_10.00.00.jpg,2017-08-19T10:00:00Z,2017-08-19 09:59:52Z,8,106176792,3f2c022edb92818f407b31d57eed3737b1cc15cc419db77d031c56a4beead2be,downloaded,
2017/08/19/HMI.m2017.08.19_11.00.00.jpg,2017-08-19T11:00:00Z,2017-08-19 10:59:52Z,8,106176864,7215f892794c8025503e24c159e7b09fb9818f6355ff2109b44ff26a88df7e6e,downloaded,
2017/08/19/HMI.m2017.08.19_12.00.00.jpg,2017-08-19T12:00:00Z,2017-08-19 11:59:52Z,8,106176952,0aacbfd0f1ab09ad0bb1f0b9201051935e9761e7a175a87e7667a77ab920a350,downloaded,
2017/08/19/HMI.m2017.08.19_13.00.00.jpg,2017-08-19T13:00:00Z,2017-08-19 12:59:52Z,8,106177032,323d48815bbc2f52d2f1942cc28baf59d9a316f50619b219a63072cd5cce0c6a,downloaded,
2017/08/19/HMI.m2017.08.19_14.00.00.jpg,2017-08-19T14:00:00Z,2017-08-19 13:59:51Z,9,106177111,20dca36a515dac5af1c95c57c89ca59258cc2896f7059492f3997800d0223367,downloaded,
2017/08/19/HMI.m2017.08.19_16.00.00.jpg,2017-08-19T16:00:00Z,2017-08-19 15:59:51Z,9,106177272,cbb844a0ec3ca24de835a8e17052455a0e2d2567a1f88f41b87129345ebd3ebb,downloaded,
2017/08/19/HMI.m2017.08.19_18.00.00.jpg,2017-08-19T18:00:00Z,2017-08-19 17:59:51Z,9,106177432,72e82bae3ba82541eb2be319e43b6d8b751cacddd82b29ae855c97adce10f23e,downloaded,
2017/08/19/HMI.m2017.08.19_19.00.00.jpg,2017-08-19T19:00:00Z,2017-08-19 18:59:51Z,9,106177512,a8f4b2ffd475706f121b22899bfeedfe77acc826a02ee44da44b48d89a14fcea,downloaded,
2017/08/19/HMI.m2017.08.19_20.00.00.jpg,2017-08-19T20:00:00Z,2017-08-19 19:59:51Z,9,106177584,4734248e3e917da1d60c2ccef8ab551b17d24da694c07570f56226d33eb614f8,downloaded,
2017/08/19/HMI.m2017.08.19_21.00.00.jpg,2017-08-19T21:00:00Z,2017-08-19 20:59:51Z,9,106177672,b6f7c1ab4fc0dbfcc7e9edbe1e5fc73cdaf2b37eca735b6ef320d63c2a4c084f,downloaded,
2017/08/19/HMI.m2017.08.19_22.00.00.jpg,2017-08-19T22:00:00Z,2017-08-19 21:59:51Z,9,106177752,85229a18d4a81e8491cb00ed8998ab4b05c4dc909a9e33f493af6a580a0dd1ac,downloaded,
2017/08/19/HMI.m2017.08.19_23.00.00.jpg,2017-08-19T23:00:00Z,2017-08-19 22:59:51Z,9,106177832,a7d3e9e95448adb3c46203c1943884e90a48befc3cb6bf60456603fc8f475dc0,downloaded,
2017/08/20/HMI.m2017.08.20_00.00.00.jpg,2017-08-20T00:00:00Z,2017-08-19 23:59:51Z,9,106177906,1a9fba97c37a6845f25b27402734f33ec407966a8e536c197466e888648acda4,downloaded,
2017/08/20/HMI.m2017.08.20_01.00.00.jpg,2017-08-20T01:00:00Z,2017-08-20 00:59:51Z,9,106179750,cc69f53b0211e569c1d5dfa13488cb051556c596bffc17ff22705e0d32bc32fd,downloaded,
2017/08/20/HMI.m2017.08.20_09.00.00.jpg,2017-08-20T09:00:00Z,2017-08-20 09:00:37Z,37,106180285,6034939d734645ade0edf9999235d2f41877bbe23cc2044491df106d0d9058a6,downloaded,
2017/08/20/HMI.m2017.08.20_11.00.00.jpg,2017-08-20T11:00:00Z,2017-08-20 10:59:52Z,8,106180442,414f489a01779158781d6c12abee488dedf7116af1a9a55d2496c1123ae09326,downloaded,
2017/08/23/HMI.m2017.08.23_23.00.00.jpg,2017-08-23T23:00:00Z,2017-08-23 22:59:51Z,9,106190337,e3ee58a2c68c392c7966d42f002cab77e1b7359a62e869fb97d57bab56b75463,downloaded,
2017/08/24/HMI.m2017.08.24_00.00.00.jpg,2017-08-24T00:00:00Z,2017-08-23 23:59:51Z,9,106190257,97e589a82b19f82036b0a04e9eb1ecd772a9d89c6afffade10139dba37d61920,downloaded,
2017/08/24/HMI.m2017.08.24_04.00.00.jpg,2017-08-24T04:00:00Z,2017-08-24 03:59:51Z,9,106195259,d37c354b0ec6c57801a2c1c8a0c8d8c5e20fd142c2caad87fe88a0b960aadbe6,downloaded,
2017/08/26/HMI.m2017.08.26_18.00.00.jpg,2017-08-26T18:00:00Z,2017-08-26 17:59:51Z,9,106202152,4165e220a86705077e86c66ee682e13473deba7c318d9ad125fe017ba46cf95f,downloaded,
2017/08/27/HMI.m2017.08.27_03.00.00.jpg,2017-08-27T03:00:00Z,2017-08-27 02:59:51Z,9,106204624,7d1250e5c5593fac4c1016756cffe9d8fa313ffab6daa9700e501d0ee819f38c,downloaded,
2017/08/28/HMI.m2017.08.28_01.00.00.jpg,2017-08-28T01:00:00Z,2017-08-28 00:59:51Z,9,106207993,52f1934a87f14e15c00c351fb4064991e50848c8e0c804a2a17875599dbbe5d8,downloaded,
2017/08/31/HMI.m2017.08.31_02.00.00.jpg,2017-08-31T02:00:00Z,2017-08-31 01:59:50Z,10,106215031,2ec8f98e687d80682846a9481c40a036ae9e04f7a03ef7a46d877a8d8617b94e,downloaded,
2017/08/31/HMI.m2017.08.31_10.00.00.jpg,2017-08-31T10:00:00Z,2017-08-31 09:59:50Z,10,106215457,3252a8b92c77bd86b3cb05d63b0a3e979b732344b0770c4897905ed4b3976ebf,downloaded,
2017/08/31/HMI.m2017.08.31_19.00.00.jpg,2017-08-31T19:00:00Z,2017-08-31 18:59:50Z,10,106216177,c3613f0c745b7ea110eca51f2ec8e51ecd93418327f39717cd8cd0ee6b69c1bc,downloaded,
2017/09/01/HMI.m2017.09.01_08.00.00.jpg,2017-09-01T08:00:00Z,2017-09-01 07:59:50Z,10,106218846,4a9bde9e18a842914538799da91f88f1ff9d4985a50c5add0eaa8ca11306b191,downloaded,
2017/09/02/HMI.m2017.09.02_02.00.00.jpg,2017-09-02T02:00:00Z,2017-09-02 01:59:50Z,10,106221893,55fe18f1f7edb3860202ab5c9d11d4b105b7763f62f8caf30e775c42b7d6be14,downloaded,
2017/09/02/HMI.m2017.09.02_05.00.00.jpg,2017-09-02T05:00:00Z,2017-09-02 04:59:50Z,10,106222146,19b6b020183b346b697c4fc0f6a7a3981484cff1b7eb2b71a7ca016b8b1f5809,downloaded,
2017/09/02/HMI.m2017.09.02_19.00.00.jpg,2017-09-02T19:00:00Z,2017-09-02 18:59:50Z,10,106223097,9d474ae9732ef9e039f225cefd35de34f41a857990dbee43c73934b535c50bab,downloaded,
2017/09/03/HMI.m2017.09.03_04.00.00.jpg,2017-09-03T04:00:00Z,2017-09-03 03:59:50Z,10,106225575,3ffd343279a89dd6a25c03d5f3e6a1111b28be370532508d61e0462662565d3e,downloaded,
2017/09/03/HMI.m2017.09.03_06.00.00.jpg,2017-09-03T06:00:00Z,2017-09-03 05:59:50Z,10,106225744,8ec704db32e99d834c0f859ba71c67d852c5987a9b4d75d52d9ac735f48a1f5d,downloaded,
2017/09/03/HMI.m2017.09.03_08.00.00.jpg,2017-09-03T08:00:00Z,2017-09-03 07:59:50Z,10,106225795,4102bf21ebb5a1ec61d11a73d3b50f9be2c3aa5b3003d71d1f7d7fb0b2d7d447,downloaded,
2017/09/03/HMI.m2017.09.03_09.00.00.jpg,2017-09-03T09:00:00Z,2017-09-03 09:00:35Z,35,106225863,69dfae5ef8323385fe99106d89bc000fe5321fa6268506229dd885368bf9bccf,downloaded,
2017/09/03/HMI.m2017.09.03_10.00.00.jpg,2017-09-03T10:00:00Z,2017-09-03 09:59:50Z,10,106225950,e861c9279069e6055a4b5f5440270b2dac2eb4fa88ac2580d742211eeb3dd385,downloaded,
2017/09/03/HMI.m2017.09.03_11.00.00.jpg,2017-09-03T11:00:00Z,2017-09-03 10:59:50Z,10,106226022,cc5eb3d5494bcf8029a7f5f37754200bcf5ad83c07ce9efbcf81bdf71999bab1,downloaded,
2017/09/03/HMI.m2017.09.03_12.00.00.jpg,2017-09-03T12:00:00Z,2017-09-03 11:59:50Z,10,106226101,f6c7bc73efa9539de3a8f822b27e6d04d81b0660e81bfea6921c1dfc5fa8efa8,downloaded,
2017/09/03/HMI.m2017.09.03_13.00.00.jpg,2017-09-03T13:00:00Z,2017-09-03 12:59:50Z,10,106226205,661926e57860e1906e221b6910e04a9fc3ecf2bfff7f69131bf6eb224bc6669a,downloaded,
2017/09/03/HMI.m2017.09.03_14.00.00.jpg,2017-09-03T14:00:00Z,2017-09-03 13:59:50Z,10,106226260,1cc51e5ca1be814ba910cdca1b60d2ba854b9437a6016cab9c5914c49490c226,downloaded,
2017/09/03/HMI.m2017.09.03_19.00.00.jpg,2017-09-03T19:00:00Z,2017-09-03 18:59:50Z,10,106226661,969ea2cf17e126639483470d9bfaf3dd52f10c826b4c2705116d4a4bd041b149,downloaded,
2017/09/03/HMI.m2017.09.03_20.00.00.jpg,2017-09-03T20:00:00Z,2017-09-03 19:59:50Z,10,106226741,30fe5b997d0ed0e3192bf1764cc86b31fe7d9f75a1252fafce9722d58ffd915e,downloaded,
2017/09/03/HMI.m2017.09.03_21.00.00.jpg,2017-09-03T21:00:00Z,2017-09-03 20:59:50Z,10,106226844,1521c10266ae3c9cf5e56137ff8fd28f5d12e9aea58908c98cee7b166706f516,downloaded,
2017/09/04/HMI.m2017.09.04_00.00.00.jpg,2017-09-04T00:00:00Z,2017-09-03 23:59:50Z,10,106227055,8f8b13d952dca134fd49219fb05b684f28605e9fa6bf700910a5d267849448c7,downloaded,
2017/09/04/HMI.m2017.09.04_01.00.00.jpg,2017-09-04T01:00:00Z,2017-09-04 00:59:50Z,10,106228908,8ec88f37a6977ac2fe9651b6f90940fceeaea48368a2c1da9ca9b13a4334c071,downloaded,
2017/09/04/HMI.m2017.09.04_02.00.00.jpg,2017-09-04T02:00:00Z,2017-09-04 01:59:50Z,10,106228980,65e2b0d79cf6caa7d4ba526fefc1f0c8c4c0d853ca3644cc0c69f8c562fafa60,downloaded,
2017/09/04/HMI.m2017.09.04_03.00.00.jpg,2017-09-04T03:00:00Z,2017-09-04 02:59:50Z,10,106229063,4ea4b391a647b78789096e0c4355c36f20d8027a5f1cde15215bc0ec5d6074d8,downloaded,
2017/09/04/HMI.m2017.09.04_05.00.00.jpg,2017-09-04T05:00:00Z,2017-09-04 04:59:50Z,10,106229212,0095036ef537607ec45c130261825b70ef8e7d689311f4c4fb4a885ccb0b0142,downloaded,
2017/09/04/HMI.m2017.09.04_06.00.00.jpg,2017-09-04T06:00:00Z,2017-09-04 05:59:50Z,10,106229305,9c36bb61b6dd005dce7c994c37524c20b9a8d81e62596a59e4907ec2b16d3512,downloaded,
2017/09/04/HMI.m2017.09.04_08.00.00.jpg,2017-09-04T08:00:00Z,2017-09-04 07:59:50Z,10,106229352,75a6cf09dd1ef64b42c8b4f960088b255c50ca11d5a02def5056e2eb18f3077a,downloaded,
2017/09/04/HMI.m2017.09.04_09.00.00.jpg,2017-09-04T09:00:00Z,2017-09-04 09:00:35Z,35,106229434,64bcdc32458c232808afa53985aee605acd4d8268fec23c4e0f12951ed63ce85,downloaded,
2017/09/04/HMI.m2017.09.04_10.00.00.jpg,2017-09-04T10:00:00Z,2017-09-04 09:59:50Z,10,106229509,0e5fe10b2e25daf1b6429ec1bbfe82e77dbb2ef3755615a73dccf44a35854f36,downloaded,
2017/09/04/HMI.m2017.09.04_11.00.00.jpg,2017-09-04T11:00:00Z,2017-09-04 10:59:50Z,10,106229593,57c9929972dc8d8d327647427a4ed75bd04e6c8fa88eecf24fe8343de6b4019d,downloaded,
2017/09/04/HMI.m2017.09.04_12.00.00.jpg,2017-09-04T12:00:00Z,2017-09-04 11:59:50Z,10,106229662,e0ec8627ecd9141cd760b7f195a6741ca69c45febb098c366b2a5f8c931c490f,downloaded,
2017/09/04/HMI.m2017.09.04_13.00.00.jpg,2017-09-04T13:00:00Z,2017-09-04 12:59:50Z,10,106229768,5cf3d9e5a9774b959c3f296d9832121e383b2f83ad683a66a867ec09a4d0d4ad,downloaded,
2017/09/04/HMI.m2017.09.04_14.00.00.jpg,2017-09-04T14:00:00Z,2017-09-04 13:59:50Z,10,106229839,acf4c7a6bd2f7d3dc37ba06bc089a742ded26dce0cfdb512b53c8fb462782d00,downloaded,
2017/09/04/HMI.m2017.09.04_15.00.00.jpg,2017-09-04T15:00:00Z,2017-09-04 14:59:50Z,10,106229905,b8bb2f3ed0a7446fb932f4918e4ea49e33a8b3e21c10c9c15b66db4838f2f509,downloaded,
2017/09/04/HMI.m2017.09.04_16.00.00.jpg,2017-09-04T16:00:00Z,2017-09-04 15:59:50Z,10,106229990,a4aff8bb2bf844ea1a09ac3b73a4c632f7e2bae53592afca3eb5328425707225,downloaded,
2017/09/04/HMI.m2017.09.04_17.00.00.jpg,2017-09-04T17:00:00Z,2017-09-04 16:52:20Z,460,106230084,12998daa2359b35f041e03f8d3bc5638f1cce86c079b1dd7168ae1dd6e9d14d9,downloaded,
2017/09/04/HMI.m2017.09.04_19.00.00.jpg,2017-09-04T19:00:00Z,2017-09-04 18:59:50Z,10,106230197,622bea7ff8665c7b7fdc43babc2e799c369efbcd1599088de233beacfbafe63f,downloaded,
2017/09/04/HMI.m2017.09.04_20.00.00.jpg,2017-09-04T20:00:00Z,2017-09-04 19:59:50Z,10,106230283,4073007729b4a828f3b9c093e96b85c6c6eff763958a68970b60699374b6f358,downloaded,
2017/09/04/HMI.m2017.09.04_22.00.00.jpg,2017-09-04T22:00:00Z,2017-09-04 21:59:50Z,10,106230439,d34390a3c75ba43624fd967bd61593282bd6f8e89437ee80d6ab72c2630716d2,downloaded,
2017/09/04/HMI.m2017.09.04_23.00.00.jpg,2017-09-04T23:00:00Z,2017-09-04 22:59:50Z,10,106230523,bdca1eec97e7ee6db7a9ef0e41c18faaba0bbf2254bc4305437b01faaff4d666,downloaded,
2017/09/05/HMI.m2017.09.05_00.00.00.jpg,2017-09-05T00:00:00Z,2017-09-04 23:59:50Z,10,106230593,0e1aa2ae22566e3c15f39caf0a2f4cd6cbb8e1b17e4f2d05358b36baea80800b,downloaded,
2017/09/05/HMI.m2017.09.05_01.00.00.jpg,2017-09-05T01:00:00Z,2017-09-04 23:59:50Z,3610,106230593,,skipped_unavailable,Closest HMI observation is 3610s from 2017-09-05T01:00:00Z
2017/09/05/HMI.m2017.09.05_03.00.00.jpg,2017-09-05T03:00:00Z,2017-09-04 23:59:50Z,10810,106230593,,skipped_unavailable,Closest HMI observation is 10810s from 2017-09-05T03:00:00Z
2017/09/05/HMI.m2017.09.05_05.00.00.jpg,2017-09-05T05:00:00Z,2017-09-04 23:59:50Z,18010,106230593,,skipped_unavailable,Closest HMI observation is 18010s from 2017-09-05T05:00:00Z
2017/09/05/HMI.m2017.09.05_06.00.00.jpg,2017-09-05T06:00:00Z,2017-09-04 23:59:50Z,21610,106230593,,skipped_unavailable,Closest HMI observation is 21610s from 2017-09-05T06:00:00Z
2017/09/05/HMI.m2017.09.05_08.00.00.jpg,2017-09-05T08:00:00Z,2017-09-04 23:59:50Z,28810,106230593,,skipped_unavailable,Closest HMI observation is 28810s from 2017-09-05T08:00:00Z
2017/09/05/HMI.m2017.09.05_09.00.00.jpg,2017-09-05T09:00:00Z,2017-09-04 23:59:50Z,32410,106230593,,skipped_unavailable,Closest HMI observation is 32410s from 2017-09-05T09:00:00Z
2017/09/05/HMI.m2017.09.05_10.00.00.jpg,2017-09-05T10:00:00Z,2017-09-04 23:59:50Z,36010,106230593,,skipped_unavailable,Closest HMI observation is 36010s from 2017-09-05T10:00:00Z
2017/09/05/HMI.m2017.09.05_12.00.00.jpg,2017-09-05T12:00:00Z,2017-09-04 23:59:50Z,43210,106230593,,skipped_unavailable,Closest HMI observation is 43210s from 2017-09-05T12:00:00Z
2017/09/05/HMI.m2017.09.05_13.00.00.jpg,2017-09-05T13:00:00Z,2017-09-06 00:00:35Z,39635,106232357,,skipped_unavailable,Closest HMI observation is 39635s from 2017-09-05T13:00:00Z
2017/09/05/HMI.m2017.09.05_14.00.00.jpg,2017-09-05T14:00:00Z,2017-09-06 00:00:35Z,36035,106232357,,skipped_unavailable,Closest HMI observation is 36035s from 2017-09-05T14:00:00Z
2017/09/05/HMI.m2017.09.05_16.00.00.jpg,2017-09-05T16:00:00Z,2017-09-06 00:00:35Z,28835,106232357,,skipped_unavailable,Closest HMI observation is 28835s from 2017-09-05T16:00:00Z
2017/09/05/HMI.m2017.09.05_17.00.00.jpg,2017-09-05T17:00:00Z,2017-09-06 00:00:35Z,25235,106232357,,skipped_unavailable,Closest HMI observation is 25235s from 2017-09-05T17:00:00Z
2017/09/05/HMI.m2017.09.05_18.00.00.jpg,2017-09-05T18:00:00Z,2017-09-06 00:00:35Z,21635,106232357,,skipped_unavailable,Closest HMI observation is 21635s from 2017-09-05T18:00:00Z
2017/09/05/HMI.m2017.09.05_19.00.00.jpg,2017-09-05T19:00:00Z,2017-09-06 00:00:35Z,18035,106232357,,skipped_unavailable,Closest HMI observation is 18035s from 2017-09-05T19:00:00Z
2017/09/05/HMI.m2017.09.05_21.00.00.jpg,2017-09-05T21:00:00Z,2017-09-06 00:00:35Z,10835,106232357,,skipped_unavailable,Closest HMI observation is 10835s from 2017-09-05T21:00:00Z
2017/09/05/HMI.m2017.09.05_22.00.00.jpg,2017-09-05T22:00:00Z,2017-09-06 00:00:35Z,7235,106232357,,skipped_unavailable,Closest HMI observation is 7235s from 2017-09-05T22:00:00Z
2017/09/06/HMI.m2017.09.06_00.00.00.jpg,2017-09-06T00:00:00Z,2017-09-06 00:00:35Z,35,106232357,b6c118aa7265e101ecb7cac239d861bff6d6c2faebf91469f048c5e303cb286f,downloaded,
2017/09/06/HMI.m2017.09.06_01.00.00.jpg,2017-09-06T01:00:00Z,2017-09-06 00:59:50Z,10,106232428,a4c42c9763f8589e76ae3fac575dabc44cc38db5340e8b2562ce856f0241be4a,downloaded,
2017/09/06/HMI.m2017.09.06_02.00.00.jpg,2017-09-06T02:00:00Z,2017-09-06 01:59:50Z,10,106232498,a2afc7c29ac2ae76610d4b12fb79af749720d6f2916cf3f88c6a3e96cc7ddbc6,downloaded,
2017/09/06/HMI.m2017.09.06_06.00.00.jpg,2017-09-06T06:00:00Z,2017-09-06 05:59:50Z,10,106232837,e9998fe4bedf0fd53a711b2aa364ce1490c5113649a803963b67272885cedbf8,downloaded,
2017/09/06/HMI.m2017.09.06_09.00.00.jpg,2017-09-06T09:00:00Z,2017-09-06 09:00:35Z,35,106232997,0140b6f448febd39a06599c42e8371b6e64be7d10e6da832ccd5753aab783d56,downloaded,
2017/09/06/HMI.m2017.09.06_11.00.00.jpg,2017-09-06T11:00:00Z,2017-09-06 10:59:50Z,10,106233133,097ae9367a56c180eba77989a646dcf2903891a5060f5a08ca0bef61ee35f040,downloaded,
2017/09/06/HMI.m2017.09.06_14.00.00.jpg,2017-09-06T14:00:00Z,2017-09-06 13:59:49Z,11,106233372,8778905c0bcc97f22da51e368cf5a9321216bab2d21943200b1c11effdc317c9,downloaded,
2017/09/06/HMI.m2017.09.06_15.00.00.jpg,2017-09-06T15:00:00Z,2017-09-06 14:59:49Z,11,106233455,df9918eecc73e4902cad61c5939f12db7a0cd58f7e7ee4566d39e5ab43a3df7b,downloaded,
2017/09/06/HMI.m2017.09.06_16.00.00.jpg,2017-09-06T16:00:00Z,2017-09-06 15:59:49Z,11,106233541,6a9bc98fabb0aff5a61b29211a66a5f48a8567de64627f6b12b0486120cc45e4,downloaded,
2017/09/06/HMI.m2017.09.06_17.00.00.jpg,2017-09-06T17:00:00Z,2017-09-06 17:03:34Z,214,106233558,400faa4b63cb00c789f51d2720361a37477300aa0a316d1403237a5e87d76da0,downloaded,
2017/09/06/HMI.m2017.09.06_18.00.00.jpg,2017-09-06T18:00:00Z,2017-09-06 17:59:49Z,11,106233646,85003a97e5fec39aa630aa0d80eb1fd01aca31aa7ff8a5f7b7df33a759120502,downloaded,
2017/09/06/HMI.m2017.09.06_19.00.00.jpg,2017-09-06T19:00:00Z,2017-09-06 18:59:49Z,11,106233726,6a8a5e4e4e64164459791209dde0deedc7881a97823dfc6acdab1a0b422f7e0c,downloaded,
2017/09/06/HMI.m2017.09.06_20.00.00.jpg,2017-09-06T20:00:00Z,2017-09-06 19:59:49Z,11,106233789,9174dbe3e55049f2d85a8798d721b2ddb97dc80a8048128a1a7d8abddc67ec8b,downloaded,
2017/09/06/HMI.m2017.09.06_21.00.00.jpg,2017-09-06T21:00:00Z,2017-09-06 20:59:49Z,11,106233868,5e619d930e8162e35bf6ea0e0f61355cbde5772000f0cdea4638f2e25411eb50,downloaded,
2017/09/07/HMI.m2017.09.07_00.00.00.jpg,2017-09-07T00:00:00Z,2017-09-06 23:59:49Z,11,106234105,0fc63a482ff43a1d5845d4f41311e93dd1621fc4d9bc2fcd1b14d5c8d508871f,downloaded,
2017/09/07/HMI.m2017.09.07_02.00.00.jpg,2017-09-07T02:00:00Z,2017-09-07 01:59:49Z,11,106236067,5ed9464ca0d9cc79216003a88a9753b5c662580536ea776f4ed0ec24d55a087c,downloaded,
2017/09/07/HMI.m2017.09.07_03.00.00.jpg,2017-09-07T03:00:00Z,2017-09-07 02:59:49Z,11,106236139,fa03d0889e5f780a266040ac8ee02f4f324d8631b311f93dbecd385299521559,downloaded,
2017/09/07/HMI.m2017.09.07_04.00.00.jpg,2017-09-07T04:00:00Z,2017-09-07 03:59:49Z,11,106236227,b8536b6662ceca71f3938262828b68c256850e134b50fd377b237dece25103eb,downloaded,
2017/09/07/HMI.m2017.09.07_05.00.00.jpg,2017-09-07T05:00:00Z,2017-09-07 04:59:50Z,10,106236312,96861fb4ea576acf9035e0c16beb9364624af860fc44bca17f22b9bb45e9fddb,downloaded,
2017/09/07/HMI.m2017.09.07_06.00.00.jpg,2017-09-07T06:00:00Z,2017-09-07 05:59:50Z,10,106236384,b8fa9ba9978786545b070f9008ea692eab68b5ee5680c530b603b6013bc8a4ec,downloaded,
2017/09/07/HMI.m2017.09.07_08.00.00.jpg,2017-09-07T08:00:00Z,2017-09-07 07:59:50Z,10,106236467,61c89e3175e39d7b7c78640be6ff9ff19e4c96572daa18daab42bad4050c5455,downloaded,
2017/09/07/HMI.m2017.09.07_09.00.00.jpg,2017-09-07T09:00:00Z,2017-09-07 09:00:34Z,34,106236543,177a7dd528cdf98bb81fca136018a4e9d5560c3cc791e2a067fe0cd3344c7ae5,downloaded,
2017/09/07/HMI.m2017.09.07_10.00.00.jpg,2017-09-07T10:00:00Z,2017-09-07 09:59:49Z,11,106236629,4c71cfe9b1f08a83448a58aa62f002e0b95fb2958cbe0623ed2cdc484aaa1094,downloaded,
2017/09/07/HMI.m2017.09.07_11.00.00.jpg,2017-09-07T11:00:00Z,2017-09-07 10:59:49Z,11,106236702,8a1667111ce14e59fdc499092bed374757772219ee03f610f1a3ba3557d1b7b3,downloaded,
2017/09/07/HMI.m2017.09.07_14.00.00.jpg,2017-09-07T14:00:00Z,2017-09-07 13:59:49Z,11,106236946,fdf6f5739595e02ab4bc90f98c739ce9e4a4e61e52d095e5f7aec18058de8da0,downloaded,
2017/09/07/HMI.m2017.09.07_15.00.00.jpg,2017-09-07T15:00:00Z,2017-09-07 14:59:49Z,11,106237022,7ec3880325931fa9e4f4be6746ea081716acd193eaca08b9df41310cf126b454,downloaded,
2017/09/07/HMI.m2017.09.07_18.00.00.jpg,2017-09-07T18:00:00Z,2017-09-07 17:59:49Z,11,106237262,de50c62d3b3061e7c76888cf471f01683bd1b05e4f77936b47f8b03fff9dfff1,downloaded,
2017/09/07/HMI.m2017.09.07_20.00.00.jpg,2017-09-07T20:00:00Z,2017-09-07 19:59:49Z,11,106237424,c2781f3b7f6e42953a448c23986e07801c954a2e4e10b1d11fbc25ee9b269c0e,downloaded,
2017/09/07/HMI.m2017.09.07_21.00.00.jpg,2017-09-07T21:00:00Z,2017-09-07 20:59:49Z,11,106237507,2d41d1f21609a80a685746b0535eac0b4e0be9aea1752e127c822c0897559253,downloaded,
2017/09/07/HMI.m2017.09.07_22.00.00.jpg,2017-09-07T22:00:00Z,2017-09-07 21:59:49Z,11,106237582,e73ce7810299a19e43b10d01d71359398bda68e7e885557d5e11f765dd83916c,downloaded,
2017/09/07/HMI.m2017.09.07_23.00.00.jpg,2017-09-07T23:00:00Z,2017-09-07 22:59:49Z,11,106237662,066f9d185632264987b71eced021823356aa3da28b5cdb793e00a7f4c8f81bd2,downloaded,
2017/09/08/HMI.m2017.09.08_00.00.00.jpg,2017-09-08T00:00:00Z,2017-09-07 23:59:49Z,11,106237742,2659059b579223da90918d1ff8f232ab914f40f8ad916a0feb920aee36056685,downloaded,
2017/09/08/HMI.m2017.09.08_01.00.00.jpg,2017-09-08T01:00:00Z,2017-09-08 00:59:49Z,11,106239625,83b8a27c802d3da059e55ce0f5f10c98eea3891b16ebfc9923e14baf3cae5adb,downloaded,
2017/09/08/HMI.m2017.09.08_02.00.00.jpg,2017-09-08T02:00:00Z,2017-09-08 01:59:49Z,11,106239695,a9a7bd2ae59daeefcd015c773aef86d8513f51d468873d65942ff28b0795dd6a,downloaded,
2017/09/08/HMI.m2017.09.08_03.00.00.jpg,2017-09-08T03:00:00Z,2017-09-08 02:59:49Z,11,106239788,c56575cc971ff8dc3e8fc2e09f05a903b554176a3246f9a7747bbc3adeb57b57,downloaded,
2017/09/08/HMI.m2017.09.08_04.00.00.jpg,2017-09-08T04:00:00Z,2017-09-08 03:59:49Z,11,106239870,4ae33c308a4909841084b1060f0ed2c4005c1d9812eb9699977b8e6f07a35ee4,downloaded,
2017/09/08/HMI.m2017.09.08_05.00.00.jpg,2017-09-08T05:00:00Z,2017-09-08 05:03:34Z,214,106239944,f708bdf2e7d5c6d0a10b21e52fa4839db230154072d4c4b1309a0a5a45b81f5f,downloaded,
2017/09/08/HMI.m2017.09.08_06.00.00.jpg,2017-09-08T06:00:00Z,2017-09-08 05:59:49Z,11,106240007,72be2b8572ff5f0582bff28deb55be3e304798816cc2dd06dd5119f9a48de01b,downloaded,
2017/09/08/HMI.m2017.09.08_08.00.00.jpg,2017-09-08T08:00:00Z,2017-09-08 07:59:49Z,11,106240112,663891ae5e01e6f93ce64d9b67078d70458563649a5ceccda1a6f8fd41b6fbf1,downloaded,
2017/09/08/HMI.m2017.09.08_10.00.00.jpg,2017-09-08T10:00:00Z,2017-09-08 09:59:49Z,11,106240253,7e6dd054a122f66ea58fc7e07b3a626f6f7537c143a781a5fbe83cce9100cb7c,downloaded,
2017/09/08/HMI.m2017.09.08_11.00.00.jpg,2017-09-08T11:00:00Z,2017-09-08 10:59:49Z,11,106240332,dc09cad96fc2401ef0cacc00e4b5933053314a2976df062c7a80875abce05b37,downloaded,
2017/09/08/HMI.m2017.09.08_13.00.00.jpg,2017-09-08T13:00:00Z,2017-09-08 12:59:49Z,11,106240487,9b5e18be97f2ae0c29d4b7352e9b414f0237403dbad835fdbe509f3173fdc250,downloaded,
2017/09/08/HMI.m2017.09.08_14.00.00.jpg,2017-09-08T14:00:00Z,2017-09-08 13:59:49Z,11,106240605,db8dd680ec76e2223f58ae25838d504192701f73b7c9e82c080706bf591fd6d2,downloaded,
2017/09/08/HMI.m2017.09.08_16.00.00.jpg,2017-09-08T16:00:00Z,2017-09-08 15:59:49Z,11,106240746,e951a3a72a55303adb1bf49df13b9871917eb0a28039e4345857d2f288e2705a,downloaded,
2017/09/08/HMI.m2017.09.08_17.00.00.jpg,2017-09-08T17:00:00Z,2017-09-08 16:59:49Z,11,106240836,cdf8380aa1ef2925771b6cf13ade2c8ec42c275cef237059a88fe8ba17d3dd7b,downloaded,
2017/09/08/HMI.m2017.09.08_19.00.00.jpg,2017-09-08T19:00:00Z,2017-09-08 18:59:49Z,11,106240981,f27a7b7f2e75b85bf30073f2405afb45d7a891f67bf3e51a4484e4ac7766504e,downloaded,
2017/09/08/HMI.m2017.09.08_20.00.00.jpg,2017-09-08T20:00:00Z,2017-09-08 19:59:49Z,11,106241061,4eec711f74d6a5fc30f941b416ba0d4958725b4319fef23fa90a5a74a65ea2bc,downloaded,
2017/09/08/HMI.m2017.09.08_22.00.00.jpg,2017-09-08T22:00:00Z,2017-09-08 21:59:49Z,11,106241221,5550cc2c1b8d25cd2fac870d7ed328ec65682a0fab55369e0f2fa2cf96491c0b,downloaded,
2017/09/08/HMI.m2017.09.08_23.00.00.jpg,2017-09-08T23:00:00Z,2017-09-08 22:59:49Z,11,106241301,4382c6970ec7061d86700658ef225c32f5f6119de81abbd3666d1be619a3405e,downloaded,
2017/09/09/HMI.m2017.09.09_00.00.00.jpg,2017-09-09T00:00:00Z,2017-09-08 23:59:49Z,11,106241375,8109eff642f21a49073a40f6b11bd0e225a6773197c74765e09b602daab47ff6,downloaded,
2017/09/09/HMI.m2017.09.09_01.00.00.jpg,2017-09-09T01:00:00Z,2017-09-09 00:59:49Z,11,106243350,e1d176a7d4a1fb8b87cf600c2189247d018d62272ba36dfb611b7b041984c749,downloaded,
2017/09/09/HMI.m2017.09.09_02.00.00.jpg,2017-09-09T02:00:00Z,2017-09-09 01:59:49Z,11,106243430,73f0ec404d68cb7db3b729e4802c32e395fac8ab0fe4ba4b6cfa640175b313d5,downloaded,
2017/09/09/HMI.m2017.09.09_04.00.00.jpg,2017-09-09T04:00:00Z,2017-09-09 03:59:49Z,11,106243600,a59ce8845f95a586e93097ff932d15b988aa2d5e82f10d65a2ba8ee40b36703a,downloaded,
2017/09/09/HMI.m2017.09.09_05.00.00.jpg,2017-09-09T05:00:00Z,2017-09-09 04:59:49Z,11,106243620,4e87662e9702c7496926ac018c1fcd71a07cc3821f0a78d7fed3ae20206c2138,downloaded,
2017/09/09/HMI.m2017.09.09_06.00.00.jpg,2017-09-09T06:00:00Z,2017-09-09 05:59:49Z,11,106243711,8717ed0f595853c2d65740291688e73f303fe218a8b4dc80cc87982c45d0fc9e,downloaded,
2017/09/09/HMI.m2017.09.09_07.00.00.jpg,2017-09-09T07:00:00Z,2017-09-09 06:59:49Z,11,106243779,915dbe72d78a18b1346736b32352adf36618649b2d4fdc39b1dda06c44f461f0,downloaded,
2017/09/09/HMI.m2017.09.09_08.00.00.jpg,2017-09-09T08:00:00Z,2017-09-09 07:59:49Z,11,106243843,0f1ec7acf93cc406fd99b420f4d2cf6f344dd25aa3fcd421cf5705b38bdda37e,downloaded,
2017/09/09/HMI.m2017.09.09_09.00.00.jpg,2017-09-09T09:00:00Z,2017-09-09 08:59:49Z,11,106243927,729f66aa1e0fd467819136ee89bafaba92ec98473dd6cf8812db99fb37c7de33,downloaded,
2017/09/09/HMI.m2017.09.09_10.00.00.jpg,2017-09-09T10:00:00Z,2017-09-09 09:59:49Z,11,106244010,480a65abe9b8aefd9d061eda421f3e96ed1713840e77ba9486c995d6e0b16160,downloaded,
2017/09/09/HMI.m2017.09.09_11.00.00.jpg,2017-09-09T11:00:00Z,2017-09-09 10:59:49Z,11,106244091,1fac60d402eba44d656c7cf1e94e2e66b7dc4dbb7fa7c5c554ff851ec6af0b90,downloaded,
2017/09/09/HMI.m2017.09.09_13.00.00.jpg,2017-09-09T13:00:00Z,2017-09-09 12:59:49Z,11,106244251,e50b00e443d7fe044ce6891b181b9c6788bca7343c1a9f936c726dd1cba8e7e7,downloaded,
2017/09/09/HMI.m2017.09.09_14.00.00.jpg,2017-09-09T14:00:00Z,2017-09-09 13:59:49Z,11,106244331,62ddb72d7ffad7118ef219e534f281c44e5166b332bc42fb75ca2ce26f82cb39,downloaded,
2017/09/09/HMI.m2017.09.09_15.00.00.jpg,2017-09-09T15:00:00Z,2017-09-09 14:59:49Z,11,106244410,4cf0dd2885caeb7a31dfdd073d570da7109d82c058a76cc2a4f89bd8daa9521b,downloaded,
2017/09/09/HMI.m2017.09.09_16.00.00.jpg,2017-09-09T16:00:00Z,2017-09-09 15:59:49Z,11,106244491,c678bb49548c7751c9346886dd1635e92a6f4f8444e9203dd619c3cd7d59b4b1,downloaded,
2017/09/09/HMI.m2017.09.09_17.00.00.jpg,2017-09-09T17:00:00Z,2017-09-09 16:59:49Z,11,106244571,86919e6f351554a8429b04c46bf44acd76c6f1f30471357caba2d4ce2b089829,downloaded,
2017/09/09/HMI.m2017.09.09_18.00.00.jpg,2017-09-09T18:00:00Z,2017-09-09 17:59:49Z,11,106244661,14d23893c1fba2ce622939a310e52dcc22df4a51b839c17fa6f9044e78009476,downloaded,
2017/09/09/HMI.m2017.09.09_21.00.00.jpg,2017-09-09T21:00:00Z,2017-09-09 20:59:49Z,11,106244891,892bd5598091591b0c79b330c31195855179b3a72b883ee0e9e2e53fe5203403,downloaded,
2017/09/09/HMI.m2017.09.09_22.00.00.jpg,2017-09-09T22:00:00Z,2017-09-09 21:59:49Z,11,106244971,9d9e1dc200efc0ce3ce4afb1a32c92a3b8a598232a37e1b85da27f3aec1f2760,downloaded,
2017/09/10/HMI.m2017.09.10_00.00.00.jpg,2017-09-10T00:00:00Z,2017-09-09 23:59:49Z,11,106245125,a1e0307f1b5d244268ddeec63defef75fc8e43d33b3b6e3a589987da0b080013,downloaded,
2017/09/10/HMI.m2017.09.10_01.00.00.jpg,2017-09-10T01:00:00Z,2017-09-10 00:59:49Z,11,106247072,cc1cd5400bdbe739f84cad57bd4fd5f948c69e6ddd0b810b37aad2ead10cc84c,downloaded,
2017/09/10/HMI.m2017.09.10_02.00.00.jpg,2017-09-10T02:00:00Z,2017-09-10 01:59:49Z,11,106247124,a0b4873ef90c2e8dc04b50d68aafef3e433849b44131a11d00565b1f47a2e086,downloaded,
